-- phpMyAdmin SQL Dump
-- version 4.0.10deb1
-- http://www.phpmyadmin.net
--
-- Host: localhost
-- Generation Time: Aug 08, 2017 at 07:08 PM
-- Server version: 5.5.52-0ubuntu0.14.04.1-log
-- PHP Version: 5.5.9-1ubuntu4.20

SET SQL_MODE = "NO_AUTO_VALUE_ON_ZERO";
SET time_zone = "+00:00";


/*!40101 SET @OLD_CHARACTER_SET_CLIENT=@@CHARACTER_SET_CLIENT */;
/*!40101 SET @OLD_CHARACTER_SET_RESULTS=@@CHARACTER_SET_RESULTS */;
/*!40101 SET @OLD_COLLATION_CONNECTION=@@COLLATION_CONNECTION */;
/*!40101 SET NAMES utf8 */;

--
-- Database: `jianghu`
--

-- --------------------------------------------------------

--
-- Table structure for table `jianghu_admin`
--

CREATE TABLE IF NOT EXISTS `jianghu_admin` (
  `id` int(10) unsigned NOT NULL AUTO_INCREMENT,
  `name` varchar(20) NOT NULL,
  `email` varchar(30) NOT NULL DEFAULT '""',
  `password` varchar(50) NOT NULL,
  PRIMARY KEY (`id`)
) ENGINE=InnoDB  DEFAULT CHARSET=utf8 COMMENT='管理员表' AUTO_INCREMENT=5 ;

--
-- Dumping data for table `jianghu_admin`
--

INSERT INTO `jianghu_admin` (`id`, `name`, `email`, `password`) VALUES
(1, 'superadmin', '123', '123456'),
(2, 'Kingkun', '930314850@qq.com', '123456'),
(3, 'admin2', '', '123456'),
(4, 'admin3', '', '123456');

-- --------------------------------------------------------

--
-- Table structure for table `jianghu_admin_token`
--

CREATE TABLE IF NOT EXISTS `jianghu_admin_token` (
  `id` mediumint(8) unsigned NOT NULL AUTO_INCREMENT,
  `token` varchar(100) NOT NULL,
  `name` varchar(50) NOT NULL,
  `time` datetime NOT NULL,
  `state` tinyint(4) NOT NULL,
  PRIMARY KEY (`id`)
) ENGINE=InnoDB  DEFAULT CHARSET=utf8 AUTO_INCREMENT=17 ;

--
-- Dumping data for table `jianghu_admin_token`
--

INSERT INTO `jianghu_admin_token` (`id`, `token`, `name`, `time`, `state`) VALUES
(1, '52ece2161848712b3abcbfa5970397da', 'superadmin', '2017-01-06 20:13:37', 0),
(2, '0f973e52bfff9011a799f54cd4639c30', 'superadmin', '2017-01-25 23:32:21', 0),
(3, '3f8a3d52afa04da878873c0920c9914a', 'superadmin', '2017-03-27 20:28:26', 0),
(4, '5c089387c5c277b9083054548d760ebe', 'superadmin', '2017-03-28 15:22:43', 0),
(5, '5b1399e6537c12b40181e5c567ddb088', 'superadmin', '2017-03-29 21:03:17', 0),
(6, 'cd66309391aa8e73f080778c80e9c9bd', 'superadmin', '2017-04-05 17:14:53', 0),
(7, 'dac9b32e05746f5b8215a2a93bea3222', 'superadmin', '2017-04-28 10:55:26', 0),
(8, '4a78fa7d130aeb77f15255e946b49378', 'superadmin', '2017-05-06 11:20:41', 0),
(9, 'a021a94a0c170a68cf3c4c15602c499c', 'superadmin', '2017-05-17 20:50:09', 0),
(10, '2932c18f1d4bae5736144c445bf5ca67', 'superadmin', '2017-05-22 22:50:15', 0),
(11, 'c0b816aac204450d248f084957eb80e9', 'superadmin', '2017-06-04 10:24:15', 0),
(12, '59f3b108a3a9b15ad9d9ce1f615fd201', 'superadmin', '2017-06-21 17:02:50', 0),
(13, '8b998cd005ceca246ed13d5d024f28fa', 'superadmin', '2017-07-18 16:09:24', 0),
(14, 'a0e8c7ac17fa952c5ae3f6ac6e6abd63', 'superadmin', '2017-07-28 14:37:02', 0),
(15, '280ffb70c69ea8bc633956bc6567d297', 'superadmin', '2017-08-03 16:57:26', 0),
(16, 'fd8fc9fe3ebe487ca07f98ae88ac2fc4', 'superadmin', '2017-08-03 18:03:08', 0);

-- --------------------------------------------------------

--
-- Table structure for table `jianghu_business`
--

CREATE TABLE IF NOT EXISTS `jianghu_business` (
  `id` int(10) unsigned NOT NULL AUTO_INCREMENT,
  `name` varchar(60) NOT NULL,
  `addr` varchar(100) NOT NULL COMMENT '地址',
  `latitude` varchar(30) NOT NULL COMMENT '纬度',
  `longtitude` varchar(30) NOT NULL COMMENT '经度',
  `discription` text NOT NULL,
  `state` tinyint(4) NOT NULL COMMENT '审核状态 0为已审核 1为未审核',
  `joindate` date NOT NULL COMMENT '加入江湖时间',
  `logourl` text NOT NULL,
  `logopath` text NOT NULL,
  `phone` varchar(20) NOT NULL,
  `user_id` int(10) unsigned NOT NULL COMMENT '推荐人的user_id',
  `star` tinyint(3) unsigned NOT NULL COMMENT '星级',
  `domain` varchar(30) NOT NULL,
  `website` varchar(100) NOT NULL,
  PRIMARY KEY (`id`)
) ENGINE=InnoDB  DEFAULT CHARSET=utf8 COMMENT='商户表' AUTO_INCREMENT=21 ;

--
-- Dumping data for table `jianghu_business`
--

INSERT INTO `jianghu_business` (`id`, `name`, `addr`, `latitude`, `longtitude`, `discription`, `state`, `joindate`, `logourl`, `logopath`, `phone`, `user_id`, `star`, `domain`, `website`) VALUES
(1, '章鱼小丸子', '贝岗', '', '', '好吃啊', 0, '0000-00-00', 'http://121.42.203.85/jianghu/Uploads/2017-01-02/5869be719ffa1.jpg', './Uploads/2017-01-02/5869be719ffa1.jpg', '1302063303', 1, 3, '', ''),
(2, '章鱼小丸子', '贝岗', '23.1733910000', '113.2839080000', '好吃啊', 0, '2016-11-02', 'http://121.42.203.85/jianghu/Uploads/2017-01-02/5869bd32998e2.jpg', './Uploads/2017-01-02/5869bd32998e2.jpg', '1302063303', 1, 3, '', ''),
(3, '宝鸡', '贝岗', '22.9462890000', '113.3699340000', '不好吃', 0, '0000-00-00', 'http://localhost/jianghu/Uploads/2016-11-04/581b600f13e03.jpg', './Uploads/2016-11-04/581b600f13e03.jpg', '13066331202', 0, 3, '', ''),
(4, 'halo', 'lalal', '', '', '123456', 0, '0000-00-00', 'http://localhost/jianghu/Uploads/2016-11-04/581c9882e5e07.jpg', './Uploads/2016-11-04/581c9882e5e07.jpg', '321654', 0, 3, '', ''),
(5, 'hhh', 'dddd', '', '', '', 0, '0000-00-00', '', '', '', 0, 3, '', ''),
(6, 'hhhh', 'aaa', '', '', 'ddd', 0, '0000-00-00', 'http://121.42.203.85/jianghu/Uploads/2016-11-24/58366cce969cc.jpg', './Uploads/2016-11-24/58366cce969cc.jpg', 'rrrr', 0, 3, '', ''),
(7, '章鱼小丸子', '贝岗', '192123', '', '好吃啊', 1, '2016-12-13', '', '', '1302063303', 1, 3, '美食', 'http://123.com/'),
(8, '给力炒粉', '贝岗', '23.1803680000', '113.2049290000', '好吃啊', 1, '2016-12-16', 'http://121.42.203.85/jianghu/Uploads/2016-12-16/5853841c516fa.jpg', './Uploads/2016-12-16/5853841c516fa.jpg', '1302063303', 1, 0, '美食', 'http://123.com/'),
(9, '杨小贤', '贝岗', '23.1855764799', '113.3036327362', '好吃啊', 1, '2016-12-21', '', '', '1302063303', 2, 3, '美食', 'http://test.com/'),
(10, 'business1', 'business_addr1', '', '', 'business_descrip1', 0, '2017-01-02', 'http://121.42.203.85/jianghu/Uploads/2017-01-02/5869beb805a98.jpg', './Uploads/2017-01-02/5869beb805a98.jpg', 'business_phonenum1', 0, 3, '', ''),
(11, 'business2', 'business_addr2', '', '', 'business_descrip2', 0, '2017-01-02', 'http://121.42.203.85/jianghu/Uploads/2017-01-02/5869c3f5b75d3.jpg', './Uploads/2017-01-02/5869c3f5b75d3.jpg', '13202063303', 0, 3, '', ''),
(12, '不给力炒粉', '贝岗', '192123', '', '好吃啊', 1, '2017-02-11', '', '', '1302063303', 1, 0, '美食', 'http://123.com/'),
(13, '喜之郎', '都行啊', '0.0', '', '', 1, '2017-02-17', '', '', '13202063303', 1, 0, '娱乐', ''),
(14, '哈哈', '这个地址啊', '0.0', '', '', 1, '2017-02-18', '', '', '13202063303', 1, 0, '娱乐', ''),
(15, '我家的人', '广东省广州市番禺区大学城广外西路靠近和乐', '23.058181', '', '', 0, '2017-03-24', '', '', '13202063303', 1, 0, '娱乐', ''),
(16, '谁够胆', '广东省广州市海珠区聚德路', '23.080319', '', '', 0, '2017-03-29', '', '', '13202063303', 1, 0, '噢原来显示在这里啊', ''),
(17, '甜品店', '广东省广州市南沙区东涌水乡风情街靠近谷美陶休闲站', '22.882621', '', '', 1, '2017-04-05', '', '', '1000080', 90, 3, '美食', ''),
(18, '东涌风情街泛舟', '广东省广州市南沙区东涌水乡风情街靠近南沙区东涌医院', '22.882452', '', '', 0, '2017-04-25', '', '', '18617391278', 98, 3, '旅行', ''),
(19, '删除商户', '广东省广州市南沙区东涌水乡风情街靠近南沙区东涌医院', '22.882695', '', '', 1, '2017-06-06', '', '', '18819323232', 99, 0, '运动', ''),
(20, '湘味园', '广东省广州市南沙区东涌水乡风情街靠近南沙区东涌医院', '22.882676', '', '', 1, '2017-06-06', '', '', '18617391278', 98, 3, '美食', '');

-- --------------------------------------------------------

--
-- Table structure for table `jianghu_business_comment`
--

CREATE TABLE IF NOT EXISTS `jianghu_business_comment` (
  `id` mediumint(9) NOT NULL AUTO_INCREMENT,
  `business_id` mediumint(9) NOT NULL COMMENT '商户id',
  `comment` text NOT NULL COMMENT '评论内容',
  `user_id` mediumint(8) unsigned NOT NULL,
  PRIMARY KEY (`id`)
) ENGINE=InnoDB  DEFAULT CHARSET=utf8 COMMENT='商户评价表' AUTO_INCREMENT=21 ;

--
-- Dumping data for table `jianghu_business_comment`
--

INSERT INTO `jianghu_business_comment` (`id`, `business_id`, `comment`, `user_id`) VALUES
(1, 1, '商户评论', 1),
(2, 1, '商户评论', 2),
(3, 2, '商户评论', 2),
(4, 2, '商户评论', 3),
(5, 2, '商户评论', 4),
(6, 2, '商户评论', 1),
(7, 2, '商户评论', 1),
(8, 9, '商户评论', 1),
(9, 11, 'bdhdbdb', 1),
(10, 1, '也行啊', 4),
(11, 1, '嘿嘿', 4),
(12, 1, '发送', 4),
(13, 1, '嘿嘿', 1),
(14, 1, '哦哦', 2),
(15, 1, '哦哦', 2),
(16, 1, '啊啊啊', 1),
(17, 1, 'hh', 2),
(18, 17, '好', 90),
(19, 20, '如何？', 98),
(20, 1, '喵喵喵', 93);

-- --------------------------------------------------------

--
-- Table structure for table `jianghu_collection`
--

CREATE TABLE IF NOT EXISTS `jianghu_collection` (
  `id` mediumint(8) unsigned NOT NULL AUTO_INCREMENT,
  `user_id` mediumint(8) unsigned NOT NULL,
  `introduce_id` mediumint(8) unsigned NOT NULL,
  `time` datetime NOT NULL,
  PRIMARY KEY (`id`)
) ENGINE=InnoDB  DEFAULT CHARSET=utf8 COMMENT='收藏表' AUTO_INCREMENT=30 ;

--
-- Dumping data for table `jianghu_collection`
--

INSERT INTO `jianghu_collection` (`id`, `user_id`, `introduce_id`, `time`) VALUES
(5, 1, 7, '2017-02-23 21:04:02'),
(7, 1, 193, '2017-02-27 21:35:15'),
(8, 1, 204, '2017-03-24 21:03:14'),
(9, 1, 201, '2017-03-24 21:03:18'),
(10, 1, 269, '2017-04-01 02:28:38'),
(12, 2, 313, '2017-06-18 21:30:22'),
(13, 2, 90, '2017-06-18 21:31:55'),
(17, 2, 314, '2017-06-18 22:29:20'),
(20, 2, 286, '2017-06-18 23:17:39'),
(21, 99, 332, '2017-06-19 15:26:54'),
(22, 99, 330, '2017-06-19 15:27:28'),
(25, 98, 337, '2017-06-21 08:59:45'),
(26, 98, 339, '2017-07-01 17:41:21'),
(28, 1, 339, '2017-07-05 20:13:31'),
(29, 1, 342, '2017-07-05 20:18:06');

-- --------------------------------------------------------

--
-- Table structure for table `jianghu_comment`
--

CREATE TABLE IF NOT EXISTS `jianghu_comment` (
  `id` int(10) unsigned NOT NULL AUTO_INCREMENT,
  `user_id` int(10) unsigned NOT NULL,
  `introduce_id` int(10) unsigned NOT NULL,
  `time` datetime NOT NULL,
  `content` text NOT NULL COMMENT '评论内容',
  `owner_id` int(10) unsigned NOT NULL COMMENT '推荐所有者的id',
  `state` tinyint(3) unsigned NOT NULL COMMENT '已读则为零，未读则置1',
  PRIMARY KEY (`id`)
) ENGINE=InnoDB  DEFAULT CHARSET=utf8 COMMENT='评论表' AUTO_INCREMENT=170 ;

--
-- Dumping data for table `jianghu_comment`
--

INSERT INTO `jianghu_comment` (`id`, `user_id`, `introduce_id`, `time`, `content`, `owner_id`, `state`) VALUES
(1, 1, 8, '0000-00-00 00:00:00', '', 0, 0),
(2, 1, 8, '2016-10-12 00:00:00', 'he评论huang的推荐', 0, 0),
(3, 1, 8, '2016-10-12 20:59:29', 'he评论huang的推荐', 0, 0),
(4, 2, 8, '2016-10-12 21:19:34', '评论huang的推荐', 0, 0),
(5, 3, 8, '2016-10-12 21:20:26', '评论huang的推荐', 0, 0),
(6, 3, 8, '2016-10-12 21:20:48', '评论huang的推荐', 0, 0),
(7, 1, 64, '2016-10-24 15:55:06', '评论', 0, 0),
(8, 1, 64, '2016-10-24 19:40:09', '评论', 0, 0),
(9, 1, 64, '2016-10-30 12:28:03', '评论', 0, 0),
(10, 7, 90, '2016-11-12 00:20:29', '评论', 1, 1),
(11, 8, 90, '2016-11-12 00:25:19', '评论', 1, 1),
(12, 9, 90, '2016-11-12 00:25:23', '评论', 1, 1),
(13, 9, 146, '2016-11-29 19:12:30', 'zheshi评论', 3, 1),
(14, 1, 146, '2016-11-29 19:21:26', '这是评论', 3, 1),
(15, 2, 146, '2016-11-29 19:21:30', '这是评论', 3, 1),
(16, 23, 146, '2016-11-29 19:34:39', '这是评论', 3, 1),
(17, 3, 146, '2016-11-29 19:35:20', '这是评论', 3, 1),
(18, 3, 90, '2016-11-30 19:49:15', '这是评论', 1, 1),
(19, 3, 157, '2016-12-19 14:28:35', '这是157的评论', 3, 1),
(20, 3, 171, '2016-12-21 21:16:29', '这是171的评论', 4, 1),
(21, 1, 178, '2017-01-14 23:45:35', '这是178的评论', 4, 1),
(22, 1, 177, '2017-01-15 02:25:35', 'DVD', 4, 1),
(23, 1, 180, '2017-01-15 02:43:31', 'torchbearer', 1, 1),
(24, 1, 181, '2017-02-02 12:46:06', '嘻嘻什么鬼啊', 4, 1),
(25, 1, 181, '2017-02-02 12:46:06', '嘻嘻什么鬼啊', 4, 1),
(26, 1, 181, '2017-02-02 12:46:06', '嘻嘻什么鬼啊', 4, 1),
(27, 1, 181, '2017-02-02 12:46:06', '嘻嘻什么鬼啊', 4, 1),
(28, 1, 181, '2017-02-02 12:46:06', '嘻嘻什么鬼啊', 4, 1),
(29, 1, 181, '2017-02-02 12:46:10', '嘻嘻什么鬼啊', 4, 1),
(30, 1, 183, '2017-02-09 01:34:16', 'hhhh', 1, 1),
(31, 1, 183, '2017-02-09 01:34:26', 'ffff', 1, 1),
(32, 1, 90, '2017-02-09 01:34:37', 'ggg', 1, 1),
(33, 1, 90, '2017-02-09 01:34:37', 'ggg', 1, 1),
(34, 1, 90, '2017-02-09 01:36:12', 'ggg', 1, 1),
(35, 1, 90, '2017-02-09 01:36:14', 'ggg', 1, 1),
(36, 1, 90, '2017-02-09 01:36:14', 'ggg', 1, 1),
(37, 1, 90, '2017-02-09 01:36:14', 'ggg', 1, 1),
(38, 1, 90, '2017-02-09 01:36:14', 'ggg', 1, 1),
(39, 1, 102, '2017-02-09 01:40:57', '嘿', 27, 0),
(40, 1, 171, '2017-02-09 01:57:36', '什么?_?', 4, 1),
(41, 1, 188, '2017-02-11 20:01:00', 'dfghhg', 1, 1),
(42, 1, 188, '2017-02-11 20:03:31', 'dfghhg,ffdf', 1, 1),
(43, 1, 90, '2017-02-11 21:25:30', 'hjjvvv', 1, 1),
(44, 1, 191, '2017-02-11 21:30:47', 'fhjjhh', 1, 1),
(45, 1, 191, '2017-02-11 21:33:21', 'sch gcd', 1, 1),
(46, 1, 188, '2017-02-11 21:41:12', 'ryjjkj', 1, 1),
(47, 1, 189, '2017-02-11 21:41:36', 'bkjg', 1, 1),
(48, 1, 43, '2017-02-17 00:38:33', '嘻嘻', 18, 0),
(49, 1, 194, '2017-02-17 00:44:49', 'hhh', 1, 1),
(50, 1, 194, '2017-02-18 13:12:58', '可以啊', 1, 1),
(51, 1, 194, '2017-02-18 13:13:02', '可不可以啊', 1, 1),
(52, 1, 194, '2017-02-18 13:13:08', '好多评论啊', 1, 1),
(53, 1, 194, '2017-02-18 13:13:11', '怎么样都行啊', 1, 1),
(54, 1, 193, '2017-02-18 13:15:00', '这是我的评论', 1, 1),
(55, 1, 193, '2017-02-18 13:15:15', '这是我的评论+1', 1, 1),
(56, 1, 178, '2017-02-18 14:07:26', '好多评论', 4, 1),
(57, 1, 178, '2017-02-18 14:07:29', '评论', 4, 1),
(58, 1, 178, '2017-02-18 14:07:33', '评论', 4, 1),
(59, 1, 178, '2017-02-18 14:07:36', '评论', 4, 1),
(60, 1, 178, '2017-02-18 14:07:41', '评论1', 4, 1),
(61, 1, 178, '2017-02-18 14:07:46', '评论2', 4, 1),
(62, 1, 178, '2017-02-18 14:07:50', '评论3', 4, 1),
(63, 1, 178, '2017-02-18 14:07:53', '评论3', 4, 1),
(64, 1, 90, '2017-02-18 15:58:06', '还白', 1, 1),
(65, 1, 63, '2017-02-18 15:58:52', '嘻嘻', 1, 1),
(66, 1, 11, '2017-02-18 15:59:21', '我是评论哦', 2, 1),
(67, 1, 193, '2017-02-27 21:35:10', 'dfggg', 1, 1),
(68, 1, 194, '2017-02-28 09:47:17', 'fghhh', 1, 1),
(69, 1, 190, '2017-02-28 09:47:36', 'ghgfgg', 1, 1),
(70, 1, 187, '2017-02-28 10:13:25', 'gjknvc', 1, 1),
(71, 1, 74, '2017-02-28 11:30:04', 'ghjjj', 4, 1),
(72, 1, 66, '2017-02-28 11:30:56', 'etggg', 1, 1),
(73, 1, 204, '2017-03-24 20:59:27', '我评论', 1, 1),
(74, 1, 204, '2017-03-24 20:59:27', '我评论', 1, 1),
(75, 1, 204, '2017-03-24 20:59:31', '我再评论', 1, 1),
(76, 1, 204, '2017-03-24 20:59:38', '为什么第一个除了两个？', 1, 1),
(77, 1, 203, '2017-03-24 20:59:57', '发生了什么', 1, 1),
(78, 1, 203, '2017-03-24 21:00:09', '好像还行啊', 1, 1),
(79, 1, 203, '2017-03-24 21:00:12', '嘿嘿嘿嘿', 1, 1),
(80, 1, 203, '2017-03-24 21:00:31', '不要阻止我继续评论', 1, 1),
(81, 1, 203, '2017-03-24 21:00:33', '别', 1, 1),
(82, 1, 203, '2017-03-24 21:00:36', '我不', 1, 1),
(83, 1, 200, '2017-03-24 21:11:56', '我是回复1', 4, 1),
(84, 1, 206, '2017-03-24 21:53:46', '..够了吗', 1, 1),
(85, 1, 206, '2017-03-24 21:53:52', '待', 1, 1),
(86, 1, 207, '2017-03-24 21:54:41', '你会吗', 1, 1),
(87, 1, 207, '2017-03-24 21:55:42', '所以是会的吗', 1, 1),
(88, 1, 200, '2017-03-26 17:47:52', 'zfgh', 4, 1),
(89, 3, 233, '2017-03-27 20:13:21', '哦', 2, 1),
(90, 3, 238, '2017-03-27 22:40:50', '噢应该还是2才对 对的对的 才不会减1呢', 3, 1),
(91, 4, 239, '2017-03-27 22:42:05', '这个内容怎么是第1的呢？', 4, 1),
(92, 1, 231, '2017-03-28 15:03:54', 'sfgg', 2, 1),
(93, 1, 239, '2017-03-28 16:35:38', 'fhhhh', 4, 1),
(94, 2, 242, '2017-03-29 22:37:48', '嘿嘿', 1, 1),
(95, 1, 236, '2017-03-29 22:42:08', '你这个大哥', 3, 1),
(96, 1, 236, '2017-03-29 22:51:39', '同学 你怎么突然就3度路', 3, 0),
(97, 2, 211, '2017-03-30 21:49:03', '这是2的评论', 1, 1),
(98, 1, 269, '2017-04-01 02:27:40', '九张大图发了一分钟。。。。', 1, 1),
(99, 1, 269, '2017-04-01 02:28:27', '好想知道微信怎么做到的，发图挺快的。。。', 1, 1),
(100, 1, 277, '2017-04-04 09:25:15', '发现照片莫名被压缩', 1, 1),
(101, 1, 278, '2017-04-04 09:29:18', '你刚刚不是说你自己服务器异常吗', 1, 1),
(102, 1, 278, '2017-04-04 09:29:26', '你怎么发出来了', 1, 1),
(103, 2, 279, '2017-04-04 09:32:07', '对啊 好像是添加地址以后就会这样了', 1, 1),
(104, 2, 279, '2017-04-04 09:32:10', '怎么办', 1, 1),
(105, 2, 280, '2017-04-04 09:40:44', '别急 等我上传个海报先', 2, 1),
(106, 2, 280, '2017-04-04 09:47:09', '哦那个是用户头像啦', 2, 1),
(107, 2, 280, '2017-04-04 09:47:12', '吓得我', 2, 1),
(109, 3, 303, '2017-05-15 14:35:14', '这是', 1, 1),
(110, 2, 293, '2017-05-22 22:34:36', '好吧', 1, 1),
(111, 4, 293, '2017-05-22 22:48:36', '没有', 1, 1),
(112, 1, 288, '2017-05-23 15:39:07', '1111', 1, 1),
(113, 1, 312, '2017-05-23 15:40:53', '很强', 1, 1),
(114, 1, 312, '2017-05-23 15:42:11', '不要信', 1, 1),
(115, 1, 312, '2017-05-23 15:44:51', 'q111', 1, 1),
(116, 1, 312, '2017-05-23 15:48:08', '智障', 1, 1),
(117, 1, 312, '2017-05-23 15:55:21', '什么鬼', 1, 1),
(118, 1, 312, '2017-05-23 15:57:43', 'bbbb', 1, 1),
(119, 1, 313, '2017-05-23 16:04:54', '111', 1, 1),
(120, 1, 313, '2017-05-23 16:10:59', '喵喵喵', 1, 1),
(121, 1, 305, '2017-05-23 16:11:30', '哈哈哈哈', 1, 1),
(122, 1, 293, '2017-05-23 16:19:30', '？', 1, 1),
(123, 2, 312, '2017-05-23 16:22:53', 'qq', 1, 1),
(124, 1, 319, '2017-05-23 16:24:34', '11q', 2, 1),
(125, 1, 319, '2017-05-23 16:34:28', 'bb', 2, 1),
(126, 1, 319, '2017-05-23 16:39:01', 'bb', 2, 1),
(127, 1, 319, '2017-05-23 16:39:17', 'cc', 2, 1),
(128, 1, 286, '2017-05-23 16:46:18', '11q', 3, 0),
(129, 1, 311, '2017-05-23 16:46:45', '凶哦你高兴行', 2, 1),
(130, 1, 311, '2017-05-23 16:56:08', 'bb', 2, 1),
(131, 1, 311, '2017-05-23 16:59:17', '喵？', 2, 1),
(132, 1, 311, '2017-05-23 17:14:54', 'q', 2, 1),
(133, 1, 311, '2017-05-23 17:17:40', 'bb', 2, 1),
(134, 1, 311, '2017-05-23 17:22:21', '…', 2, 1),
(135, 1, 311, '2017-05-23 17:30:30', '？', 2, 1),
(136, 2, 319, '2017-05-23 19:48:06', '喵', 2, 1),
(137, 2, 319, '2017-05-23 19:48:58', '请', 2, 1),
(138, 2, 319, '2017-05-23 19:49:52', 'cat', 2, 1),
(139, 2, 319, '2017-05-23 19:54:12', '饿哦', 2, 1),
(140, 2, 319, '2017-05-23 22:03:16', '啊啊啊', 2, 1),
(141, 2, 319, '2017-05-23 22:03:44', 'jjj', 2, 1),
(142, 2, 319, '2017-05-23 22:04:15', '。。。', 2, 1),
(143, 2, 319, '2017-05-23 22:08:48', '就', 2, 1),
(144, 2, 319, '2017-05-23 22:09:14', '就', 2, 1),
(145, 2, 319, '2017-05-23 22:13:42', '啊啊啊啊', 2, 1),
(151, 1, 336, '2017-06-19 01:05:42', '葡萄牙的比赛配图不配C罗陪梅西', 1, 1),
(152, 99, 337, '2017-06-21 09:18:26', '推荐', 98, 1),
(153, 98, 339, '2017-07-01 17:25:29', '苏可见', 98, 1),
(154, 99, 339, '2017-07-01 17:26:58', '内可见', 98, 1),
(155, 99, 343, '2017-07-01 17:36:11', '苏可见', 100, 1),
(156, 98, 342, '2017-07-08 15:47:01', '哈哈哈', 99, 1),
(157, 98, 331, '2017-07-08 15:48:38', '好', 99, 1),
(158, 98, 342, '2017-07-08 15:55:01', '1', 99, 1),
(159, 98, 339, '2017-07-08 16:29:10', '杨子', 98, 1),
(160, 1, 347, '2017-07-16 22:33:39', 'QQ', 1, 1),
(161, 1, 178, '2017-07-17 16:25:03', '这是178的评论', 4, 0),
(164, 93, 347, '2017-07-19 14:14:08', '？？', 1, 1),
(165, 93, 349, '2017-07-19 14:14:15', '哈哈哈', 93, 1),
(166, 93, 347, '2017-07-19 15:01:35', '嘻嘻', 1, 1),
(167, 99, 342, '2017-07-29 16:03:44', 'ok', 99, 1),
(168, 99, 346, '2017-07-29 16:20:04', '内不可见', 98, 1),
(169, 98, 342, '2017-07-29 16:23:56', '哈哈哈', 99, 1);

-- --------------------------------------------------------

--
-- Table structure for table `jianghu_comment_comment`
--

CREATE TABLE IF NOT EXISTS `jianghu_comment_comment` (
  `id` mediumint(8) unsigned NOT NULL AUTO_INCREMENT,
  `comment_id` mediumint(8) unsigned NOT NULL,
  `text` text NOT NULL,
  `user_id` mediumint(8) unsigned NOT NULL,
  PRIMARY KEY (`id`)
) ENGINE=InnoDB  DEFAULT CHARSET=utf8 COMMENT='评论的品论' AUTO_INCREMENT=32 ;

--
-- Dumping data for table `jianghu_comment_comment`
--

INSERT INTO `jianghu_comment_comment` (`id`, `comment_id`, `text`, `user_id`) VALUES
(1, 19, '这是评论的评论', 4),
(2, 19, '这是评论的评论', 3),
(3, 20, '这是评论的评论', 3),
(4, 21, 'FDD', 1),
(5, 61, '你怎么这样说话', 1),
(6, 58, '为什么我骂你的评论不见了', 1),
(7, 66, '我要回复评论', 1),
(8, 38, '想都被', 1),
(9, 76, '我回复你', 1),
(10, 83, '我要回复你', 1),
(11, 84, 'efghh', 1),
(12, 84, 'chkkhvb', 1),
(13, 54, 'zghnj', 1),
(14, 91, '对的应该是第一的', 4),
(15, 90, 'nihaoma', 1),
(16, 92, 'buxianshi\n', 1),
(17, 93, 'fgghh', 1),
(18, 93, 'fghhh', 1),
(19, 88, '我要回复你', 1),
(20, 83, '我还是要回复你', 1),
(21, 95, '回复我自己', 1),
(22, 100, '可怜巴巴', 1),
(23, 101, '对啊 我也记得', 1),
(24, 104, '等我再看一下啊', 2),
(25, 100, '不压缩图片后台一直报错，而且会oom', 1),
(26, 162, '嘿嘿嘿', 93),
(27, 162, '就问你怕不怕', 93),
(28, 162, '怕了怕了', 93),
(29, 162, '哦？是吗', 93),
(30, 162, '有一堆评论', 93),
(31, 162, '哈哈哈哈哈', 93);

-- --------------------------------------------------------

--
-- Table structure for table `jianghu_daily_num`
--

CREATE TABLE IF NOT EXISTS `jianghu_daily_num` (
  `id` int(11) NOT NULL AUTO_INCREMENT,
  `date` date NOT NULL COMMENT '日期',
  `joinnum` int(11) unsigned NOT NULL COMMENT '注册人数',
  `lognum` int(10) unsigned NOT NULL COMMENT '日登陆人数',
  `praisenum` int(10) unsigned NOT NULL COMMENT '每日点赞人数',
  `commentnum` int(10) unsigned NOT NULL COMMENT '评论人数',
  `keep` int(10) unsigned NOT NULL COMMENT '昨天注册今天登陆的人数',
  PRIMARY KEY (`id`)
) ENGINE=InnoDB  DEFAULT CHARSET=utf8 COMMENT='每日注册人数' AUTO_INCREMENT=181 ;

--
-- Dumping data for table `jianghu_daily_num`
--

INSERT INTO `jianghu_daily_num` (`id`, `date`, `joinnum`, `lognum`, `praisenum`, `commentnum`, `keep`) VALUES
(1, '2016-10-11', 6, 3, 6, 0, 2),
(2, '2016-10-12', 12, 1, 3, 1, 4),
(3, '2016-10-13', 23, 7, 0, 0, 5),
(4, '2016-10-14', 5, 0, 0, 0, 0),
(5, '2016-10-15', 0, 3, 0, 0, 1),
(6, '2016-10-16', 5, 8, 0, 0, 0),
(7, '2016-10-21', 0, 1, 0, 0, 0),
(8, '2016-10-24', 0, 1, 2, 1, 0),
(9, '2016-10-25', 0, 3, 0, 0, 0),
(10, '2016-10-26', 0, 3, 1, 0, 0),
(11, '2016-10-30', 0, 1, 1, 0, 0),
(12, '2016-10-31', 0, 2, 2, 0, 0),
(13, '2016-11-01', 0, 4, 1, 0, 0),
(14, '2016-11-02', 0, 1, 0, 0, 0),
(15, '2016-11-06', 0, 1, 0, 0, 0),
(16, '2016-11-07', 5, 10, 0, 0, 0),
(17, '2016-11-08', 6, 10, 0, 0, 2),
(18, '2016-11-11', 0, 2, 0, 0, 0),
(19, '2016-11-12', 0, 7, 0, 5, 0),
(20, '2016-11-13', 0, 5, 0, 0, 0),
(21, '2016-11-14', 0, 1, 0, 0, 0),
(22, '2016-11-15', 0, 3, 0, 0, 0),
(23, '2016-11-16', 0, 1, 0, 0, 0),
(24, '2016-11-20', 0, 2, 0, 0, 0),
(25, '2016-11-21', 0, 3, 0, 0, 0),
(26, '2016-11-24', 0, 1, 0, 0, 0),
(27, '2016-11-26', 8, 16, 0, 0, 0),
(28, '2016-11-27', 0, 2, 0, 0, 0),
(29, '2016-11-29', 0, 5, 0, 5, 0),
(30, '2016-11-30', 0, 7, 1, 1, 0),
(31, '2016-12-02', 0, 1, 0, 0, 0),
(32, '2016-12-05', 1, 4, 1, 0, 0),
(33, '2016-12-06', 0, 4, 0, 0, 0),
(34, '2016-12-07', 0, 1, 0, 0, 0),
(35, '2016-12-08', 0, 4, 0, 0, 0),
(36, '2016-12-12', 0, 6, 0, 0, 0),
(37, '2016-12-13', 0, 1, 0, 0, 0),
(38, '2016-12-14', 0, 2, 0, 0, 0),
(39, '2016-12-15', 0, 2, 0, 0, 0),
(40, '2016-12-16', 0, 1, 0, 0, 0),
(41, '2016-12-19', 0, 3, 0, 1, 0),
(42, '2016-12-20', 1, 8, 0, 0, 0),
(43, '2016-12-21', 0, 7, 1, 1, 0),
(44, '2016-12-22', 0, 2, 0, 0, 0),
(45, '2016-12-24', 15, 4, 0, 0, 0),
(46, '2016-12-25', 0, 2, 0, 0, 0),
(47, '2016-12-26', 0, 4, 1, 0, 0),
(48, '2016-12-28', 0, 1, 0, 0, 0),
(49, '2016-12-29', 0, 2, 0, 0, 0),
(50, '2016-12-30', 0, 1, 0, 0, 0),
(51, '2017-01-01', 0, 1, 0, 0, 0),
(52, '2017-01-04', 6, 22, 0, 0, 0),
(53, '2017-01-05', 9, 199, 0, 0, 1),
(54, '2017-01-06', 0, 35, 0, 0, 0),
(55, '2017-01-07', 0, 30, 0, 0, 0),
(56, '2017-01-08', 0, 44, 0, 0, 0),
(57, '2017-01-09', 0, 28, 0, 0, 0),
(58, '2017-01-12', 0, 1, 0, 0, 0),
(59, '2017-01-13', 3, 8, 0, 0, 0),
(60, '2017-01-14', 0, 23, 0, 1, 0),
(61, '2017-01-15', 0, 121, 1, 1, 0),
(62, '2017-01-22', 0, 4, 0, 0, 0),
(63, '2017-01-23', 0, 6, 1, 0, 0),
(64, '2017-01-30', 0, 5, 1, 0, 0),
(65, '2017-01-31', 0, 27, 1, 0, 0),
(66, '2017-02-02', 0, 20, 0, 1, 0),
(67, '2017-02-05', 0, 25, 1, 0, 0),
(68, '2017-02-06', 0, 13, 1, 0, 0),
(69, '2017-02-07', 0, 16, 0, 0, 0),
(70, '2017-02-09', 0, 19, 1, 1, 0),
(71, '2017-02-10', 0, 5, 1, 0, 0),
(72, '2017-02-11', 1, 14, 1, 1, 0),
(73, '2017-02-16', 0, 1, 0, 0, 0),
(74, '2017-02-17', 1, 5, 0, 1, 0),
(75, '2017-02-18', 0, 5, 1, 1, 8),
(76, '2017-02-19', 1, 5, 1, 0, 0),
(77, '2017-02-21', 0, 4, 0, 0, 0),
(78, '2017-02-22', 0, 3, 0, 0, 0),
(79, '2017-02-23', 0, 3, 0, 0, 0),
(80, '2017-02-27', 0, 15, 0, 1, 0),
(81, '2017-02-28', 0, 18, 1, 1, 0),
(82, '2017-03-01', 0, 4, 0, 0, 0),
(83, '2017-03-03', 0, 1, 0, 0, 0),
(84, '2017-03-04', 0, 3, 0, 0, 0),
(85, '2017-03-05', 0, 19, 0, 0, 0),
(86, '2017-03-24', 0, 16, 1, 1, 0),
(87, '2017-03-25', 0, 2, 0, 0, 0),
(88, '2017-03-26', 1, 23, 0, 1, 0),
(89, '2017-03-27', 0, 51, 0, 2, 0),
(90, '2017-03-28', 0, 29, 0, 1, 0),
(91, '2017-03-29', 0, 30, 3, 2, 0),
(92, '2017-03-30', 0, 60, 1, 1, 0),
(93, '2017-03-31', 0, 40, 0, 0, 0),
(94, '2017-03-31', 0, 40, 0, 0, 0),
(95, '2017-04-01', 0, 39, 0, 1, 0),
(96, '2017-04-02', 0, 17, 0, 0, 0),
(97, '2017-04-03', 0, 1, 0, 0, 0),
(98, '2017-04-04', 1, 41, 1, 2, 0),
(99, '2017-04-05', 1, 63, 1, 0, 0),
(100, '2017-04-06', 0, 27, 0, 0, 441),
(101, '2017-04-07', 0, 1, 0, 0, 0),
(102, '2017-04-08', 0, 21, 0, 0, 0),
(103, '2017-04-09', 0, 6, 0, 0, 0),
(104, '2017-04-11', 0, 8, 0, 0, 0),
(105, '2017-04-12', 0, 7, 0, 0, 0),
(106, '2017-04-15', 0, 1, 0, 0, 0),
(107, '2017-04-16', 0, 19, 0, 0, 0),
(108, '2017-04-17', 0, 4, 0, 0, 0),
(109, '2017-04-21', 0, 2, 0, 0, 0),
(110, '2017-04-22', 0, 3, 0, 0, 0),
(111, '2017-04-23', 0, 1, 0, 0, 0),
(112, '2017-04-24', 0, 1, 0, 0, 0),
(113, '2017-04-25', 1, 9, 2, 1, 0),
(114, '2017-04-26', 1, 12, 0, 0, 1043),
(115, '2017-04-27', 0, 7, 0, 0, 727),
(116, '2017-04-28', 0, 1, 0, 0, 0),
(117, '2017-04-29', 0, 20, 0, 0, 0),
(118, '2017-05-02', 0, 5, 0, 0, 0),
(119, '2017-05-03', 0, 1, 0, 0, 0),
(120, '2017-05-04', 0, 9, 0, 0, 0),
(121, '2017-05-05', 0, 11, 0, 0, 0),
(122, '2017-05-06', 0, 22, 0, 0, 0),
(123, '2017-05-07', 0, 3, 0, 0, 0),
(124, '2017-05-08', 0, 1, 0, 0, 0),
(125, '2017-05-10', 0, 2, 0, 0, 0),
(126, '2017-05-14', 0, 5, 4, 0, 0),
(127, '2017-05-15', 0, 4, 0, 1, 0),
(128, '2017-05-16', 0, 19, 1, 0, 0),
(129, '2017-05-17', 0, 1, 0, 0, 0),
(130, '2017-05-18', 0, 16, 0, 0, 0),
(131, '2017-05-19', 0, 1, 0, 0, 0),
(132, '2017-05-21', 0, 1, 0, 0, 0),
(133, '2017-05-22', 0, 34, 2, 2, 0),
(134, '2017-05-23', 0, 53, 2, 2, 0),
(135, '2017-05-24', 0, 1, 0, 0, 0),
(136, '2017-06-01', 0, 60, 0, 0, 0),
(137, '2017-06-02', 0, 10, 0, 0, 0),
(138, '2017-06-03', 0, 4, 0, 0, 0),
(139, '2017-06-05', 0, 40, 0, 0, 0),
(140, '2017-06-06', 0, 22, 1, 3, 0),
(141, '2017-06-07', 0, 3, 0, 0, 0),
(142, '2017-06-08', 0, 1, 0, 0, 0),
(143, '2017-06-09', 0, 1, 0, 0, 0),
(144, '2017-06-10', 0, 3, 0, 0, 0),
(145, '2017-06-12', 0, 5, 0, 0, 0),
(146, '2017-06-15', 0, 2, 0, 0, 0),
(147, '2017-06-18', 0, 14, 0, 0, 0),
(148, '2017-06-19', 0, 6, 0, 1, 0),
(149, '2017-06-20', 1, 16, 1, 0, 0),
(150, '2017-06-21', 0, 18, 1, 1, 0),
(151, '2017-06-22', 0, 3, 0, 0, 0),
(152, '2017-06-23', 0, 3, 0, 0, 0),
(153, '2017-06-27', 0, 4, 0, 0, 0),
(154, '2017-06-30', 0, 5, 0, 0, 0),
(155, '2017-07-01', 0, 22, 0, 2, 0),
(156, '2017-07-03', 0, 1, 0, 0, 0),
(157, '2017-07-04', 0, 1, 0, 0, 0),
(158, '2017-07-05', 0, 2, 0, 0, 0),
(159, '2017-07-06', 0, 1, 0, 0, 0),
(160, '2017-07-07', 0, 2, 0, 0, 0),
(161, '2017-07-08', 0, 13, 2, 1, 0),
(162, '2017-07-11', 0, 1, 1, 0, 0),
(163, '2017-07-14', 0, 1, 0, 0, 0),
(164, '2017-07-16', 0, 20, 0, 1, 0),
(165, '2017-07-17', 0, 9, 0, 1, 0),
(166, '2017-07-19', 0, 37, 2, 2, 0),
(167, '2017-07-20', 0, 2, 0, 0, 0),
(168, '2017-07-24', 0, 3, 0, 0, 0),
(169, '2017-07-25', 0, 7, 0, 0, 0),
(170, '2017-07-26', 0, 1, 0, 0, 0),
(171, '2017-07-27', 1, 6, 0, 0, 0),
(172, '2017-07-28', 0, 8, 0, 0, 0),
(173, '2017-07-29', 0, 19, 2, 2, 0),
(174, '2017-07-30', 0, 2, 0, 0, 0),
(175, '2017-08-02', 0, 14, 0, 0, 0),
(176, '2017-08-03', 0, 61, 0, 0, 0),
(177, '2017-08-04', 0, 14, 0, 0, 0),
(178, '2017-08-05', 0, 2, 0, 0, 0),
(179, '2017-08-07', 0, 5, 0, 0, 0),
(180, '2017-08-08', 0, 5, 0, 0, 0);

-- --------------------------------------------------------

--
-- Table structure for table `jianghu_domain`
--

CREATE TABLE IF NOT EXISTS `jianghu_domain` (
  `id` tinyint(3) unsigned NOT NULL AUTO_INCREMENT,
  `name` varchar(30) NOT NULL,
  `domain_pic` varchar(200) NOT NULL COMMENT '领域图片url',
  PRIMARY KEY (`id`)
) ENGINE=InnoDB  DEFAULT CHARSET=utf8 AUTO_INCREMENT=20 ;

--
-- Dumping data for table `jianghu_domain`
--

INSERT INTO `jianghu_domain` (`id`, `name`, `domain_pic`) VALUES
(10, '电影', 'http://121.42.203.85/jianghu/Uploads/2017-04-02/58e0e42108c80.png'),
(11, '购物', 'http://121.42.203.85/jianghu/Uploads/2017-04-02/58e0e42ace633.png'),
(12, '教育', 'http://121.42.203.85/jianghu/Uploads/2017-04-02/58e0e4369fef5.png'),
(13, '旅行', 'http://121.42.203.85/jianghu/Uploads/2017-04-02/58e0e4430bf14.png'),
(14, '美食', 'http://121.42.203.85/jianghu/Uploads/2017-04-02/58e0e45743e08.png'),
(15, '萌宠', 'http://121.42.203.85/jianghu/Uploads/2017-04-02/58e0e4694082c.png'),
(16, '休闲娱乐', 'http://121.42.203.85/jianghu/Uploads/2017-04-02/58e0e4801797f.png'),
(17, '阅读', 'http://121.42.203.85/jianghu/Uploads/2017-04-02/58e0e48d177c1.png'),
(18, '运动', 'http://121.42.203.85/jianghu/Uploads/2017-04-02/58e0e49a80733.png');

-- --------------------------------------------------------

--
-- Table structure for table `jianghu_feedback`
--

CREATE TABLE IF NOT EXISTS `jianghu_feedback` (
  `id` mediumint(8) unsigned NOT NULL AUTO_INCREMENT,
  `user_id` mediumint(8) unsigned NOT NULL,
  `text` text NOT NULL,
  `time` datetime NOT NULL,
  `state` tinyint(1) NOT NULL COMMENT '是否已经处理，0为未处理',
  PRIMARY KEY (`id`)
) ENGINE=InnoDB  DEFAULT CHARSET=utf8 COMMENT='反馈表' AUTO_INCREMENT=6 ;

--
-- Dumping data for table `jianghu_feedback`
--

INSERT INTO `jianghu_feedback` (`id`, `user_id`, `text`, `time`, `state`) VALUES
(1, 1, '这是1的反馈', '2016-12-26 16:38:39', 2),
(2, 2, '这是2的反馈', '2016-12-30 16:01:38', 2),
(3, 1, 'toy', '2017-01-15 01:53:48', 0),
(4, 1, 'toy', '2017-01-15 01:53:57', 0),
(5, 1, '好的', '2017-03-24 22:22:05', 0);

-- --------------------------------------------------------

--
-- Table structure for table `jianghu_forward`
--

CREATE TABLE IF NOT EXISTS `jianghu_forward` (
  `id` int(10) unsigned NOT NULL AUTO_INCREMENT,
  `user_id` int(10) unsigned NOT NULL,
  `introduce_id` int(10) unsigned NOT NULL,
  `original_id` int(10) unsigned NOT NULL COMMENT '原始推荐id',
  `original_id2` int(10) unsigned NOT NULL COMMENT '二度源user_id',
  `original_id3` int(10) unsigned NOT NULL COMMENT '三度源user_id',
  `original_id4` int(10) unsigned NOT NULL COMMENT '4度源user_id',
  `original_id5` int(11) unsigned NOT NULL,
  `original_id6` int(10) unsigned NOT NULL,
  `original_id7` int(10) unsigned NOT NULL,
  `time` datetime NOT NULL,
  `owner_id` int(10) unsigned NOT NULL COMMENT '推荐所有者的id',
  `degree` tinyint(4) NOT NULL COMMENT '转发的时候该推荐的度数',
  `state` tinyint(3) unsigned NOT NULL COMMENT '是否阅读标记，未读则置零，已读则为一',
  PRIMARY KEY (`id`)
) ENGINE=InnoDB  DEFAULT CHARSET=utf8 COMMENT='转采表' AUTO_INCREMENT=331 ;

--
-- Dumping data for table `jianghu_forward`
--

INSERT INTO `jianghu_forward` (`id`, `user_id`, `introduce_id`, `original_id`, `original_id2`, `original_id3`, `original_id4`, `original_id5`, `original_id6`, `original_id7`, `time`, `owner_id`, `degree`, `state`) VALUES
(1, 1, 8, 0, 0, 0, 0, 0, 0, 0, '2016-09-26 15:05:39', 0, 0, 0),
(2, 2, 8, 0, 0, 0, 0, 0, 0, 0, '2016-09-26 15:06:52', 0, 0, 0),
(3, 1, 9, 0, 0, 0, 0, 0, 0, 0, '2016-09-27 19:44:50', 0, 0, 0),
(4, 1, 9, 0, 0, 0, 0, 0, 0, 0, '2016-09-27 19:46:28', 0, 0, 0),
(5, 1, 8, 0, 0, 0, 0, 0, 0, 0, '2016-09-30 14:14:16', 0, 0, 0),
(6, 1, 8, 0, 0, 0, 0, 0, 0, 0, '2016-09-30 14:19:20', 0, 0, 0),
(7, 1, 8, 0, 0, 0, 0, 0, 0, 0, '2016-09-30 14:20:47', 4, 0, 1),
(8, 1, 8, 0, 0, 0, 0, 0, 0, 0, '2016-10-01 19:42:31', 2, 0, 1),
(9, 1, 26, 0, 0, 0, 0, 0, 0, 0, '2016-10-14 15:48:05', 1, 1, 1),
(10, 2, 26, 0, 0, 0, 0, 0, 0, 0, '2016-10-14 17:02:49', 1, 1, 1),
(11, 16, 26, 0, 0, 0, 0, 0, 0, 0, '2016-10-14 17:03:42', 1, 1, 1),
(12, 16, 26, 0, 0, 0, 0, 0, 0, 0, '2016-10-14 19:34:04', 1, 1, 1),
(13, 16, 26, 0, 0, 0, 0, 0, 0, 0, '2016-10-14 19:38:06', 1, 1, 1),
(14, 16, 26, 0, 0, 0, 0, 0, 0, 0, '2016-10-14 19:39:37', 1, 1, 1),
(15, 16, 26, 0, 0, 0, 0, 0, 0, 0, '2016-10-14 19:40:27', 1, 2, 1),
(16, 2, 26, 0, 0, 0, 0, 0, 0, 0, '2016-10-14 20:04:20', 1, 2, 1),
(17, 3, 26, 0, 0, 0, 0, 0, 0, 0, '2016-10-14 20:05:07', 1, 2, 1),
(18, 7, 26, 0, 0, 0, 0, 0, 0, 0, '2016-10-14 20:06:22', 3, 2, 1),
(19, 16, 26, 0, 0, 0, 0, 0, 0, 0, '2016-10-14 20:06:56', 3, 2, 1),
(20, 16, 26, 0, 0, 0, 0, 0, 0, 0, '2016-10-14 20:09:59', 3, 2, 1),
(21, 16, 26, 0, 0, 0, 0, 0, 0, 0, '2016-10-14 20:10:18', 3, 2, 1),
(22, 16, 26, 0, 0, 0, 0, 0, 0, 0, '2016-10-14 20:11:25', 3, 2, 1),
(23, 17, 40, 0, 0, 0, 0, 0, 0, 0, '2016-10-14 22:37:43', 17, 1, 0),
(24, 18, 41, 0, 0, 0, 0, 0, 0, 0, '2016-10-14 22:37:49', 18, 1, 0),
(25, 18, 40, 0, 0, 0, 0, 0, 0, 0, '2016-10-14 22:42:30', 17, 2, 0),
(26, 18, 40, 0, 0, 0, 0, 0, 0, 0, '2016-10-14 23:43:04', 17, 2, 0),
(27, 18, 40, 0, 0, 0, 0, 0, 0, 0, '2016-10-14 23:44:19', 17, 2, 0),
(28, 18, 40, 0, 0, 0, 0, 0, 0, 0, '2016-10-15 00:17:22', 17, 2, 0),
(29, 18, 40, 0, 0, 0, 0, 0, 0, 0, '2016-10-15 00:25:20', 17, 2, 0),
(30, 18, 40, 0, 0, 0, 0, 0, 0, 0, '2016-10-15 00:27:47', 17, 2, 0),
(31, 18, 40, 0, 0, 0, 0, 0, 0, 0, '2016-10-15 00:28:01', 17, 2, 0),
(32, 19, 48, 0, 0, 0, 0, 0, 0, 0, '2016-10-15 00:32:10', 18, 3, 0),
(33, 17, 50, 0, 0, 0, 0, 0, 0, 0, '2016-10-15 09:20:32', 17, 1, 0),
(34, 17, 51, 51, 0, 0, 0, 0, 0, 0, '2016-10-15 09:29:36', 17, 1, 0),
(35, 18, 51, 0, 0, 0, 0, 0, 0, 0, '2016-10-15 09:33:44', 17, 3, 0),
(36, 18, 51, 51, 0, 0, 0, 0, 0, 0, '2016-10-15 09:40:06', 17, 3, 0),
(37, 17, 54, 54, 0, 0, 0, 0, 0, 0, '2016-10-15 09:41:39', 17, 1, 0),
(38, 18, 54, 54, 0, 0, 0, 0, 0, 0, '2016-10-15 09:42:18', 17, 3, 0),
(39, 18, 54, 54, 0, 0, 0, 0, 0, 0, '2016-10-15 09:49:22', 17, 2, 0),
(40, 17, 57, 57, 0, 0, 0, 0, 0, 0, '2016-10-15 10:05:18', 17, 1, 0),
(41, 18, 57, 57, 0, 0, 0, 0, 0, 0, '2016-10-15 10:06:21', 17, 3, 0),
(42, 17, 59, 59, 0, 0, 0, 0, 0, 0, '2016-10-15 10:08:30', 17, 1, 0),
(43, 18, 59, 59, 0, 0, 0, 0, 0, 0, '2016-10-15 10:09:08', 17, 2, 0),
(44, 19, 60, 59, 0, 0, 0, 0, 0, 0, '2016-10-15 10:10:55', 18, 2, 0),
(45, 20, 61, 59, 0, 0, 0, 0, 0, 0, '2016-10-15 10:12:02', 19, 3, 0),
(46, 1, 63, 63, 0, 0, 0, 0, 0, 0, '2016-10-15 15:57:41', 1, 1, 1),
(47, 1, 64, 64, 0, 0, 0, 0, 0, 0, '2016-10-24 14:28:14', 1, 1, 1),
(48, 1, 64, 64, 0, 0, 0, 0, 0, 0, '2016-10-24 15:35:29', 1, 2, 1),
(49, 1, 64, 64, 0, 0, 0, 0, 0, 0, '2016-10-25 20:29:09', 1, 2, 1),
(50, 26, 64, 64, 0, 0, 0, 0, 0, 0, '2016-10-25 20:34:27', 1, 3, 1),
(51, 17, 64, 64, 0, 0, 0, 0, 0, 0, '2016-10-25 20:36:55', 1, 3, 1),
(52, 18, 69, 69, 0, 0, 0, 0, 0, 0, '2016-10-25 21:17:42', 18, 1, 0),
(53, 19, 70, 70, 0, 0, 0, 0, 0, 0, '2016-10-25 21:17:59', 19, 1, 0),
(54, 17, 70, 70, 0, 0, 0, 0, 0, 0, '2016-10-26 20:49:52', 19, 2, 0),
(55, 10, 71, 70, 0, 0, 0, 0, 0, 0, '2016-10-26 20:55:00', 17, 3, 0),
(56, 1, 72, 70, 0, 0, 0, 0, 0, 0, '2016-10-26 21:29:23', 10, 4, 0),
(57, 4, 72, 70, 0, 0, 0, 0, 0, 0, '2016-10-26 21:33:30', 10, 4, 0),
(58, 21, 74, 70, 0, 0, 0, 0, 0, 0, '2016-10-26 21:54:29', 4, 3, 1),
(59, 17, 75, 70, 0, 0, 0, 0, 0, 0, '2016-10-26 21:58:42', 21, 2, 0),
(60, 1, 77, 77, 0, 0, 0, 0, 0, 0, '2016-10-30 23:35:46', 1, 1, 1),
(61, 2, 77, 77, 2, 0, 0, 0, 0, 0, '2016-10-30 23:49:32', 1, 2, 1),
(62, 17, 77, 77, 17, 0, 0, 0, 0, 0, '2016-10-30 23:54:50', 1, 2, 1),
(63, 17, 78, 77, 0, 17, 0, 0, 0, 0, '2016-10-30 23:55:13', 2, 3, 1),
(64, 19, 78, 77, 0, 19, 0, 0, 0, 0, '2016-10-31 00:06:47', 2, 3, 1),
(65, 19, 78, 77, 2, 19, 0, 0, 0, 0, '2016-10-31 00:09:42', 2, 3, 1),
(66, 25, 82, 77, 2, 19, 25, 0, 0, 0, '2016-10-31 00:10:48', 19, 4, 0),
(67, 2, 83, 77, 2, 2, 0, 0, 0, 0, '2016-10-31 00:11:41', 25, 3, 0),
(68, 2, 83, 77, 2, 0, 0, 0, 0, 0, '2016-10-31 00:20:25', 25, 2, 0),
(69, 3, 85, 77, 2, 3, 0, 0, 0, 0, '2016-10-31 00:21:33', 2, 3, 1),
(70, 3, 85, 77, 3, 0, 0, 0, 0, 0, '2016-10-31 00:22:29', 2, 2, 1),
(71, 19, 86, 77, 17, 19, 0, 0, 0, 0, '2016-10-31 00:23:07', 3, 3, 1),
(72, 19, 88, 77, 17, 19, 0, 0, 0, 0, '2016-10-31 00:25:03', 19, 3, 0),
(73, 1, 90, 90, 0, 0, 0, 0, 0, 0, '2016-10-31 14:15:17', 1, 1, 1),
(74, 2, 90, 90, 2, 0, 0, 0, 0, 0, '2016-10-31 14:19:46', 1, 2, 1),
(75, 19, 91, 90, 2, 19, 0, 0, 0, 0, '2016-10-31 14:20:31', 2, 3, 1),
(76, 26, 92, 90, 2, 19, 26, 0, 0, 0, '2016-10-31 14:21:14', 19, 4, 0),
(77, 26, 93, 90, 2, 19, 26, 26, 0, 0, '2016-10-31 14:27:51', 26, 5, 0),
(78, 25, 94, 90, 2, 19, 26, 26, 25, 0, '2016-10-31 15:06:29', 26, 6, 0),
(79, 3, 95, 90, 3, 0, 0, 0, 0, 0, '2016-10-31 15:06:58', 25, 2, 0),
(80, 12, 95, 90, 2, 19, 26, 26, 25, 12, '2016-10-31 16:02:59', 25, 7, 0),
(81, 13, 95, 90, 2, 19, 26, 26, 25, 13, '2016-10-31 16:04:31', 25, 7, 0),
(82, 14, 95, 90, 2, 19, 26, 26, 25, 14, '2016-10-31 16:06:33', 25, 7, 0),
(83, 15, 95, 90, 2, 19, 26, 26, 25, 15, '2016-10-31 16:11:27', 25, 7, 0),
(84, 17, 95, 90, 2, 19, 17, 0, 0, 0, '2016-10-31 16:12:52', 25, 4, 0),
(85, 27, 102, 102, 0, 0, 0, 0, 0, 0, '2016-11-07 19:29:37', 27, 1, 0),
(86, 6, 90, 90, 6, 0, 0, 0, 0, 0, '2016-11-08 18:37:28', 1, 2, 1),
(87, 6, 90, 90, 6, 0, 0, 0, 0, 0, '2016-11-08 18:42:05', 1, 2, 1),
(88, 6, 90, 90, 6, 0, 0, 0, 0, 0, '2016-11-08 18:43:22', 1, 2, 1),
(89, 6, 90, 90, 6, 0, 0, 0, 0, 0, '2016-11-08 18:43:49', 1, 2, 1),
(90, 27, 107, 107, 0, 0, 0, 0, 0, 0, '2016-11-08 21:54:31', 27, 1, 0),
(91, 27, 108, 108, 0, 0, 0, 0, 0, 0, '2016-11-08 22:07:04', 27, 1, 0),
(92, 27, 109, 109, 0, 0, 0, 0, 0, 0, '2016-11-13 15:41:15', 27, 1, 0),
(93, 2, 110, 110, 0, 0, 0, 0, 0, 0, '2016-11-13 18:47:59', 2, 1, 1),
(94, 2, 111, 111, 0, 0, 0, 0, 0, 0, '2016-11-13 18:48:01', 2, 1, 1),
(95, 2, 112, 112, 0, 0, 0, 0, 0, 0, '2016-11-13 18:48:02', 2, 1, 1),
(96, 2, 113, 113, 0, 0, 0, 0, 0, 0, '2016-11-13 18:48:02', 2, 1, 1),
(97, 2, 114, 114, 0, 0, 0, 0, 0, 0, '2016-11-13 18:48:03', 2, 1, 1),
(98, 2, 115, 115, 0, 0, 0, 0, 0, 0, '2016-11-13 18:48:04', 2, 1, 1),
(99, 2, 116, 116, 0, 0, 0, 0, 0, 0, '2016-11-13 18:48:04', 2, 1, 1),
(100, 2, 117, 117, 0, 0, 0, 0, 0, 0, '2016-11-13 18:48:05', 2, 1, 1),
(101, 2, 118, 118, 0, 0, 0, 0, 0, 0, '2016-11-13 18:48:06', 2, 1, 1),
(102, 2, 119, 119, 0, 0, 0, 0, 0, 0, '2016-11-13 18:48:06', 2, 1, 1),
(103, 2, 120, 120, 0, 0, 0, 0, 0, 0, '2016-11-13 18:48:07', 2, 1, 1),
(104, 2, 121, 121, 0, 0, 0, 0, 0, 0, '2016-11-13 18:48:08', 2, 1, 1),
(106, 32, 90, 90, 32, 0, 0, 0, 0, 0, '2016-11-13 19:25:35', 1, 2, 1),
(107, 2, 124, 124, 0, 0, 0, 0, 0, 0, '2016-11-15 13:18:14', 2, 1, 1),
(108, 3, 125, 125, 0, 0, 0, 0, 0, 0, '2016-11-15 13:18:24', 3, 1, 1),
(109, 3, 126, 126, 0, 0, 0, 0, 0, 0, '2016-11-15 13:23:36', 3, 1, 1),
(110, 3, 127, 127, 0, 0, 0, 0, 0, 0, '2016-11-15 13:25:59', 3, 1, 1),
(111, 2, 90, 90, 2, 0, 0, 0, 0, 0, '2016-11-15 13:40:39', 1, 2, 1),
(112, 2, 90, 90, 2, 0, 0, 0, 0, 0, '2016-11-15 13:42:03', 1, 2, 1),
(113, 2, 90, 90, 2, 0, 0, 0, 0, 0, '2016-11-15 13:42:09', 1, 2, 1),
(114, 2, 90, 90, 2, 0, 0, 0, 0, 0, '2016-11-15 13:42:50', 1, 2, 1),
(115, 2, 90, 90, 2, 0, 0, 0, 0, 0, '2016-11-15 13:44:57', 1, 2, 1),
(116, 3, 90, 90, 3, 0, 0, 0, 0, 0, '2016-11-15 13:45:16', 1, 2, 1),
(117, 3, 134, 134, 0, 0, 0, 0, 0, 0, '2016-11-15 22:43:02', 3, 1, 1),
(118, 3, 135, 135, 0, 0, 0, 0, 0, 0, '2016-11-20 23:18:33', 3, 1, 1),
(119, 3, 136, 136, 0, 0, 0, 0, 0, 0, '2016-11-20 23:36:07', 3, 1, 1),
(120, 3, 137, 137, 0, 0, 0, 0, 0, 0, '2016-11-20 23:36:36', 3, 1, 1),
(121, 3, 138, 138, 0, 0, 0, 0, 0, 0, '2016-11-21 11:12:28', 3, 1, 1),
(122, 3, 139, 139, 0, 0, 0, 0, 0, 0, '2016-11-27 13:44:37', 3, 1, 1),
(123, 3, 140, 140, 0, 0, 0, 0, 0, 0, '2016-11-27 13:47:53', 3, 1, 1),
(124, 3, 141, 141, 0, 0, 0, 0, 0, 0, '2016-11-27 13:48:14', 3, 1, 1),
(125, 3, 90, 90, 3, 0, 0, 0, 0, 0, '2016-11-30 19:52:41', 1, 2, 1),
(126, 18, 90, 90, 18, 0, 0, 0, 0, 0, '2016-11-30 19:58:08', 1, 2, 1),
(127, 19, 148, 90, 18, 19, 0, 0, 0, 0, '2016-11-30 19:59:50', 18, 3, 0),
(128, 20, 148, 90, 18, 20, 0, 0, 0, 0, '2016-11-30 19:59:58', 18, 3, 0),
(129, 26, 148, 90, 18, 26, 0, 0, 0, 0, '2016-11-30 20:03:38', 18, 3, 0),
(130, 26, 148, 90, 18, 26, 0, 0, 0, 0, '2016-11-30 20:11:17', 18, 3, 0),
(131, 26, 148, 90, 18, 26, 0, 0, 0, 0, '2016-11-30 20:13:05', 18, 3, 0),
(132, 3, 154, 154, 0, 0, 0, 0, 0, 0, '2016-12-08 00:32:16', 3, 1, 1),
(133, 3, 155, 155, 0, 0, 0, 0, 0, 0, '2016-12-12 09:17:25', 3, 1, 1),
(134, 3, 156, 156, 0, 0, 0, 0, 0, 0, '2016-12-12 14:08:16', 3, 1, 1),
(135, 3, 157, 157, 0, 0, 0, 0, 0, 0, '2016-12-12 14:11:33', 3, 1, 1),
(136, 3, 158, 158, 0, 0, 0, 0, 0, 0, '2016-12-12 14:12:36', 3, 1, 1),
(137, 3, 159, 159, 0, 0, 0, 0, 0, 0, '2016-12-12 14:12:44', 3, 1, 1),
(138, 3, 160, 160, 0, 0, 0, 0, 0, 0, '2016-12-12 14:36:07', 3, 1, 1),
(139, 3, 161, 161, 0, 0, 0, 0, 0, 0, '2016-12-12 14:37:44', 3, 1, 1),
(140, 3, 162, 162, 0, 0, 0, 0, 0, 0, '2016-12-12 14:37:56', 3, 1, 1),
(141, 3, 163, 163, 0, 0, 0, 0, 0, 0, '2016-12-12 14:38:42', 3, 1, 1),
(142, 3, 164, 164, 0, 0, 0, 0, 0, 0, '2016-12-12 14:42:32', 3, 1, 1),
(143, 3, 165, 165, 0, 0, 0, 0, 0, 0, '2016-12-12 14:55:06', 3, 1, 1),
(144, 2, 165, 165, 2, 0, 0, 0, 0, 0, '2016-12-12 15:07:25', 3, 2, 1),
(145, 1, 166, 165, 1, 0, 0, 0, 0, 0, '2016-12-14 00:10:05', 2, 2, 1),
(146, 1, 169, 169, 0, 0, 0, 0, 0, 0, '2016-12-21 20:43:12', 1, 1, 1),
(147, 3, 170, 170, 0, 0, 0, 0, 0, 0, '2016-12-21 20:49:41', 3, 1, 1),
(148, 4, 171, 171, 0, 0, 0, 0, 0, 0, '2016-12-21 20:57:08', 4, 1, 1),
(149, 1, 171, 171, 1, 0, 0, 0, 0, 0, '2016-12-21 21:07:24', 4, 2, 1),
(150, 15, 172, 171, 1, 15, 0, 0, 0, 0, '2016-12-21 21:14:37', 1, 3, 1),
(151, 3, 174, 174, 0, 0, 0, 0, 0, 0, '2016-12-25 00:35:23', 3, 1, 1),
(152, 3, 174, 174, 3, 0, 0, 0, 0, 0, '2016-12-26 15:39:33', 3, 2, 1),
(153, 1, 176, 176, 0, 0, 0, 0, 0, 0, '2017-01-05 15:33:00', 1, 1, 1),
(154, 4, 177, 177, 0, 0, 0, 0, 0, 0, '2017-01-06 20:56:58', 4, 1, 1),
(155, 4, 178, 178, 0, 0, 0, 0, 0, 0, '2017-01-13 19:32:47', 4, 1, 1),
(156, 1, 178, 178, 1, 0, 0, 0, 0, 0, '2017-01-15 00:59:10', 4, 2, 1),
(157, 1, 177, 177, 1, 0, 0, 0, 0, 0, '2017-01-15 02:26:55', 4, 2, 1),
(158, 4, 181, 181, 0, 0, 0, 0, 0, 0, '2017-01-15 15:22:55', 4, 1, 1),
(159, 1, 181, 181, 1, 0, 0, 0, 0, 0, '2017-02-02 12:46:01', 4, 2, 1),
(160, 1, 183, 183, 0, 0, 0, 0, 0, 0, '2017-02-07 22:54:10', 1, 1, 1),
(161, 1, 90, 90, 1, 0, 0, 0, 0, 0, '2017-02-09 01:38:02', 1, 2, 1),
(162, 1, 41, 41, 1, 0, 0, 0, 0, 0, '2017-02-09 01:38:12', 18, 2, 0),
(163, 1, 64, 64, 1, 0, 0, 0, 0, 0, '2017-02-09 01:38:42', 1, 2, 1),
(164, 1, 70, 70, 1, 0, 0, 0, 0, 0, '2017-02-09 01:38:53', 19, 2, 0),
(165, 1, 77, 77, 1, 0, 0, 0, 0, 0, '2017-02-09 01:39:05', 1, 2, 1),
(166, 1, 90, 90, 1, 0, 0, 0, 0, 0, '2017-02-11 20:17:05', 1, 2, 1),
(167, 1, 181, 181, 1, 0, 0, 0, 0, 0, '2017-02-11 20:20:50', 4, 2, 1),
(168, 1, 158, 158, 1, 0, 0, 0, 0, 0, '2017-02-11 20:31:53', 3, 2, 1),
(169, 1, 192, 192, 0, 0, 0, 0, 0, 0, '2017-02-11 22:20:31', 1, 1, 1),
(170, 1, 193, 193, 0, 0, 0, 0, 0, 0, '2017-02-11 22:29:16', 1, 1, 1),
(171, 1, 194, 194, 0, 0, 0, 0, 0, 0, '2017-02-17 00:44:38', 1, 1, 1),
(172, 1, 181, 181, 1, 0, 0, 0, 0, 0, '2017-02-18 13:14:03', 4, 2, 1),
(173, 1, 196, 196, 0, 0, 0, 0, 0, 0, '2017-02-18 14:04:50', 1, 1, 1),
(174, 1, 197, 197, 0, 0, 0, 0, 0, 0, '2017-02-18 17:27:15', 1, 1, 1),
(175, 1, 198, 198, 0, 0, 0, 0, 0, 0, '2017-02-18 17:27:25', 1, 1, 1),
(176, 1, 199, 199, 0, 0, 0, 0, 0, 0, '2017-02-22 00:49:24', 1, 1, 1),
(177, 4, 200, 200, 0, 0, 0, 0, 0, 0, '2017-02-23 00:41:19', 4, 1, 1),
(178, 1, 201, 201, 0, 0, 0, 0, 0, 0, '2017-02-23 00:44:47', 1, 1, 1),
(179, 1, 8, 8, 1, 0, 0, 0, 0, 0, '2017-02-27 21:32:23', 4, 1, 1),
(180, 1, 8, 8, 1, 0, 0, 0, 0, 0, '2017-02-27 21:32:49', 4, 1, 1),
(181, 1, 204, 204, 0, 0, 0, 0, 0, 0, '2017-02-28 11:35:13', 1, 1, 1),
(182, 1, 90, 90, 1, 0, 0, 0, 0, 0, '2017-03-24 21:32:40', 1, 2, 1),
(183, 1, 206, 206, 0, 0, 0, 0, 0, 0, '2017-03-24 21:50:52', 1, 1, 1),
(184, 1, 207, 207, 0, 0, 0, 0, 0, 0, '2017-03-24 21:51:32', 1, 1, 1),
(185, 1, 207, 207, 1, 0, 0, 0, 0, 0, '2017-03-24 21:56:52', 1, 2, 1),
(186, 1, 209, 209, 0, 0, 0, 0, 0, 0, '2017-03-24 22:50:25', 1, 1, 1),
(187, 1, 209, 209, 1, 0, 0, 0, 0, 0, '2017-03-24 22:50:37', 1, 2, 1),
(188, 1, 211, 211, 0, 0, 0, 0, 0, 0, '2017-03-25 22:10:39', 1, 1, 1),
(189, 1, 211, 211, 1, 0, 0, 0, 0, 0, '2017-03-25 22:13:46', 1, 2, 1),
(190, 1, 211, 211, 1, 0, 0, 0, 0, 0, '2017-03-25 22:31:13', 1, 2, 1),
(191, 1, 211, 211, 1, 0, 0, 0, 0, 0, '2017-03-25 22:36:59', 1, 2, 1),
(192, 1, 211, 211, 1, 0, 0, 0, 0, 0, '2017-03-25 22:43:52', 1, 2, 1),
(193, 1, 211, 211, 1, 0, 0, 0, 0, 0, '2017-03-25 22:45:17', 1, 2, 1),
(194, 1, 211, 211, 1, 0, 0, 0, 0, 0, '2017-03-25 22:48:57', 1, 2, 1),
(195, 177, 169, 169, 177, 0, 0, 0, 0, 0, '2017-03-25 23:15:16', 1, 2, 1),
(196, 177, 169, 169, 177, 0, 0, 0, 0, 0, '2017-03-25 23:16:14', 1, 2, 1),
(197, 1, 177, 177, 1, 0, 0, 0, 0, 0, '2017-03-25 23:18:10', 4, 2, 1),
(198, 1, 211, 211, 1, 0, 0, 0, 0, 0, '2017-03-25 23:18:18', 1, 2, 1),
(199, 1, 211, 211, 0, 0, 0, 0, 0, 0, '2017-03-25 23:32:26', 1, 1, 1),
(200, 1, 223, 223, 0, 0, 0, 0, 0, 0, '2017-03-26 15:18:03', 1, 1, 1),
(201, 1, 223, 223, 0, 0, 0, 0, 0, 0, '2017-03-26 15:18:25', 1, 1, 1),
(202, 1, 224, 223, 0, 0, 0, 0, 0, 0, '2017-03-26 15:18:46', 1, 1, 1),
(203, 1, 224, 223, 0, 0, 0, 0, 0, 0, '2017-03-26 15:18:58', 1, 1, 1),
(204, 1, 227, 227, 0, 0, 0, 0, 0, 0, '2017-03-26 15:27:33', 1, 1, 1),
(205, 2, 211, 211, 2, 0, 0, 0, 0, 0, '2017-03-26 18:57:15', 1, 2, 1),
(206, 2, 211, 211, 2, 0, 0, 0, 0, 0, '2017-03-26 19:10:40', 1, 2, 1),
(207, 1, 230, 230, 0, 0, 0, 0, 0, 0, '2017-03-26 21:00:15', 1, 1, 1),
(208, 2, 231, 231, 0, 0, 0, 0, 0, 0, '2017-03-27 20:05:22', 2, 1, 1),
(209, 2, 231, 231, 0, 0, 0, 0, 0, 0, '2017-03-27 20:05:45', 2, 1, 1),
(210, 2, 232, 231, 0, 0, 0, 0, 0, 0, '2017-03-27 20:06:13', 2, 1, 1),
(211, 3, 233, 231, 3, 0, 0, 0, 0, 0, '2017-03-27 20:13:30', 2, 2, 1),
(212, 3, 234, 231, 3, 0, 0, 0, 0, 0, '2017-03-27 20:13:48', 3, 2, 1),
(213, 3, 236, 236, 0, 0, 0, 0, 0, 0, '2017-03-27 22:38:00', 3, 1, 1),
(214, 2, 236, 236, 2, 0, 0, 0, 0, 0, '2017-03-27 22:39:14', 3, 2, 1),
(215, 3, 237, 236, 3, 0, 0, 0, 0, 0, '2017-03-27 22:40:17', 2, 2, 1),
(216, 4, 237, 236, 2, 4, 0, 0, 0, 0, '2017-03-27 22:41:40', 2, 3, 1),
(217, 1, 240, 240, 0, 0, 0, 0, 0, 0, '2017-03-29 15:18:15', 1, 1, 1),
(218, 1, 241, 241, 0, 0, 0, 0, 0, 0, '2017-03-29 15:28:59', 1, 1, 1),
(219, 1, 242, 242, 0, 0, 0, 0, 0, 0, '2017-03-29 16:25:58', 1, 1, 1),
(220, 2, 242, 242, 2, 0, 0, 0, 0, 0, '2017-03-29 22:37:40', 1, 2, 1),
(221, 1, 236, 236, 1, 0, 0, 0, 0, 0, '2017-03-29 22:42:13', 3, 2, 1),
(222, 3, 242, 242, 3, 0, 0, 0, 0, 0, '2017-03-29 22:50:26', 1, 2, 1),
(223, 2, 211, 211, 2, 0, 0, 0, 0, 0, '2017-03-30 21:47:08', 1, 2, 1),
(224, 1, 247, 247, 0, 0, 0, 0, 0, 0, '2017-03-30 22:38:42', 1, 1, 1),
(225, 2, 211, 211, 2, 0, 0, 0, 0, 0, '2017-03-30 23:08:08', 1, 2, 1),
(226, 1, 249, 249, 0, 0, 0, 0, 0, 0, '2017-03-31 21:09:03', 1, 1, 1),
(227, 1, 250, 250, 0, 0, 0, 0, 0, 0, '2017-03-31 23:22:13', 1, 1, 1),
(228, 1, 251, 251, 0, 0, 0, 0, 0, 0, '2017-03-31 23:27:40', 1, 1, 1),
(229, 1, 252, 252, 0, 0, 0, 0, 0, 0, '2017-03-31 23:41:42', 1, 1, 1),
(230, 1, 253, 253, 0, 0, 0, 0, 0, 0, '2017-03-31 23:58:35', 1, 1, 1),
(231, 1, 254, 254, 0, 0, 0, 0, 0, 0, '2017-04-01 01:06:59', 1, 1, 1),
(232, 1, 255, 255, 0, 0, 0, 0, 0, 0, '2017-04-01 01:32:31', 1, 1, 1),
(233, 1, 256, 256, 0, 0, 0, 0, 0, 0, '2017-04-01 01:33:09', 1, 1, 1),
(234, 1, 257, 257, 0, 0, 0, 0, 0, 0, '2017-04-01 01:33:45', 1, 1, 1),
(235, 1, 258, 258, 0, 0, 0, 0, 0, 0, '2017-04-01 01:34:38', 1, 1, 1),
(236, 1, 259, 259, 0, 0, 0, 0, 0, 0, '2017-04-01 01:35:23', 1, 1, 1),
(237, 1, 260, 260, 0, 0, 0, 0, 0, 0, '2017-04-01 01:36:11', 1, 1, 1),
(238, 1, 261, 261, 0, 0, 0, 0, 0, 0, '2017-04-01 01:46:47', 1, 1, 1),
(239, 1, 262, 262, 0, 0, 0, 0, 0, 0, '2017-04-01 01:50:50', 1, 1, 1),
(240, 1, 263, 263, 0, 0, 0, 0, 0, 0, '2017-04-01 02:01:01', 1, 1, 1),
(241, 1, 264, 264, 0, 0, 0, 0, 0, 0, '2017-04-01 02:06:02', 1, 1, 1),
(242, 1, 265, 265, 0, 0, 0, 0, 0, 0, '2017-04-01 02:11:58', 1, 1, 1),
(243, 1, 266, 266, 0, 0, 0, 0, 0, 0, '2017-04-01 02:16:00', 1, 1, 1),
(244, 1, 267, 267, 0, 0, 0, 0, 0, 0, '2017-04-01 02:22:44', 1, 1, 1),
(245, 1, 268, 268, 0, 0, 0, 0, 0, 0, '2017-04-01 02:25:37', 1, 1, 1),
(246, 1, 269, 269, 0, 0, 0, 0, 0, 0, '2017-04-01 02:27:23', 1, 1, 1),
(247, 1, 270, 270, 0, 0, 0, 0, 0, 0, '2017-04-01 02:40:22', 1, 1, 1),
(248, 1, 271, 271, 0, 0, 0, 0, 0, 0, '2017-04-01 02:43:59', 1, 1, 1),
(249, 1, 272, 272, 0, 0, 0, 0, 0, 0, '2017-04-01 02:47:16', 1, 1, 1),
(250, 1, 273, 273, 0, 0, 0, 0, 0, 0, '2017-04-01 22:32:19', 1, 1, 1),
(251, 1, 274, 274, 0, 0, 0, 0, 0, 0, '2017-04-01 23:50:24', 1, 1, 1),
(252, 1, 275, 275, 0, 0, 0, 0, 0, 0, '2017-04-02 00:00:53', 1, 1, 1),
(253, 1, 276, 276, 0, 0, 0, 0, 0, 0, '2017-04-02 00:44:09', 1, 1, 1),
(254, 1, 277, 277, 0, 0, 0, 0, 0, 0, '2017-04-04 09:24:51', 1, 1, 1),
(255, 1, 278, 278, 0, 0, 0, 0, 0, 0, '2017-04-04 09:29:03', 1, 1, 1),
(256, 1, 279, 279, 0, 0, 0, 0, 0, 0, '2017-04-04 09:29:57', 1, 1, 1),
(257, 2, 280, 280, 0, 0, 0, 0, 0, 0, '2017-04-04 09:40:21', 2, 1, 1),
(258, 1, 281, 281, 0, 0, 0, 0, 0, 0, '2017-04-04 12:52:23', 1, 1, 1),
(259, 1, 282, 282, 0, 0, 0, 0, 0, 0, '2017-04-04 12:52:23', 1, 1, 1),
(260, 1, 283, 283, 0, 0, 0, 0, 0, 0, '2017-04-04 13:22:43', 1, 1, 1),
(261, 1, 284, 284, 0, 0, 0, 0, 0, 0, '2017-04-04 23:29:24', 1, 1, 1),
(262, 2, 285, 285, 0, 0, 0, 0, 0, 0, '2017-04-04 23:32:26', 2, 1, 0),
(263, 3, 286, 286, 0, 0, 0, 0, 0, 0, '2017-04-04 23:35:51', 3, 1, 0),
(264, 1, 286, 286, 1, 0, 0, 0, 0, 0, '2017-04-05 00:41:52', 3, 2, 0),
(265, 1, 286, 286, 1, 0, 0, 0, 0, 0, '2017-04-05 01:03:49', 3, 2, 0),
(266, 1, 286, 286, 1, 0, 0, 0, 0, 0, '2017-04-05 10:34:49', 3, 2, 0),
(267, 1, 286, 286, 1, 0, 0, 0, 0, 0, '2017-04-05 10:45:24', 3, 2, 0),
(268, 98, 291, 291, 0, 0, 0, 0, 0, 0, '2017-04-05 10:52:39', 98, 1, 1),
(269, 98, 292, 292, 0, 0, 0, 0, 0, 0, '2017-04-05 11:11:52', 98, 1, 1),
(270, 1, 286, 286, 1, 0, 0, 0, 0, 0, '2017-04-05 17:52:59', 3, 2, 0),
(271, 1, 294, 294, 0, 0, 0, 0, 0, 0, '2017-04-08 15:45:01', 1, 1, 1),
(272, 98, 295, 295, 0, 0, 0, 0, 0, 0, '2017-04-25 19:41:39', 98, 1, 1),
(273, 99, 295, 295, 99, 0, 0, 0, 0, 0, '2017-04-25 19:55:13', 98, 2, 1),
(274, 100, 296, 295, 99, 100, 0, 0, 0, 0, '2017-04-26 21:14:59', 99, 3, 1),
(275, 99, 298, 298, 0, 0, 0, 0, 0, 0, '2017-04-26 21:32:59', 99, 1, 1),
(276, 99, 299, 299, 0, 0, 0, 0, 0, 0, '2017-04-26 21:35:56', 99, 1, 1),
(277, 100, 300, 300, 0, 0, 0, 0, 0, 0, '2017-04-29 08:46:22', 100, 1, 1),
(278, 99, 300, 300, 99, 0, 0, 0, 0, 0, '2017-04-29 08:49:05', 100, 2, 1),
(279, 1, 302, 302, 0, 0, 0, 0, 0, 0, '2017-04-29 17:24:39', 1, 1, 1),
(280, 1, 299, 299, 1, 0, 0, 0, 0, 0, '2017-05-04 15:25:43', 99, 2, 1),
(281, 4, 304, 304, 0, 0, 0, 0, 0, 0, '2017-05-07 12:52:30', 4, 1, 0),
(282, 1, 304, 304, 1, 0, 0, 0, 0, 0, '2017-05-16 20:09:36', 4, 2, 0),
(283, 2, 306, 306, 0, 0, 0, 0, 0, 0, '2017-05-18 23:32:29', 2, 1, 0),
(284, 2, 293, 286, 2, 0, 0, 0, 0, 0, '2017-05-22 22:34:25', 1, 2, 1),
(285, 2, 308, 308, 0, 0, 0, 0, 0, 0, '2017-05-22 22:37:37', 2, 1, 0),
(286, 2, 309, 309, 0, 0, 0, 0, 0, 0, '2017-05-22 22:37:46', 2, 1, 0),
(287, 2, 310, 310, 0, 0, 0, 0, 0, 0, '2017-05-22 22:38:00', 2, 1, 0),
(288, 2, 311, 311, 0, 0, 0, 0, 0, 0, '2017-05-22 22:38:15', 2, 1, 0),
(289, 1, 293, 286, 1, 1, 0, 0, 0, 0, '2017-05-22 22:41:06', 1, 3, 1),
(290, 1, 293, 286, 1, 1, 0, 0, 0, 0, '2017-05-22 22:41:06', 1, 3, 1),
(291, 4, 293, 286, 1, 4, 0, 0, 0, 0, '2017-05-22 22:48:02', 1, 3, 1),
(292, 4, 293, 286, 1, 4, 0, 0, 0, 0, '2017-05-22 22:48:02', 1, 3, 1),
(293, 4, 316, 316, 0, 0, 0, 0, 0, 0, '2017-05-22 23:00:45', 4, 1, 0),
(294, 4, 317, 317, 0, 0, 0, 0, 0, 0, '2017-05-22 23:00:55', 4, 1, 0),
(295, 4, 318, 318, 0, 0, 0, 0, 0, 0, '2017-05-22 23:01:38', 4, 1, 0),
(296, 2, 319, 319, 0, 0, 0, 0, 0, 0, '2017-05-23 16:22:15', 2, 1, 0),
(297, 99, 291, 291, 99, 0, 0, 0, 0, 0, '2017-06-06 17:45:39', 98, 2, 1),
(298, 99, 297, 295, 99, 0, 0, 0, 0, 0, '2017-06-06 17:48:04', 100, 2, 1),
(299, 99, 322, 322, 0, 0, 0, 0, 0, 0, '2017-06-06 18:02:30', 99, 1, 1),
(300, 99, 286, 286, 99, 0, 0, 0, 0, 0, '2017-06-06 18:31:05', 3, 2, 0),
(301, 99, 313, 286, 99, 99, 0, 0, 0, 0, '2017-06-06 18:36:13', 1, 3, 1),
(302, 99, 325, 325, 0, 0, 0, 0, 0, 0, '2017-06-06 18:51:03', 99, 1, 1),
(303, 98, 325, 325, 98, 0, 0, 0, 0, 0, '2017-06-06 18:51:34', 99, 2, 1),
(304, 99, 327, 327, 0, 0, 0, 0, 0, 0, '2017-06-06 18:58:26', 99, 1, 1),
(305, 100, 327, 327, 100, 0, 0, 0, 0, 0, '2017-06-06 19:08:43', 99, 2, 1),
(306, 100, 327, 327, 100, 0, 0, 0, 0, 0, '2017-06-06 19:08:43', 99, 2, 1),
(307, 98, 330, 330, 0, 0, 0, 0, 0, 0, '2017-06-06 22:49:52', 98, 1, 1),
(308, 99, 330, 330, 99, 0, 0, 0, 0, 0, '2017-06-06 22:52:13', 98, 2, 1),
(309, 100, 331, 330, 99, 100, 0, 0, 0, 0, '2017-06-06 22:55:58', 99, 3, 1),
(310, 100, 236, 236, 100, 0, 0, 0, 0, 0, '2017-06-10 07:08:16', 3, 2, 0),
(311, 2, 334, 334, 0, 0, 0, 0, 0, 0, '2017-06-18 22:41:16', 2, 1, 0),
(312, 1, 335, 335, 0, 0, 0, 0, 0, 0, '2017-06-18 22:54:54', 1, 1, 1),
(313, 1, 336, 336, 0, 0, 0, 0, 0, 0, '2017-06-19 01:04:34', 1, 1, 1),
(314, 98, 337, 337, 0, 0, 0, 0, 0, 0, '2017-06-21 08:51:18', 98, 1, 1),
(315, 98, 338, 338, 0, 0, 0, 0, 0, 0, '2017-06-22 19:32:54', 98, 1, 1),
(316, 98, 339, 339, 0, 0, 0, 0, 0, 0, '2017-06-30 15:42:30', 98, 1, 1),
(317, 98, 340, 340, 0, 0, 0, 0, 0, 0, '2017-07-01 17:10:20', 98, 1, 1),
(318, 98, 341, 341, 0, 0, 0, 0, 0, 0, '2017-07-01 17:20:28', 98, 1, 1),
(319, 99, 339, 339, 99, 0, 0, 0, 0, 0, '2017-07-01 17:22:49', 98, 2, 1),
(320, 100, 342, 339, 99, 100, 0, 0, 0, 0, '2017-07-01 17:23:46', 99, 3, 1),
(321, 98, 344, 344, 0, 0, 0, 0, 0, 0, '2017-07-03 11:03:17', 98, 1, 1),
(322, 98, 345, 345, 0, 0, 0, 0, 0, 0, '2017-07-04 15:30:46', 98, 1, 1),
(323, 98, 346, 346, 0, 0, 0, 0, 0, 0, '2017-07-08 16:02:56', 98, 1, 1),
(324, 1, 347, 347, 0, 0, 0, 0, 0, 0, '2017-07-16 22:09:06', 1, 1, 1),
(325, 93, 348, 348, 0, 0, 0, 0, 0, 0, '2017-07-16 23:18:54', 93, 1, 1),
(326, 93, 347, 347, 93, 0, 0, 0, 0, 0, '2017-07-19 14:13:51', 1, 2, 1),
(327, 101, 350, 350, 0, 0, 0, 0, 0, 0, '2017-07-25 06:35:33', 101, 1, 0),
(328, 102, 351, 351, 0, 0, 0, 0, 0, 0, '2017-07-27 22:10:36', 102, 1, 0),
(329, 93, 347, 347, 93, 0, 0, 0, 0, 0, '2017-08-02 16:38:19', 1, 2, 1),
(330, 99, 353, 353, 0, 0, 0, 0, 0, 0, '2017-08-07 16:58:00', 99, 1, 0);

-- --------------------------------------------------------

--
-- Table structure for table `jianghu_friend`
--

CREATE TABLE IF NOT EXISTS `jianghu_friend` (
  `id` int(10) unsigned NOT NULL AUTO_INCREMENT,
  `user_id` int(10) unsigned NOT NULL,
  `friend_id` int(10) unsigned NOT NULL,
  PRIMARY KEY (`id`)
) ENGINE=InnoDB  DEFAULT CHARSET=utf8 AUTO_INCREMENT=158 ;

--
-- Dumping data for table `jianghu_friend`
--

INSERT INTO `jianghu_friend` (`id`, `user_id`, `friend_id`) VALUES
(1, 1, 5),
(2, 1, 4),
(5, 6, 6),
(6, 1, 1),
(7, 2, 2),
(8, 3, 3),
(9, 4, 4),
(10, 5, 5),
(11, 1, 6),
(12, 7, 7),
(13, 1, 7),
(14, 8, 8),
(15, 9, 9),
(16, 10, 10),
(17, 11, 11),
(18, 12, 12),
(19, 13, 13),
(20, 14, 14),
(21, 15, 15),
(22, 16, 16),
(23, 17, 17),
(24, 18, 18),
(25, 19, 19),
(26, 20, 20),
(27, 21, 21),
(28, 17, 18),
(29, 17, 19),
(30, 17, 19),
(31, 19, 17),
(32, 3, 1),
(33, 0, 0),
(34, 0, 0),
(36, 0, 0),
(37, 0, 0),
(38, 0, 0),
(39, 0, 0),
(40, 0, 0),
(41, 0, 0),
(42, 18, 19),
(43, 19, 18),
(44, 22, 22),
(45, 23, 23),
(46, 24, 24),
(47, 25, 25),
(48, 26, 26),
(49, 10, 15),
(50, 15, 10),
(53, 17, 21),
(55, 21, 17),
(58, 27, 27),
(59, 28, 28),
(60, 29, 29),
(61, 30, 30),
(62, 31, 31),
(63, 33, 33),
(64, 35, 35),
(65, 36, 36),
(66, 37, 37),
(67, 38, 38),
(68, 39, 39),
(69, 1, 18),
(70, 18, 1),
(71, 41, 41),
(72, 42, 42),
(73, 43, 43),
(74, 44, 44),
(75, 45, 45),
(76, 46, 46),
(77, 47, 47),
(78, 48, 48),
(79, 49, 49),
(80, 50, 50),
(81, 1, 20),
(82, 20, 1),
(83, 51, 51),
(84, 52, 52),
(85, 53, 53),
(86, 54, 54),
(87, 55, 55),
(88, 56, 56),
(89, 57, 57),
(90, 58, 58),
(91, 59, 59),
(92, 60, 60),
(93, 61, 61),
(94, 62, 62),
(95, 63, 63),
(96, 64, 64),
(97, 65, 65),
(98, 66, 66),
(99, 67, 67),
(100, 68, 68),
(101, 69, 69),
(102, 70, 70),
(103, 71, 71),
(104, 72, 72),
(105, 73, 73),
(106, 74, 74),
(107, 84, 84),
(108, 85, 85),
(109, 86, 86),
(110, 87, 87),
(111, 88, 88),
(112, 89, 89),
(113, 90, 90),
(114, 91, 91),
(115, 92, 92),
(116, 1, 18),
(117, 18, 1),
(118, 93, 93),
(119, 94, 94),
(120, 95, 95),
(121, 96, 96),
(122, 94, 3),
(123, 3, 94),
(124, 2, 3),
(125, 3, 2),
(126, 2, 4),
(127, 4, 2),
(130, 97, 97),
(132, 1, 4),
(133, 4, 1),
(134, 1, 4),
(135, 4, 1),
(136, 99, 99),
(137, 98, 99),
(138, 99, 98),
(139, 100, 100),
(140, 99, 100),
(141, 100, 99),
(142, 1, 1),
(143, 1, 1),
(145, 1, 99),
(146, 1, 2),
(147, 2, 1),
(148, 101, 101),
(149, 98, 101),
(150, 101, 98),
(151, 98, 98),
(152, 98, 98),
(153, 99, 98),
(154, 98, 99),
(155, 93, 1),
(156, 1, 93),
(157, 102, 102);

-- --------------------------------------------------------

--
-- Table structure for table `jianghu_friend_request`
--

CREATE TABLE IF NOT EXISTS `jianghu_friend_request` (
  `id` int(10) unsigned NOT NULL AUTO_INCREMENT,
  `user_id` int(10) unsigned NOT NULL,
  `friend_id` int(10) unsigned NOT NULL,
  `date` date NOT NULL,
  `state` tinyint(3) unsigned NOT NULL COMMENT '未读则为零，已读则为一',
  PRIMARY KEY (`id`)
) ENGINE=InnoDB  DEFAULT CHARSET=utf8 COMMENT='朋友请求表' AUTO_INCREMENT=26 ;

--
-- Dumping data for table `jianghu_friend_request`
--

INSERT INTO `jianghu_friend_request` (`id`, `user_id`, `friend_id`, `date`, `state`) VALUES
(8, 1, 94, '2017-03-24', 1),
(9, 1, 94, '2017-03-24', 1),
(11, 5, 10, '2017-03-27', 0),
(12, 5, 10, '2017-03-27', 0),
(13, 90, 94, '2017-04-05', 0),
(14, 90, 94, '2017-04-05', 0),
(25, 99, 102, '2017-07-28', 0);

-- --------------------------------------------------------

--
-- Table structure for table `jianghu_homepage`
--

CREATE TABLE IF NOT EXISTS `jianghu_homepage` (
  `id` int(11) NOT NULL AUTO_INCREMENT,
  `url` varchar(300) NOT NULL,
  `time` datetime NOT NULL,
  PRIMARY KEY (`id`)
) ENGINE=InnoDB  DEFAULT CHARSET=utf8 AUTO_INCREMENT=8 ;

--
-- Dumping data for table `jianghu_homepage`
--

INSERT INTO `jianghu_homepage` (`id`, `url`, `time`) VALUES
(1, 'http://121.42.203.85/jianghu/Uploads/2017-07-19/596ec65948e36.png', '2017-07-19 10:39:21'),
(2, 'http://121.42.203.85/jianghu/Uploads/2017-07-19/596ec71ea8f9d.jpg', '2017-07-19 10:42:38'),
(3, 'http://121.42.203.85/jianghu/Uploads/2017-07-19/596ec7a1cdfa2.jpg', '2017-07-19 10:44:49'),
(4, 'http://121.42.203.85/jianghu/Uploads/2017-08-03/5982ec71d1fe9.jpg', '2017-08-03 17:27:13'),
(5, 'http://121.42.203.85/jianghu/Uploads/2017-08-03/5982f511d86a7.jpg', '2017-08-03 18:04:01'),
(6, 'http://121.42.203.85/jianghu/Uploads/2017-08-03/5982f5692da4c.jpg', '2017-08-03 18:05:29'),
(7, 'http://121.42.203.85/jianghu/Uploads/2017-08-03/5982f74a59cff.jpg', '2017-08-03 18:13:30');

-- --------------------------------------------------------

--
-- Table structure for table `jianghu_introduce`
--

CREATE TABLE IF NOT EXISTS `jianghu_introduce` (
  `id` int(10) unsigned NOT NULL AUTO_INCREMENT,
  `user_id` int(11) NOT NULL,
  `text` text NOT NULL COMMENT '文字内容',
  `degree` mediumint(11) NOT NULL COMMENT '度数',
  `time` datetime NOT NULL,
  `forwardnum` mediumint(10) unsigned NOT NULL COMMENT '转采量',
  `praisenum` mediumint(10) unsigned NOT NULL COMMENT '点赞量',
  `opposenum` mediumint(10) unsigned NOT NULL COMMENT '踩数',
  `collectnum` mediumint(10) unsigned NOT NULL COMMENT '收藏量',
  `isforward` int(10) unsigned DEFAULT NULL COMMENT '如果不是转载则为null，否则为转载的原始推荐的id',
  `commentnum` mediumint(10) unsigned NOT NULL,
  `forward_id` int(10) unsigned NOT NULL COMMENT '若该推荐是转载的，保存转载记录的id',
  `alldegree` tinyint(8) unsigned NOT NULL COMMENT '三度以上的度数总和，用于江湖返回推荐',
  `business_id` mediumint(8) unsigned NOT NULL COMMENT '商户id',
  `business_name` varchar(30) NOT NULL COMMENT '商户名字',
  `business_website` text NOT NULL,
  `domain` varchar(30) NOT NULL,
  `isban` tinyint(4) NOT NULL COMMENT '0是正常，1是已禁止',
  `business_latitude` varchar(50) NOT NULL,
  `business_longtitude` varchar(50) NOT NULL,
  `business_addr` varchar(100) NOT NULL,
  PRIMARY KEY (`id`)
) ENGINE=InnoDB  DEFAULT CHARSET=utf8 COMMENT='推荐表' AUTO_INCREMENT=354 ;

--
-- Dumping data for table `jianghu_introduce`
--

INSERT INTO `jianghu_introduce` (`id`, `user_id`, `text`, `degree`, `time`, `forwardnum`, `praisenum`, `opposenum`, `collectnum`, `isforward`, `commentnum`, `forward_id`, `alldegree`, `business_id`, `business_name`, `business_website`, `domain`, `isban`, `business_latitude`, `business_longtitude`, `business_addr`) VALUES
(7, 1, '这是he的推荐', 0, '2016-09-26 15:00:15', 0, 3, 0, 0, NULL, 0, 0, 0, 0, '0', '', '', 0, '23.1855764799', '113.3036327362', ''),
(8, 4, '这是huang的推荐', 0, '2016-09-26 15:00:29', 8, 13, 2, 0, NULL, 0, 0, 0, 0, '0', '', '', 0, '23.1803680000', '113.2049290000', ''),
(9, 3, '这是wang的推荐', 0, '2016-09-26 15:00:40', 2, 1, 0, 0, NULL, 0, 0, 0, 0, '0', '', '', 0, '22.9462890000', '113.3699340000', ''),
(10, 5, '这是li的推荐', 0, '2016-09-26 15:00:51', 0, 1, 1, 0, NULL, 0, 0, 0, 0, '0', '', '', 0, '23.1733910000', '113.2839080000', ''),
(11, 2, '这是chen的推荐', 0, '2016-09-26 15:01:14', 0, 2, 0, 0, NULL, 1, 0, 0, 0, '0', '', '', 0, '', '', ''),
(12, 1, 'he转发huang的评论', 0, '2016-09-26 15:05:39', 0, 0, 0, 0, 8, 0, 0, 0, 0, '0', '', '', 0, '', '', ''),
(13, 2, 'chen转发huang的评论', 0, '2016-09-26 15:06:52', 0, 0, 0, 0, 8, 0, 0, 0, 0, '0', '', '', 0, '', '', ''),
(14, 1, 'he转发了wang的推荐', 0, '2016-09-27 19:44:50', 0, 0, 0, 0, 9, 0, 0, 0, 0, '0', '', '', 0, '', '', ''),
(15, 1, 'he转发了wang的推荐', 0, '2016-09-27 19:46:28', 0, 0, 0, 0, 9, 0, 0, 0, 0, '0', '', '', 0, '', '', ''),
(16, 1, '123', 0, '2016-09-30 14:14:16', 0, 0, 0, 0, 8, 0, 0, 0, 0, '0', '', '', 0, '', '', ''),
(17, 1, '123', 0, '2016-09-30 14:19:20', 0, 0, 0, 0, 8, 0, 0, 0, 0, '0', '', '', 0, '', '', ''),
(18, 1, '123', 0, '2016-09-30 14:20:47', 0, 0, 0, 0, 8, 0, 0, 0, 0, '0', '', '', 0, '', '', ''),
(19, 3, '这是wang的推荐', 0, '2016-10-01 19:35:23', 0, 24, 0, 0, NULL, 0, 0, 0, 0, '0', '', '', 0, '', '', ''),
(21, 1, 'he的二次转发', 0, '2016-10-01 19:42:31', 0, 10, 0, 0, 8, 0, 0, 0, 0, '0', '', '', 0, '', '', ''),
(22, 3, '这是wang的推荐', 0, '2016-10-01 22:08:43', 0, 1, 0, 0, NULL, 0, 0, 0, 0, '0', '', '', 0, '', '', ''),
(23, 8, '这是jiao的推荐', 0, '2016-10-03 19:16:48', 0, 1, 0, 0, NULL, 0, 0, 0, 0, '0', '', '', 0, '', '', ''),
(24, 1, '这是he的推荐', 0, '2016-10-03 19:20:20', 0, 0, 0, 0, NULL, 0, 0, 0, 0, '0', '', '', 0, '', '', ''),
(25, 1, '这是he的', 1, '2016-10-14 15:09:35', 0, 0, 0, 0, NULL, 0, 0, 0, 0, '0', '', '', 0, '', '', ''),
(26, 1, '这是he的', 1, '2016-10-14 15:48:05', 13, 0, 0, 0, NULL, 0, 0, 0, 0, '0', '', '', 0, '', '', ''),
(27, 2, '123', 1, '2016-10-14 17:02:49', 0, 0, 0, 0, 26, 0, 0, 0, 0, '0', '', '', 0, '', '', ''),
(28, 16, '123', 1, '2016-10-14 17:03:42', 0, 0, 0, 0, 26, 0, 0, 0, 0, '0', '', '', 0, '', '', ''),
(29, 16, '123', 1, '2016-10-14 19:34:04', 0, 0, 0, 0, 26, 0, 0, 0, 0, '0', '', '', 0, '', '', ''),
(30, 16, '123', 1, '2016-10-14 19:38:06', 0, 0, 0, 0, 26, 0, 0, 0, 0, '0', '', '', 0, '', '', ''),
(31, 16, '123', 1, '2016-10-14 19:39:37', 0, 0, 0, 0, 26, 0, 0, 0, 0, '0', '', '', 0, '', '', ''),
(32, 16, '123', 2, '2016-10-14 19:40:27', 0, 0, 0, 0, 26, 0, 0, 0, 0, '0', '', '', 0, '', '', ''),
(33, 2, '123', 2, '2016-10-14 20:04:20', 0, 0, 0, 0, 26, 0, 0, 0, 0, '0', '', '', 0, '', '', ''),
(34, 3, '123', 2, '2016-10-14 20:05:07', 0, 0, 0, 0, 26, 0, 0, 0, 0, '0', '', '', 0, '', '', ''),
(35, 7, '123', 2, '2016-10-14 20:06:22', 0, 0, 0, 0, 26, 0, 0, 0, 0, '0', '', '', 0, '', '', ''),
(36, 16, '123', 2, '2016-10-14 20:06:56', 0, 0, 0, 0, 26, 0, 0, 0, 0, '0', '', '', 0, '', '', ''),
(37, 16, '123', 2, '2016-10-14 20:09:59', 0, 0, 0, 0, 26, 0, 0, 0, 0, '0', '', '', 0, '', '', ''),
(38, 16, '123', 2, '2016-10-14 20:10:18', 0, 0, 0, 0, 26, 0, 0, 0, 0, '0', '', '', 0, '', '', ''),
(39, 16, '123', 2, '2016-10-14 20:11:25', 0, 0, 0, 0, 26, 0, 0, 0, 0, '0', '', '', 0, '', '', ''),
(40, 17, '这是A的', 1, '2016-10-14 22:37:43', 7, 2, 0, 0, NULL, 0, 0, 0, 0, '0', '', '', 0, '', '', ''),
(41, 18, '这是B的', 1, '2016-10-14 22:37:49', 1, 1, 0, 0, NULL, 0, 0, 0, 0, '0', '', '', 0, '', '', ''),
(42, 18, '123', 2, '2016-10-14 22:42:30', 0, 1, 1, 0, NULL, 0, 0, 12, 0, '0', '', '', 0, '', '', ''),
(43, 18, '123', 2, '2016-10-14 23:43:04', 0, 1, 1, 0, NULL, 1, 0, 30, 0, '0', '', '', 0, '', '', ''),
(44, 18, '123', 2, '2016-10-14 23:44:19', 0, 0, 1, 0, NULL, 0, 0, 0, 0, '0', '', '', 0, '', '', ''),
(45, 18, '123', 2, '2016-10-15 00:17:22', 0, 1, 0, 0, NULL, 0, 0, 0, 0, '0', '', '', 0, '', '', ''),
(46, 18, '123', 2, '2016-10-15 00:25:20', 0, 0, 0, 0, NULL, 0, 0, 0, 0, '0', '', '', 0, '', '', ''),
(47, 18, '123', 2, '2016-10-15 00:27:47', 0, 1, 0, 0, NULL, 0, 0, 0, 0, '0', '', '', 0, '', '', ''),
(48, 18, '123', 2, '2016-10-15 00:28:01', 1, 1, 0, 0, NULL, 0, 0, 0, 0, '0', '', '', 0, '', '', ''),
(49, 19, '123', 3, '2016-10-15 00:32:10', 0, 1, 0, 0, NULL, 0, 0, 0, 0, '0', '', '', 0, '', '', ''),
(50, 17, '这是A的', 1, '2016-10-15 09:20:32', 0, 0, 1, 0, NULL, 0, 0, 0, 0, '0', '', '', 0, '', '', ''),
(51, 17, '这是A的', 2, '2016-10-15 09:29:36', 2, 1, 0, 0, NULL, 0, 0, 0, 0, '0', '', '', 0, '', '', ''),
(52, 18, '123', 3, '2016-10-15 09:33:44', 0, 0, 1, 0, NULL, 0, 0, 0, 0, '0', '', '', 0, '', '', ''),
(53, 18, '123', 3, '2016-10-15 09:40:06', 0, 0, 0, 0, 51, 0, 0, 0, 0, '0', '', '', 0, '', '', ''),
(54, 17, '这是A的', 2, '2016-10-15 09:41:39', 2, 1, 1, 0, NULL, 0, 0, 6, 0, '0', '', '', 0, '', '', ''),
(55, 18, '123', 3, '2016-10-15 09:42:18', 0, 0, 0, 0, 54, 0, 0, 0, 0, '0', '', '', 0, '', '', ''),
(56, 18, '123', 2, '2016-10-15 09:49:22', 0, 0, 0, 0, 54, 0, 0, 0, 0, '0', '', '', 0, '', '', ''),
(57, 17, '这是A的', 2, '2016-10-15 10:05:17', 1, 0, 0, 0, NULL, 0, 0, 0, 0, '0', '', '', 0, '', '', ''),
(58, 18, '123', 3, '2016-10-15 10:06:21', 0, 0, 0, 0, 57, 0, 0, 0, 0, '0', '', '', 0, '', '', ''),
(59, 17, '这是A的', 3, '2016-10-15 10:08:30', 1, 0, 0, 0, NULL, 0, 0, 0, 0, '0', '', '', 0, '', '', ''),
(60, 18, '123', 2, '2016-10-15 10:09:08', 1, 0, 0, 0, 59, 0, 0, 0, 0, '0', '', '', 0, '', '', ''),
(61, 19, '123', 2, '2016-10-15 10:10:55', 1, 0, 0, 0, 59, 0, 0, 0, 0, '0', '', '', 0, '', '', ''),
(62, 20, '123', 3, '2016-10-15 10:12:02', 0, 0, 0, 0, 59, 0, 0, 0, 0, '0', '', '', 0, '', '', ''),
(63, 1, '123', 1, '2016-10-15 15:57:40', 0, 1, 1, 0, NULL, 1, 0, 0, 0, '0', '', '', 0, '', '', ''),
(64, 1, '这是he的内容', 2, '2016-10-24 14:28:14', 5, 4, 0, 0, NULL, 2, 0, 0, 0, '0', '', '', 0, '', '', ''),
(65, 1, 'he转发了he的推荐', 2, '2016-10-24 15:35:29', 0, 0, 0, 0, 64, 0, 0, 0, 0, '0', '', '', 0, '', '', ''),
(66, 1, 'he转发了he的推荐', 2, '2016-10-25 20:29:09', 0, 1, 0, 0, 64, 1, 0, 0, 0, '0', '', '', 0, '', '', ''),
(67, 26, 'M转发了he的二度推荐', 3, '2016-10-25 20:34:27', 0, 0, 0, 0, 64, 0, 0, 0, 0, '0', '', '', 0, '', '', ''),
(68, 17, 'A转发了M的3度推荐', 3, '2016-10-25 20:36:55', 0, 0, 0, 0, 64, 0, 0, 0, 0, '0', '', '', 0, '', '', ''),
(69, 18, '这是B的内容', 1, '2016-10-25 21:17:42', 0, 0, 0, 0, NULL, 0, 0, 0, 0, '0', '', '', 0, '', '', ''),
(70, 19, '这是C的内容', 1, '2016-10-25 21:17:59', 2, 3, 0, 0, NULL, 0, 0, 0, 0, '0', '', '', 0, '', '', ''),
(71, 17, '转载1', 2, '2016-10-26 20:49:52', 1, 0, 0, 0, 70, 0, 0, 0, 0, '0', '', '', 0, '', '', ''),
(72, 10, '转载2', 3, '2016-10-26 20:55:00', 2, 0, 0, 0, 70, 0, 0, 0, 0, '0', '', '', 0, '', '', ''),
(73, 1, '转载3', 4, '2016-10-26 21:29:23', 0, 0, 0, 0, 70, 0, 0, 0, 0, '0', '', '', 0, '', '', ''),
(74, 4, '转载4', 4, '2016-10-26 21:33:30', 1, 1, 0, 0, 70, 1, 0, 0, 0, '0', '', '', 0, '', '', ''),
(75, 21, '转载5', 3, '2016-10-26 21:54:29', 1, 1, 0, 0, 70, 0, 0, 0, 0, '0', '', '', 0, '', '', ''),
(76, 17, '转载6', 2, '2016-10-26 21:58:42', 0, 8, 0, 0, 70, 0, 0, 0, 0, '0', '', '', 0, '', '', ''),
(77, 1, '这是he的内容', 1, '2016-10-30 23:35:46', 3, 2, 0, 0, NULL, 0, 0, 0, 0, '0', '', '', 0, '', '', ''),
(78, 2, '1', 2, '2016-10-30 23:49:32', 3, 0, 0, 0, 77, 0, 61, 0, 0, '0', '', '', 0, '', '', ''),
(79, 17, '1', 2, '2016-10-30 23:54:50', 0, 0, 0, 0, 77, 0, 62, 0, 0, '0', '', '', 0, '', '', ''),
(80, 17, '1', 3, '2016-10-30 23:55:13', 0, 0, 0, 0, 77, 0, 63, 0, 0, '0', '', '', 0, '', '', ''),
(81, 19, '1', 3, '2016-10-31 00:06:47', 0, 0, 0, 0, 77, 0, 64, 0, 0, '0', '', '', 0, '', '', ''),
(82, 19, '1', 3, '2016-10-31 00:09:42', 1, 0, 0, 0, 77, 0, 65, 0, 0, '0', '', '', 0, '', '', ''),
(83, 25, '1', 4, '2016-10-31 00:10:48', 2, 0, 0, 0, 77, 0, 66, 0, 0, '0', '', '', 0, '', '', ''),
(84, 2, '1', 3, '2016-10-31 00:11:41', 0, 0, 0, 0, 77, 0, 67, 0, 0, '0', '', '', 0, '', '', ''),
(85, 2, '1', 2, '2016-10-31 00:20:25', 2, 0, 0, 0, 77, 0, 68, 0, 0, '0', '', '', 0, '', '', ''),
(86, 3, '1', 3, '2016-10-31 00:21:33', 1, 0, 0, 0, 77, 0, 69, 0, 0, '0', '', '', 0, '', '', ''),
(87, 3, '1', 2, '2016-10-31 00:22:29', 0, 0, 0, 0, 77, 0, 70, 0, 0, '0', '', '', 0, '', '', ''),
(88, 19, '1', 3, '2016-10-31 00:23:07', 1, 0, 0, 0, 77, 0, 71, 0, 0, '0', '', '', 0, '', '', ''),
(89, 19, '1', 3, '2016-10-31 00:25:03', 0, 0, 0, 0, 77, 0, 72, 0, 0, '0', '', '', 0, '', '', ''),
(90, 1, '这是he的内容', 1, '2016-10-31 14:15:17', 18, 74, 8, 0, NULL, 13, 0, 19, 0, '0', '', '', 0, '', '', ''),
(91, 2, '1', 2, '2016-10-31 14:19:46', 1, 0, 0, 0, 90, 0, 74, 0, 0, '0', '', '', 0, '', '', ''),
(92, 19, '1', 3, '2016-10-31 14:20:31', 1, 0, 0, 0, 90, 0, 75, 0, 0, '0', '', '', 0, '', '', ''),
(93, 26, '1', 4, '2016-10-31 14:21:14', 1, 0, 0, 0, 90, 0, 76, 0, 0, '0', '', '', 0, '', '', ''),
(94, 26, '1', 5, '2016-10-31 14:27:51', 1, 0, 0, 0, 90, 0, 77, 0, 0, '0', '', '', 0, '', '', ''),
(95, 25, '1', 6, '2016-10-31 15:06:29', 6, 0, 0, 0, 90, 0, 78, 0, 0, '0', '', '', 0, '', '', ''),
(96, 3, '1', 2, '2016-10-31 15:06:58', 0, 0, 0, 0, 90, 0, 79, 0, 0, '0', '', '', 0, '', '', ''),
(97, 12, '1', 7, '2016-10-31 16:02:59', 0, 0, 0, 0, 90, 0, 80, 0, 0, '0', '', '', 0, '', '', ''),
(98, 13, '1', 7, '2016-10-31 16:04:31', 0, 0, 0, 0, 90, 0, 81, 0, 0, '0', '', '', 0, '', '', ''),
(99, 14, '1', 7, '2016-10-31 16:06:33', 0, 0, 0, 0, 90, 0, 82, 0, 0, '0', '', '', 0, '', '', ''),
(100, 15, '1', 7, '2016-10-31 16:11:27', 0, 0, 0, 0, 90, 0, 83, 0, 0, '0', '', '', 0, '', '', ''),
(101, 17, '1', 4, '2016-10-31 16:12:52', 0, 14, 8, 0, 90, 0, 84, 0, 0, '0', '', '', 0, '', '', ''),
(102, 27, '这是test1的内容', 1, '2016-11-07 19:29:37', 0, 0, 0, 0, NULL, 1, 0, 0, 0, '0', '', '', 0, '', '', ''),
(103, 6, '1', 2, '2016-11-08 18:37:28', 0, 0, 0, 0, 90, 0, 86, 0, 0, '0', '', '', 0, '', '', ''),
(104, 6, '1', 2, '2016-11-08 18:42:05', 0, 0, 0, 0, 90, 0, 87, 0, 0, '0', '', '', 0, '', '', ''),
(105, 6, '1', 2, '2016-11-08 18:43:22', 0, 0, 0, 0, 90, 0, 88, 0, 0, '0', '', '', 0, '', '', ''),
(106, 6, '1', 2, '2016-11-08 18:43:49', 0, 0, 0, 0, 90, 0, 89, 0, 0, '0', '', '', 0, '', '', ''),
(107, 27, '这是test1的内容', 1, '2016-11-08 21:54:31', 0, 0, 0, 0, NULL, 0, 0, 0, 0, '0', '', '', 0, '', '', ''),
(108, 27, '这是test1的内容', 1, '2016-11-08 22:07:04', 0, 0, 0, 0, NULL, 0, 0, 0, 0, '0', '', '', 0, '', '', ''),
(109, 27, '这是test1的内容', 1, '2016-11-13 15:41:15', 0, 0, 0, 0, NULL, 0, 0, 0, 0, '0', '', '', 0, '', '', ''),
(110, 2, '这是2的内容', 1, '2016-11-13 18:47:59', 0, 0, 0, 0, NULL, 0, 0, 0, 0, '0', '', '', 0, '', '', ''),
(111, 2, '这是2的内容', 1, '2016-11-13 18:48:01', 0, 0, 0, 0, NULL, 0, 0, 0, 0, '0', '', '', 0, '', '', ''),
(112, 2, '这是2的内容', 1, '2016-11-13 18:48:01', 0, 0, 0, 0, NULL, 0, 0, 0, 0, '0', '', '', 0, '', '', ''),
(113, 2, '这是2的内容', 1, '2016-11-13 18:48:02', 0, 0, 0, 0, NULL, 0, 0, 0, 0, '0', '', '', 0, '', '', ''),
(114, 2, '这是2的内容', 1, '2016-11-13 18:48:03', 0, 0, 0, 0, NULL, 0, 0, 0, 0, '0', '', '', 0, '', '', ''),
(115, 2, '这是2的内容', 1, '2016-11-13 18:48:04', 0, 0, 0, 0, NULL, 0, 0, 0, 0, '0', '', '', 0, '', '', ''),
(116, 2, '这是2的内容', 1, '2016-11-13 18:48:04', 0, 0, 0, 0, NULL, 0, 0, 0, 0, '0', '', '', 0, '', '', ''),
(117, 2, '这是2的内容', 1, '2016-11-13 18:48:05', 0, 0, 0, 0, NULL, 0, 0, 0, 0, '0', '', '', 0, '', '', ''),
(118, 2, '这是2的内容', 1, '2016-11-13 18:48:06', 0, 0, 0, 0, NULL, 0, 0, 0, 0, '0', '', '', 0, '', '', ''),
(119, 2, '这是2的内容', 1, '2016-11-13 18:48:06', 0, 0, 0, 0, NULL, 0, 0, 0, 0, '0', '', '', 0, '', '', ''),
(120, 2, '这是2的内容', 1, '2016-11-13 18:48:07', 0, 0, 0, 0, NULL, 0, 0, 0, 0, '0', '', '', 0, '', '', ''),
(121, 2, '这是2的内容', 1, '2016-11-13 18:48:08', 0, 0, 0, 0, NULL, 0, 0, 0, 0, '0', '', '', 0, '', '', ''),
(123, 32, '1', 2, '2016-11-13 19:25:35', 0, 0, 0, 0, 90, 0, 106, 0, 0, '0', '', '', 0, '', '', ''),
(124, 2, '这是2的内容', 1, '2016-11-15 13:18:14', 0, 0, 0, 0, NULL, 0, 0, 0, 0, '0', '', '', 0, '', '', ''),
(125, 3, '这是3的内容', 1, '2016-11-15 13:18:24', 0, 0, 0, 0, NULL, 0, 0, 0, 0, '0', '', '', 0, '', '', ''),
(126, 3, '这是3的内容', 1, '2016-11-15 13:23:36', 0, 0, 0, 0, NULL, 0, 0, 0, 0, '0', '', '', 0, '', '', ''),
(127, 3, '这是3的内容', 1, '2016-11-15 13:25:59', 0, 0, 0, 0, NULL, 0, 0, 0, 0, '0', '', '', 0, '', '', ''),
(128, 2, '1', 2, '2016-11-15 13:40:39', 0, 0, 0, 0, 90, 0, 111, 0, 0, '0', '', '', 0, '', '', ''),
(129, 2, '1', 2, '2016-11-15 13:42:03', 0, 0, 0, 0, 90, 0, 112, 0, 0, '5', '', '', 0, '', '', ''),
(130, 2, '1', 2, '2016-11-15 13:42:09', 0, 0, 0, 0, 90, 0, 113, 0, 0, '4', '', '', 0, '', '', ''),
(131, 2, '1', 2, '2016-11-15 13:42:50', 0, 0, 0, 0, 90, 0, 114, 0, 0, '3', '', '', 0, '', '', ''),
(132, 2, '1', 2, '2016-11-15 13:44:57', 0, 0, 0, 0, 90, 0, 115, 0, 0, '2', '', '', 0, '', '', ''),
(133, 3, '1', 2, '2016-11-15 13:45:16', 0, 0, 0, 0, 90, 0, 116, 0, 0, '1', '', '', 0, '', '', ''),
(134, 3, '这是3的内容', 1, '2016-11-15 22:43:02', 0, 0, 0, 0, NULL, 0, 0, 0, 1, '章鱼小丸子', '', '', 0, '', '', ''),
(135, 3, '这是3的内容', 1, '2016-11-20 23:18:32', 0, 0, 0, 0, NULL, 0, 0, 0, 1, '章鱼小丸子', '', '', 0, '', '', ''),
(136, 3, '这是3的内容', 1, '2016-11-20 23:36:07', 0, 0, 0, 0, NULL, 0, 0, 0, 1, '章鱼小丸子', '', '', 0, '', '', ''),
(137, 3, '这是3的内容', 1, '2016-11-20 23:36:36', 0, 0, 0, 0, NULL, 0, 0, 0, 1, '章鱼小丸子', '', '', 0, '', '', ''),
(138, 3, '这是3的内容', 1, '2016-11-21 11:12:28', 0, 0, 0, 0, NULL, 0, 0, 0, 1, '章鱼小丸子', '', '', 0, '', '', ''),
(139, 3, '这是3的内容', 1, '2016-11-27 13:44:37', 0, 0, 0, 0, NULL, 0, 0, 0, 1, '章鱼小丸子', '', '', 0, '', '', ''),
(140, 3, '这是3的内容', 1, '2016-11-27 13:47:53', 0, 0, 0, 0, NULL, 0, 0, 0, 1, '章鱼小丸子', '', '', 0, '', '', ''),
(141, 3, '这是3的内容', 1, '2016-11-27 13:48:14', 0, 0, 0, 0, NULL, 0, 0, 0, 1, '章鱼小丸子', '', '', 0, '', '', ''),
(142, 3, '这是3的内容', 1, '2016-11-27 13:49:18', 0, 0, 0, 0, NULL, 0, 0, 0, 1, '章鱼小丸子', '', '', 0, '', '', ''),
(143, 3, '这是3的内容', 1, '2016-11-27 13:50:11', 0, 0, 0, 0, NULL, 0, 0, 0, 1, '章鱼小丸子', '', '', 0, '', '', ''),
(144, 3, '这是3的内容', 1, '2016-11-27 13:50:48', 0, 0, 0, 0, NULL, 0, 0, 0, 1, '章鱼小丸子', '', '', 0, '', '', ''),
(145, 3, '这是3的内容', 1, '2016-11-27 13:51:58', 0, 0, 0, 0, NULL, 0, 0, 0, 1, '章鱼小丸子', '', '', 0, '', '', ''),
(146, 3, '这是3的内容', 1, '2016-11-27 13:53:09', 0, 0, 0, 0, NULL, 5, 0, 0, 1, '章鱼小丸子', '', '', 0, '', '', ''),
(147, 3, '1', 2, '2016-11-30 19:52:41', 0, 0, 0, 0, 90, 0, 125, 0, 0, '', '', '', 0, '', '', ''),
(148, 18, '1', 2, '2016-11-30 19:58:08', 5, 2, 0, 0, 90, 0, 126, 0, 0, '', '', '', 0, '', '', ''),
(149, 19, '1', 3, '2016-11-30 19:59:50', 0, 0, 0, 0, 90, 0, 127, 0, 0, '', '', '', 0, '', '', ''),
(150, 20, '1', 3, '2016-11-30 19:59:58', 0, 0, 0, 0, 90, 0, 128, 0, 0, '', '', '', 0, '', '', ''),
(151, 26, '1', 3, '2016-11-30 20:03:38', 0, 0, 0, 0, 90, 0, 129, 0, 0, '', '', '', 0, '', '', ''),
(152, 26, '1', 3, '2016-11-30 20:11:17', 0, 0, 0, 0, 90, 0, 130, 0, 0, '', '', '', 0, '', '', ''),
(153, 26, '1', 3, '2016-11-30 20:13:05', 0, 0, 0, 0, 90, 0, 131, 0, 0, '', '', '', 0, '', '', ''),
(154, 3, '这是3的内容', 1, '2016-12-08 00:32:15', 0, 0, 1, 0, NULL, 0, 0, 0, 1, '章鱼小丸子', '', '美食', 0, '', '', ''),
(155, 3, '这是3的内容', 1, '2016-12-12 09:17:25', 0, 0, 0, 0, NULL, 0, 0, 0, 1, '章鱼小丸子', '', '美食', 0, '', '', ''),
(156, 3, '这是3的内容', 1, '2016-12-12 14:08:16', 0, 0, 0, 0, NULL, 0, 0, 0, 1, '章鱼小丸子', '', '美食', 0, '', '', ''),
(157, 3, '这是3的内容', 1, '2016-12-12 14:11:33', 0, 0, 0, 0, NULL, 1, 0, 0, 1, '章鱼小丸子', '', '美食', 0, '', '', ''),
(158, 3, '这是3的内容', 1, '2016-12-12 14:12:36', 1, 2, 0, 0, NULL, 0, 0, 0, 1, '章鱼小丸子', '', '美食', 0, '', '', ''),
(159, 3, '这是3的内容', 1, '2016-12-12 14:12:44', 0, 0, 0, 0, NULL, 0, 0, 0, 1, '章鱼小丸子', '', '美食', 0, '', '', ''),
(160, 3, '这是3的内容', 1, '2016-12-12 14:36:07', 0, 1, 0, 0, NULL, 0, 0, 0, 1, '章鱼小丸子', '', '美食', 0, '', '', ''),
(161, 3, '这是3的内容', 1, '2016-12-12 14:37:44', 0, 1, 0, 0, NULL, 0, 0, 0, 1, '章鱼小丸子', '', '美食', 0, '', '', ''),
(162, 3, '这是3的内容', 1, '2016-12-12 14:37:56', 0, 1, 0, 0, NULL, 0, 0, 0, 1, '章鱼小丸子', '', '美食', 0, '', '', ''),
(163, 3, '这是3的内容', 1, '2016-12-12 14:38:42', 0, 0, 0, 0, NULL, 0, 0, 0, 1, '章鱼小丸子', '', '美食', 0, '', '', ''),
(164, 3, '这是3的内容', 1, '2016-12-12 14:42:32', 0, 2, 0, 0, NULL, 0, 0, 0, 1, '章鱼小丸子', '', '美食', 0, '', '', ''),
(165, 3, '这是3的内容', 1, '2016-12-12 14:55:06', 1, 4, 0, 0, NULL, 0, 0, 0, 1, '章鱼小丸子', '', '美食', 0, '', '', ''),
(166, 2, '哈哈哈', 2, '2016-12-12 15:07:25', 1, 1, 0, 0, 165, 0, 144, 0, 0, '', '', '', 0, '', '', ''),
(167, 1, '哈哈哈', 2, '2016-12-14 00:10:05', 0, 0, 0, 0, 165, 0, 145, 0, 0, '', '', '', 0, '', '', ''),
(168, 1, '这是1的推荐', 1, '2016-12-21 20:40:42', 0, 0, 0, 0, NULL, 0, 0, 0, 1, '章鱼小丸子', '', '美食', 0, '', '', ''),
(169, 1, '这是1的推荐', 1, '2016-12-21 20:43:12', 2, 2, 0, 0, NULL, 0, 0, 0, 1, '章鱼小丸子', '', '美食', 0, '', '', ''),
(170, 3, '这是3的内容', 1, '2016-12-21 20:49:41', 0, 0, 0, 0, NULL, 0, 0, 0, 1, '章鱼小丸子', '', '美食', 0, '', '', ''),
(171, 4, '这是4的内容', 1, '2016-12-21 20:57:08', 1, 4, 1, 0, NULL, 2, 0, 3, 1, '章鱼小丸子', '', '美食', 0, '', '', ''),
(172, 1, '哈哈哈', 2, '2016-12-21 21:07:24', 1, 1, 0, 0, 171, 0, 149, 0, 0, '', '', '', 0, '', '', ''),
(173, 15, '哈哈哈', 3, '2016-12-21 21:14:37', 0, 0, 0, 0, 171, 0, 150, 0, 0, '', '', '', 0, '', '', ''),
(174, 3, '这是3的内容', 1, '2016-12-25 00:35:23', 1, 2, 0, 0, NULL, 0, 0, 0, 1, '章鱼小丸子', 'www.baidu.com', '美食', 0, '', '', ''),
(175, 3, '哈哈哈', 2, '2016-12-26 15:39:33', 0, 0, 0, 0, 174, 0, 152, 0, 0, '', '', '', 1, '', '', ''),
(176, 1, '这是1的内容', 1, '2017-01-05 15:33:00', 0, 1, 0, 0, NULL, 0, 0, 0, 1, '章鱼小丸子', '', '美食', 0, '', '', ''),
(177, 4, '这是4的内容', 1, '2017-01-06 20:56:58', 2, 5, 9, 0, NULL, 1, 0, 0, 1, '章鱼小丸子', '', '美食', 0, '', '', ''),
(178, 4, '这是4的内容', 1, '2017-01-13 19:32:47', 1, 4, 2, 0, NULL, 10, 0, 0, 1, '章鱼小丸子', 'www.test.com', '美食', 0, '', '', ''),
(179, 1, '', 2, '2017-01-15 00:59:10', 0, 2, 0, 0, 178, 0, 156, 0, 0, '', '', '', 0, '', '', ''),
(180, 1, '', 2, '2017-01-15 02:26:55', 0, 1, 1, 0, 177, 1, 157, 0, 0, '', '', '', 0, '', '', ''),
(181, 4, '这是4的内容', 1, '2017-01-15 15:22:54', 3, 7, 3, 0, NULL, 6, 0, 0, 0, '', '', '美食', 0, '', '', ''),
(182, 1, '行啊', 2, '2017-02-02 12:46:01', 0, 1, 2, 0, 181, 0, 159, 0, 0, '', '', '', 0, '', '', ''),
(183, 1, 'afghan', 1, '2017-02-07 22:54:10', 0, 0, 0, 0, NULL, 2, 0, 0, 0, '', '', '美食', 0, '', '', ''),
(184, 1, '', 2, '2017-02-09 01:38:02', 0, 0, 0, 0, 90, 0, 161, 0, 0, '', '', '', 0, '', '', ''),
(185, 1, '不', 2, '2017-02-09 01:38:12', 0, 0, 0, 0, 41, 0, 162, 0, 0, '', '', '', 0, '', '', ''),
(186, 1, '不', 2, '2017-02-09 01:38:42', 0, 1, 0, 0, 64, 0, 163, 0, 0, '', '', '', 0, '', '', ''),
(187, 1, '不', 2, '2017-02-09 01:38:53', 0, 1, 0, 0, 70, 1, 164, 0, 0, '', '', '', 0, '', '', ''),
(188, 1, '', 2, '2017-02-09 01:39:05', 0, 1, 0, 0, 77, 3, 165, 0, 0, '', '', '', 0, '', '', ''),
(189, 1, 'rghjj', 2, '2017-02-11 20:17:05', 0, 37, 0, 0, 90, 1, 166, 0, 0, '', '', '', 0, '', '', ''),
(190, 1, 'xg', 2, '2017-02-11 20:20:50', 0, 1, 0, 0, 181, 1, 167, 0, 0, '', '', '', 0, '', '', ''),
(191, 1, 'fhhj', 2, '2017-02-11 20:31:53', 0, 1, 0, 0, 158, 2, 168, 0, 0, '', '', '', 0, '', '', ''),
(192, 1, 'dhkjgc', 1, '2017-02-11 22:20:31', 0, 1, 0, 0, NULL, 0, 0, 0, 0, '', '', '美食', 0, '', '', ''),
(193, 1, 'dghv', 1, '2017-02-11 22:29:16', 0, 1, 1, 0, NULL, 3, 0, 0, 0, '', '', '美食', 0, '', '', ''),
(194, 1, 'hhhhh', 1, '2017-02-17 00:44:38', 0, 1, 0, 0, NULL, 6, 0, 0, 0, '', '', '美食', 0, '', '', ''),
(195, 1, '我要转发huang的推荐', 2, '2017-02-18 13:14:03', 0, 1, 0, 0, 181, 0, 172, 0, 0, '', '', '', 0, '', '', ''),
(196, 1, '妈妈说别用我手机了', 1, '2017-02-18 14:04:49', 0, 0, 0, 0, NULL, 0, 0, 0, 2, '章鱼小丸子', '', '美食', 0, '', '', ''),
(197, 1, 'ggggg', 1, '2017-02-18 17:27:15', 0, 0, 0, 0, NULL, 0, 0, 0, 0, '', 'www.bai', '运动', 0, '', '', ''),
(198, 1, '', 1, '2017-02-18 17:27:25', 0, 2, 0, 0, NULL, 0, 0, 0, 0, '', '', '运动', 0, '', '', ''),
(199, 1, '', 1, '2017-02-22 00:49:23', 0, 0, 2, 0, NULL, 0, 0, 0, 0, '', '', '运动', 0, '', '', ''),
(200, 4, '这是4的内容', 1, '2017-02-23 00:41:19', 0, 0, 0, 0, NULL, 2, 0, 0, 1, '章鱼小丸子', '', '美食', 0, '123456', '123456', ''),
(201, 1, '这是1的内容', 1, '2017-02-23 00:44:47', 0, 0, 0, 0, NULL, 0, 0, 0, 0, '', '', '美食', 0, '123456', '123456', ''),
(202, 1, 'nasmdnasldn', 1, '2017-02-27 21:32:23', 0, 0, 1, 0, 8, 0, 179, 0, 0, '', '', '', 0, '', '', ''),
(203, 1, '146541', 1, '2017-02-27 21:32:49', 0, 0, 0, 0, 8, 6, 180, 0, 0, '', '', '', 0, '', '', ''),
(204, 1, 'fgjhd', 1, '2017-02-28 11:35:13', 0, 0, 1, 0, NULL, 4, 0, 0, 1, '章鱼小丸子', 'www.baidu.com', '美食', 0, '', '', ''),
(205, 1, '等我转发我自己的', 2, '2017-03-24 21:32:40', 0, 0, 0, 0, 90, 0, 182, 0, 0, '', '', '', 0, '', '', ''),
(206, 1, 'haide', 1, '2017-03-24 21:50:52', 0, 0, 0, 0, NULL, 2, 0, 0, 0, '', 'www.yeah.net', '美食', 0, '', '', ''),
(207, 1, '', 1, '2017-03-24 21:51:32', 1, 2, 0, 0, NULL, 2, 0, 0, 0, '', '', '运动', 0, '', '', ''),
(208, 1, '哈哈哈怎么这样', 2, '2017-03-24 21:56:52', 0, 1, 0, 0, 207, 0, 185, 0, 0, '', '', '', 0, '', '', ''),
(209, 1, '嘿嘿嘿嘿我新建了个推荐', 1, '2017-03-24 22:50:25', 1, 1, 0, 0, NULL, 0, 0, 0, 0, '', '', '美食', 0, '', '', ''),
(210, 1, '我再转发我的推荐', 2, '2017-03-24 22:50:37', 0, 0, 0, 0, 209, 0, 187, 0, 0, '', '', '', 0, '', '', ''),
(211, 1, '这是1的内容', 1, '2017-03-25 22:10:38', 12, 14, 0, 0, NULL, 1, 0, 0, 1, '章鱼小丸子', '', '美食', 0, '123456', '123456', ''),
(212, 1, '我转了我的推荐', 2, '2017-03-25 22:13:46', 0, 0, 0, 0, 211, 0, 189, 0, 0, '', '', '', 0, '', '', ''),
(213, 1, '我转了我的推荐', 2, '2017-03-25 22:31:13', 0, 0, 0, 0, 211, 0, 190, 0, 0, '', '', '', 0, '', '', ''),
(214, 1, '我转了我的推荐', 2, '2017-03-25 22:36:59', 0, 0, 0, 0, 211, 0, 191, 0, 0, '', '', '', 0, '', '', ''),
(215, 1, '我转了我的推荐', 2, '2017-03-25 22:43:52', 0, 0, 0, 0, 211, 0, 192, 0, 0, '', '', '', 0, '', '', ''),
(216, 1, '我转了我的推荐', 2, '2017-03-25 22:45:17', 0, 0, 0, 0, 211, 0, 193, 0, 0, '', '', '', 0, '', '', ''),
(217, 1, '我转了我的推荐', 2, '2017-03-25 22:48:57', 0, 0, 0, 0, 211, 0, 194, 0, 0, '', '', '', 0, '', '', ''),
(218, 177, '我转了我的推荐', 2, '2017-03-25 23:15:16', 0, 0, 0, 0, 169, 0, 195, 0, 0, '', '', '', 0, '', '', ''),
(219, 177, '我转了我的推荐', 2, '2017-03-25 23:16:14', 0, 0, 0, 0, 169, 0, 196, 0, 0, '', '', '', 0, '', '', ''),
(220, 1, '我转了我的推荐', 2, '2017-03-25 23:18:10', 0, 0, 0, 0, 177, 0, 197, 0, 0, '', '', '', 0, '', '', ''),
(221, 1, '我转了我的推荐', 2, '2017-03-25 23:18:18', 0, 0, 0, 0, 211, 0, 198, 0, 0, '', '', '', 0, '', '', ''),
(222, 1, '我转了我的推荐', 1, '2017-03-25 23:32:26', 0, 0, 0, 0, 211, 0, 199, 0, 0, '', '', '', 0, '', '', ''),
(227, 1, '', 1, '2017-03-26 15:27:33', 0, 0, 0, 0, NULL, 0, 0, 0, 0, '', '', '美食', 0, '', '', ''),
(228, 2, '哈哈哈', 2, '2017-03-26 18:57:15', 0, 0, 0, 0, 211, 0, 205, 0, 0, '', '', '', 0, '', '', ''),
(229, 2, '哈哈哈', 2, '2017-03-26 19:10:40', 0, 0, 0, 0, 211, 0, 206, 0, 0, '', '', '', 0, '', '', ''),
(230, 1, 'ghhh', 1, '2017-03-26 21:00:15', 0, 0, 0, 0, NULL, 0, 0, 0, 0, '', '', '美食', 0, '', '', ''),
(231, 2, '我发了条推荐 应该是1度', 1, '2017-03-27 20:05:22', 1, 4, 0, 0, NULL, 1, 0, 0, 0, '', '', '美食', 0, '', '', ''),
(232, 2, '我转发这条推荐 应该也还是1度', 1, '2017-03-27 20:05:45', 1, 0, 0, 0, 231, 0, 209, 0, 0, '', '', '', 0, '', '', ''),
(233, 2, '我第二次转发自己的推荐 应该也还是1度', 1, '2017-03-27 20:06:13', 1, 0, 0, 0, 231, 1, 210, 0, 0, '', '', '', 0, '', '', ''),
(234, 3, '我转发 应该是2度', 2, '2017-03-27 20:13:30', 1, 0, 0, 0, 231, 0, 211, 0, 0, '', '', '', 0, '', '', ''),
(235, 3, '我再转发 应该也是2度', 2, '2017-03-27 20:13:48', 0, 0, 0, 0, 231, 0, 212, 0, 0, '', '', '', 0, '', '', ''),
(236, 3, '#原创1度#呐呐呐 我真的是第二的第一啊 别抢我的位置啊。哎？怎么不听有errorcode？好可怕。我不添加地址了', 1, '2017-03-27 22:38:00', 3, 7, 3, 0, NULL, 2, 0, 3, 0, '', '网址比较棒棒', '美食', 0, '', '', ''),
(237, 2, '#第二#嘿嘿 我现在是第二了。我在听这首歌的女生怎么这么残忍。剧场版厉害了啊。', 2, '2017-03-27 22:39:14', 2, 0, 0, 0, 236, 0, 214, 0, 0, '', '', '', 0, '', '', ''),
(238, 3, '#我应该还是1#嘿嘿我转2的，看看有没有变3', 2, '2017-03-27 22:40:17', 0, 0, 0, 0, 236, 1, 215, 0, 0, '', '', '', 0, '', '', ''),
(239, 4, '#第3#噢我现在应该是第三，3度才是。', 3, '2017-03-27 22:41:40', 0, 0, 0, 0, 236, 2, 216, 0, 0, '', '', '', 0, '', '', ''),
(240, 1, 'dfghjj', 1, '2017-03-29 15:18:15', 0, 0, 0, 0, NULL, 0, 0, 0, 0, '', '', '美食', 0, '', '', ''),
(241, 1, 'ffgh', 1, '2017-03-29 15:28:59', 0, 1, 0, 0, NULL, 0, 0, 0, 0, '', '', '美食', 0, '', '', ''),
(242, 1, 'sdfsdf', 1, '2017-03-29 16:25:58', 2, 4, 0, 0, NULL, 1, 0, 0, 0, '', '', '美食', 0, '', '', ''),
(243, 2, '你真棒', 2, '2017-03-29 22:37:40', 0, 0, 0, 0, 242, 0, 220, 0, 0, '', '', '', 0, '', '', ''),
(244, 1, '我不赞同', 2, '2017-03-29 22:42:13', 0, 1, 0, 0, 236, 0, 221, 0, 0, '', '', '', 0, '', '', ''),
(245, 3, '我不讲话', 2, '2017-03-29 22:50:26', 0, 0, 0, 0, 242, 0, 222, 0, 0, '', '', '', 0, '', '', ''),
(246, 2, '哈哈哈', 2, '2017-03-30 21:47:08', 0, 0, 0, 0, 211, 0, 223, 0, 0, '', '', '', 0, '', '', ''),
(247, 1, '艾琳娜', 1, '2017-03-30 22:38:42', 0, 0, 0, 0, NULL, 0, 0, 0, 0, '', '', '美食', 0, '', '', ''),
(248, 2, '哈哈哈', 2, '2017-03-30 23:08:08', 0, 0, 0, 0, 211, 0, 225, 0, 0, '', '', '', 0, '', '', ''),
(249, 1, 'gdh', 1, '2017-03-31 21:09:03', 0, 0, 0, 0, NULL, 0, 0, 0, 0, '', '', '美食', 0, '', '', ''),
(250, 1, 'gdjej ', 1, '2017-03-31 23:22:13', 0, 0, 0, 0, NULL, 0, 0, 0, 0, '', '', '美食', 0, '', '', ''),
(251, 1, 'sjs', 1, '2017-03-31 23:27:39', 0, 0, 0, 0, NULL, 0, 0, 0, 0, '', '', '美食', 0, '', '', ''),
(252, 1, '这是1的内容', 1, '2017-03-31 23:41:42', 0, 0, 0, 0, NULL, 0, 0, 0, 1, '章鱼小丸子', '', '美食', 0, '123456', '123456', 'this is addr'),
(253, 1, '好像没问题了', 1, '2017-03-31 23:58:35', 0, 0, 0, 0, NULL, 0, 0, 0, 4, 'halo', 'www.baidu.com', '美食', 0, '', '', ''),
(254, 1, '为什么又上传不了了', 1, '2017-04-01 01:06:59', 0, 0, 0, 0, NULL, 0, 0, 0, 0, '', '', '美食', 0, '', '', ''),
(255, 1, '哥', 1, '2017-04-01 01:32:30', 0, 0, 0, 0, NULL, 0, 0, 0, 0, '', '', '美食', 0, '', '', ''),
(256, 1, '分', 1, '2017-04-01 01:33:09', 0, 0, 0, 0, NULL, 0, 0, 0, 0, '', '', '美食', 0, '', '', ''),
(257, 1, '米松苗苗', 1, '2017-04-01 01:33:44', 0, 0, 0, 0, NULL, 0, 0, 0, 0, '', '', '美食', 0, '', '', ''),
(258, 1, '喵喵喵', 1, '2017-04-01 01:34:38', 0, 0, 0, 0, NULL, 0, 0, 0, 0, '', '', '美食', 0, '', '', ''),
(259, 1, '啊', 1, '2017-04-01 01:35:23', 0, 0, 0, 0, NULL, 0, 0, 0, 0, '', '', '美食', 0, '', '', ''),
(260, 1, '|', 1, '2017-04-01 01:36:11', 0, 0, 0, 0, NULL, 0, 0, 0, 0, '', '', '美食', 0, '', '', ''),
(261, 1, '压死你', 1, '2017-04-01 01:46:47', 0, 0, 0, 0, NULL, 0, 0, 0, 0, '', '', '美食', 0, '', '', ''),
(262, 1, '看看多少', 1, '2017-04-01 01:50:50', 0, 0, 0, 0, NULL, 0, 0, 0, 0, '', '', '美食', 0, '', '', ''),
(263, 1, '暴力', 1, '2017-04-01 02:01:01', 0, 0, 0, 0, NULL, 0, 0, 0, 0, '', '', '美食', 0, '', '', ''),
(264, 1, '就是暴力压图', 1, '2017-04-01 02:06:02', 0, 0, 0, 0, NULL, 0, 0, 0, 0, '', '', '美食', 0, '', '', ''),
(265, 1, '在做的各位都是垃圾', 1, '2017-04-01 02:11:58', 0, 0, 0, 0, NULL, 0, 0, 0, 0, '', '', '美食', 0, '', '', ''),
(266, 1, '虽然减少压缩次数了，可是还是要好久', 1, '2017-04-01 02:16:00', 0, 0, 0, 0, NULL, 0, 0, 0, 0, '', '', '美食', 0, '', '', ''),
(267, 1, '只为', 1, '2017-04-01 02:22:44', 0, 0, 0, 0, NULL, 0, 0, 0, 0, '', '', '美食', 0, '', '', ''),
(268, 1, '九张小图还是挺快的', 1, '2017-04-01 02:25:36', 0, 0, 0, 0, NULL, 0, 0, 0, 0, '', '', '美食', 0, '', '', ''),
(269, 1, '九张大图。。。。', 1, '2017-04-01 02:27:23', 0, 0, 0, 0, NULL, 2, 0, 0, 10, 'business1', '', '美食', 0, '', '', ''),
(270, 1, '深夜蚊子多，某些图特大', 1, '2017-04-01 02:40:22', 0, 0, 0, 0, NULL, 0, 0, 0, 0, '', '', '美食', 0, '', '', ''),
(271, 1, '图片质量太低好像不是很好', 1, '2017-04-01 02:43:59', 0, 0, 0, 0, NULL, 0, 0, 0, 0, '', '', '美食', 0, '', '', ''),
(272, 1, '收工了', 1, '2017-04-01 02:47:16', 0, 0, 0, 0, NULL, 0, 0, 0, 0, '', '', '娱乐', 0, '', '', ''),
(273, 1, '这是1的内容', 1, '2017-04-01 22:32:19', 0, 0, 0, 0, NULL, 0, 0, 0, 1, '章鱼小丸子', '', '美食', 0, '123456', '123456', 'this is addr'),
(274, 1, '啊？', 1, '2017-04-01 23:50:23', 0, 0, 0, 0, NULL, 0, 0, 0, 0, '', '', '美食', 0, '', '', ''),
(275, 1, '还恶心啊', 1, '2017-04-02 00:00:52', 0, 0, 0, 0, NULL, 0, 0, 0, 0, '', '', '美食', 0, '', '', ''),
(276, 1, '720', 1, '2017-04-02 00:44:09', 0, 0, 0, 0, NULL, 0, 0, 0, 0, '', '', '娱乐', 0, '', '', ''),
(277, 1, '换了台手机测试 人生得到了升华', 1, '2017-04-04 09:24:51', 0, 0, 0, 0, NULL, 1, 0, 0, 0, '', '', '教育', 0, '', '', ''),
(278, 1, '什么', 1, '2017-04-04 09:29:03', 0, 1, 0, 0, NULL, 2, 0, 0, 0, '', '', '电影', 0, '', '', ''),
(279, 1, '刚刚他说我服务器异常', 1, '2017-04-04 09:29:57', 0, 1, 0, 0, NULL, 2, 0, 0, 0, '', '', '购物', 0, '', '', ''),
(280, 2, '妈妈领悟没有看见配图好凶狠', 1, '2017-04-04 09:40:21', 0, 0, 0, 0, NULL, 3, 0, 0, 0, '', '', '电影', 0, '', '', ''),
(281, 1, 'hsjsk', 1, '2017-04-04 12:52:23', 0, 0, 0, 0, NULL, 0, 0, 0, 0, '', '', '电影', 0, '', '', ''),
(282, 1, 'hsjsk', 1, '2017-04-04 12:52:23', 0, 0, 0, 0, NULL, 0, 0, 0, 0, '', '', '电影', 0, '', '', ''),
(283, 1, '嘿嘿嘿', 1, '2017-04-04 13:22:43', 0, 0, 0, 0, NULL, 0, 0, 0, 1, '章鱼小丸子', '', '电影', 0, '23.057127', '113.396091', '广东省广州市番禺区大学城广外东路靠近大学城内环东路与大学城广外东路交叉口'),
(284, 1, '前两天和一帮金牌食神&美食时尚界kol齐齐相聚，特别的日子，给特别的惊喜，多谢加州卷的创始人平哥为我们准备的大餐，超级vip服务+豪华包间，以后小型的聚会，生日会什么的都选这里了，最重要的是，这里的出品真的非常棒！一起聚餐的小伙伴们都是吃到扶墙出！！就算是爆雨也影响不了我们的心情>', 1, '2017-04-04 23:29:24', 0, 0, 0, 0, NULL, 0, 0, 0, 2, '章鱼小丸子', '', '美食', 0, '', '', ''),
(285, 2, '第二次来到“小城故事多”的清迈。四年前是和好友同游，此次是与家人一起休假。没有制定任何旅游计划，只希望每天都能睡到自然醒。\n\n这次住在清迈 @安纳塔拉度假会，它很适合带小朋友甚至是三代同游的家庭。客厅和卧室都很大，并且全部房型都配有设施完善的厨房和洗衣设施（妹六个月添加辅食之后的家庭 ​ ...', 1, '2017-04-04 23:32:26', 0, 0, 0, 0, NULL, 0, 0, 0, 0, '', '', '美食', 0, '', '', ''),
(286, 3, '第二次来到“小城故事多”的清迈。四年前是和好友同游，此次是与家人一起休假。没有制定任何旅游计划，只希望每天都能睡到自然醒。\n\n这次住在清迈 @安纳塔拉度假会，它很适合带小朋友甚至是三代同游的家庭。客厅和卧室都很大，并且全部房型都配有设施完善的厨房和洗衣设施（妹六个月添加辅食之后的家庭 ​ ...', 1, '2017-04-04 23:35:51', 6, 15, 1, 0, NULL, 1, 0, 15, 0, '', '', '美食', 0, '23.1855764799', '113.3036327362', '贝岗'),
(287, 1, '试一下转发', 2, '2017-04-05 00:41:52', 0, 0, 0, 0, 255, 0, 264, 0, 0, '', '', '', 0, '', '', ''),
(288, 1, '啊啊啊啊', 2, '2017-04-05 01:03:49', 0, 0, 0, 0, 255, 1, 265, 0, 0, '', '', '', 0, '', '', ''),
(289, 1, 'try to forward 286 for test', 2, '2017-04-05 10:34:49', 0, 0, 0, 0, 255, 0, 266, 0, 0, '', '', '', 0, '', '', ''),
(290, 1, '哈哈哈', 2, '2017-04-05 10:45:24', 0, 0, 0, 0, 286, 0, 267, 0, 0, '', '', '', 0, '', '', ''),
(293, 1, '好', 2, '2017-04-05 17:52:59', 5, 1, 1, 0, 286, 3, 270, 0, 0, '', '', '', 0, '', '', ''),
(305, 1, '哈哈哈', 2, '2017-05-16 20:09:36', 0, 1, 0, 0, NULL, 1, 282, 0, 0, '', '', '', 1, '', '', ''),
(307, 2, '哦', 2, '2017-05-22 22:34:25', 0, 0, 0, 0, 286, 0, 284, 0, 0, '', '', '', 0, '', '', ''),
(308, 2, '都行啊行啊行啊', 1, '2017-05-22 22:37:37', 0, 0, 0, 0, NULL, 0, 0, 0, 0, '', '', '电影', 0, '', '', ''),
(309, 2, '行行行', 1, '2017-05-22 22:37:46', 0, 0, 0, 0, NULL, 0, 0, 0, 0, '', '', '购物', 0, '', '', ''),
(310, 2, '我也不知道行不行的啊', 1, '2017-05-22 22:38:00', 0, 0, 0, 0, NULL, 0, 0, 0, 0, '', '', '旅行', 0, '', '', ''),
(311, 2, '发了一百条 行行行', 1, '2017-05-22 22:38:14', 0, 1, 0, 0, NULL, 7, 0, 0, 0, '', '', '休闲娱乐', 0, '', '', ''),
(312, 1, '哦', 3, '2017-05-22 22:41:06', 0, 1, 0, 0, 286, 7, 289, 0, 0, '', '', '', 0, '', '', ''),
(313, 1, '哦', 3, '2017-05-22 22:41:06', 1, 1, 0, 0, 286, 2, 290, 0, 0, '', '', '', 0, '', '', ''),
(314, 4, 'd ', 3, '2017-05-22 22:48:02', 0, 0, 0, 0, 286, 0, 291, 0, 0, '', '', '', 0, '', '', ''),
(315, 4, 'd ', 3, '2017-05-22 22:48:02', 0, 0, 0, 0, 286, 0, 292, 0, 0, '', '', '', 0, '', '', ''),
(316, 4, '什么什么', 1, '2017-05-22 23:00:45', 0, 0, 0, 0, NULL, 0, 0, 0, 0, '', '', '电影', 0, '', '', ''),
(317, 4, '我什么都不知道啊', 1, '2017-05-22 23:00:55', 0, 0, 0, 0, NULL, 0, 0, 0, 0, '', '', '旅行', 0, '', '', ''),
(318, 4, '不了不了什么鬼', 1, '2017-05-22 23:01:38', 0, 1, 0, 0, NULL, 0, 0, 0, 0, '', '', '电影', 0, '', '', ''),
(319, 2, 'miaomuao', 1, '2017-05-23 16:22:15', 0, 2, 0, 0, NULL, 14, 0, 0, 0, '', '', '电影', 0, '', '', ''),
(330, 98, '听说周四飞沙VS风信子，我想去看比赛……', 1, '2017-06-06 22:49:52', 1, 6, 1, 0, NULL, 0, 0, 3, 0, '', '焦门河运动中心', '运动', 0, '', '', ''),
(331, 99, '听说飞沙打我这个位置的是伸少(^_-)', 2, '2017-06-06 22:52:13', 1, 1, 0, 0, 330, 1, 308, 0, 0, '', '', '', 0, '', '', ''),
(332, 100, '两位哥，我也去！想看我的偶像明哥，', 3, '2017-06-06 22:55:58', 0, 0, 0, 0, 330, 0, 309, 0, 0, '', '', '', 0, '', '', ''),
(334, 2, 'asdasd', 1, '2017-06-18 22:41:16', 0, 0, 0, 0, NULL, 0, 0, 0, 0, '', '', '电影', 0, '', '', ''),
(335, 1, '吃饭', 1, '2017-06-18 22:54:54', 0, 0, 0, 0, NULL, 0, 0, 0, 0, '', '', '购物', 0, '', '', ''),
(336, 1, '北京时间6月18日23时，联合会杯小组赛迎来一场焦点战，由新科欧洲冠军葡萄牙对阵联合会杯常客墨西哥。上半场C罗凌空抽射中楣，之后C罗助攻夸雷斯马打破僵局，贝拉助攻埃尔南德斯扳平比分；下半场尾声阶段塞德里克-苏亚雷斯破门，埃克托-莫雷诺补射扳平。最终，葡萄牙在两度领先的情况下2-2被墨西哥顽强逼平', 1, '2017-06-19 01:04:34', 0, 0, 0, 0, NULL, 1, 0, 0, 0, '', '', '休闲娱乐', 0, '23.055625', '113.397534', '广东省广州市番禺区大学城广中医路靠近广州中医药大学大学城校区学生宿舍10'),
(337, 98, '好电影推荐，阿米尔汗的《地球上的星星》', 1, '2017-06-21 08:51:18', 0, 1, 0, 0, NULL, 1, 0, 0, 0, '', '', '电影', 0, '', '', ''),
(339, 98, '黄阁体育公园足球场有2个五人场和1个七人场！逢周日下午5点左右免费开放！', 1, '2017-06-30 15:42:30', 1, 6, 0, 0, NULL, 3, 0, 3, 0, '', '', '运动', 0, '22.824856', '113.518992', '广东省广州市南沙区市南大道靠近黄阁(地铁站)'),
(342, 99, '背书1', 2, '2017-07-01 17:22:49', 1, 1, 0, 0, 339, 4, 319, 0, 0, '', '', '', 0, '', '', ''),
(343, 100, '背书2', 3, '2017-07-01 17:23:46', 0, 1, 0, 0, 339, 1, 320, 0, 0, '', '', '', 0, '', '', ''),
(346, 98, '11', 1, '2017-07-08 16:02:56', 0, 2, 0, 0, NULL, 1, 0, 0, 1, '章鱼小丸子', 'www.baidu.com', '电影', 0, '23.061581', '113.392357', '广东省广州市番禺区大学城中大东一路靠近GOGO新天地(贝岗村大街)'),
(347, 1, '啊啊啊', 1, '2017-07-16 22:09:06', 2, 3, 0, 0, NULL, 3, 0, 0, 0, '', '', '电影', 0, '23.05724', '113.39618', '广东省广州市番禺区大学城广外东路靠近广东外语外贸大学-广州大学城'),
(349, 93, '啊啊啊啊啊', 2, '2017-07-19 14:13:51', 0, 0, 0, 0, 347, 1, 326, 0, 0, '', '', '', 0, '', '', ''),
(350, 101, '《时间脱离者》影片讲述了两个男人分别生活在1983年和2015年，但是他们却能够通过梦境看到彼此。两个男人为了拯球心爱的女人在不同的时间点上展开一场惊悚的追击故事。', 1, '2017-07-25 06:35:33', 0, 1, 0, 0, NULL, 0, 0, 0, 0, '', '', '电影', 0, '', '', ''),
(352, 93, '', 2, '2017-08-02 16:38:19', 0, 0, 0, 0, 347, 0, 329, 0, 0, '', '', '', 0, '', '', ''),
(353, 99, '推拿', 1, '2017-08-07 16:58:00', 0, 0, 0, 0, NULL, 0, 0, 0, 0, '', '', '电影', 0, '22.801749', '113.526269', '广东省广州市南沙区凤凰大道靠近中国农业银行(南沙政务中心支行)');

-- --------------------------------------------------------

--
-- Table structure for table `jianghu_introduce_domain`
--

CREATE TABLE IF NOT EXISTS `jianghu_introduce_domain` (
  `id` int(10) unsigned NOT NULL AUTO_INCREMENT,
  `introduce_id` int(10) unsigned NOT NULL COMMENT '推荐id',
  `domain` varchar(30) NOT NULL,
  PRIMARY KEY (`id`)
) ENGINE=InnoDB  DEFAULT CHARSET=utf8 COMMENT='推荐_领域表' AUTO_INCREMENT=172 ;

--
-- Dumping data for table `jianghu_introduce_domain`
--

INSERT INTO `jianghu_introduce_domain` (`id`, `introduce_id`, `domain`) VALUES
(1, 22, '0'),
(2, 23, '0'),
(3, 25, '0'),
(4, 26, '0'),
(5, 40, '0'),
(6, 41, '0'),
(7, 50, '0'),
(8, 51, '0'),
(9, 54, '0'),
(10, 57, '0'),
(11, 59, '0'),
(12, 63, '0'),
(13, 64, '0'),
(14, 69, '0'),
(15, 70, '0'),
(16, 77, '0'),
(17, 90, '0'),
(18, 102, '0'),
(19, 107, ''),
(20, 108, '美食'),
(21, 109, '美食'),
(22, 110, '美食'),
(23, 111, '美食'),
(24, 112, '美食'),
(25, 113, '美食'),
(26, 114, '美食'),
(27, 115, '美食'),
(28, 116, '美食'),
(29, 117, '美食'),
(30, 118, '美食'),
(31, 119, '美食'),
(32, 120, '美食'),
(33, 121, '美食'),
(34, 124, '美食'),
(35, 125, '美食'),
(36, 126, '美食'),
(37, 127, '美食'),
(38, 134, '美食'),
(39, 135, '美食'),
(40, 136, '美食'),
(41, 137, '美食'),
(42, 138, '美食'),
(43, 139, '美食'),
(44, 140, '美食'),
(45, 141, '美食'),
(46, 142, '美食'),
(47, 143, '美食'),
(48, 144, '美食'),
(49, 145, '美食'),
(50, 146, '美食'),
(51, 154, '美食'),
(52, 155, '美食'),
(53, 156, '美食'),
(54, 157, '美食'),
(55, 158, '美食'),
(56, 159, '美食'),
(57, 160, '美食'),
(58, 161, '美食'),
(59, 162, '美食'),
(60, 163, '美食'),
(61, 164, '美食'),
(62, 165, '美食'),
(63, 168, '美食'),
(64, 169, '美食'),
(65, 170, '美食'),
(66, 171, '美食'),
(67, 174, '美食'),
(68, 176, '美食'),
(69, 177, '美食'),
(70, 178, '美食'),
(71, 181, '美食'),
(72, 183, '美食'),
(73, 192, '美食'),
(74, 193, '美食'),
(75, 194, '美食'),
(76, 196, '美食'),
(77, 197, '运动'),
(78, 198, '运动'),
(79, 199, '运动'),
(80, 200, '美食'),
(81, 201, '美食'),
(82, 204, '美食'),
(83, 206, '美食'),
(84, 207, '运动'),
(85, 209, '美食'),
(86, 211, '美食'),
(88, 227, '美食'),
(89, 230, '美食'),
(90, 231, '美食'),
(91, 236, '美食'),
(92, 240, '美食'),
(93, 241, '美食'),
(94, 242, '美食'),
(95, 247, '美食'),
(96, 249, '美食'),
(97, 250, '美食'),
(98, 251, '美食'),
(99, 252, '美食'),
(100, 253, '美食'),
(101, 254, '美食'),
(102, 255, '美食'),
(103, 256, '美食'),
(104, 257, '美食'),
(105, 258, '美食'),
(106, 259, '美食'),
(107, 260, '美食'),
(108, 261, '美食'),
(109, 262, '美食'),
(110, 263, '美食'),
(111, 264, '美食'),
(112, 265, '美食'),
(113, 266, '美食'),
(114, 267, '美食'),
(115, 268, '美食'),
(116, 269, '美食'),
(117, 270, '美食'),
(118, 271, '美食'),
(119, 272, '娱乐'),
(120, 273, '美食'),
(121, 274, '美食'),
(122, 275, '美食'),
(123, 276, '娱乐'),
(124, 277, '教育'),
(125, 278, '电影'),
(126, 279, '购物'),
(127, 280, '电影'),
(128, 281, '电影'),
(129, 282, '电影'),
(130, 283, '电影'),
(131, 284, '美食'),
(132, 285, '美食'),
(133, 286, '美食'),
(144, 308, '电影'),
(145, 309, '购物'),
(146, 310, '旅行'),
(147, 311, '休闲娱乐'),
(148, 316, '电影'),
(149, 317, '旅行'),
(150, 318, '电影'),
(151, 319, '电影'),
(155, 330, '运动'),
(156, 334, '电影'),
(157, 335, '购物'),
(158, 336, '休闲娱乐'),
(159, 337, '电影'),
(161, 339, '运动'),
(166, 346, '电影'),
(167, 347, '电影'),
(169, 350, '电影'),
(171, 353, '电影');

-- --------------------------------------------------------

--
-- Table structure for table `jianghu_introduce_images`
--

CREATE TABLE IF NOT EXISTS `jianghu_introduce_images` (
  `id` int(10) unsigned NOT NULL AUTO_INCREMENT,
  `introduce_id` int(10) unsigned NOT NULL,
  `imageurl` varchar(100) NOT NULL,
  `imagepath` varchar(100) NOT NULL,
  `thumb_imageurl` varchar(100) NOT NULL,
  `thumb_imagepath` varchar(100) NOT NULL,
  PRIMARY KEY (`id`)
) ENGINE=InnoDB  DEFAULT CHARSET=utf8 COMMENT='推荐_图片表' AUTO_INCREMENT=307 ;

--
-- Dumping data for table `jianghu_introduce_images`
--

INSERT INTO `jianghu_introduce_images` (`id`, `introduce_id`, `imageurl`, `imagepath`, `thumb_imageurl`, `thumb_imagepath`) VALUES
(13, 7, 'http://localhost/jianghu/Uploads/2016-09-26/57e8c77f86249.jpg', './Uploads/2016-09-26/57e8c77f86249.jpg', '', ''),
(14, 7, 'http://localhost/jianghu/Uploads/2016-09-26/57e8c77f8af71.png', './Uploads/2016-09-26/57e8c77f8af71.png', '', ''),
(15, 8, 'http://localhost/jianghu/Uploads/2016-09-26/57e8c78d26d96.jpg', './Uploads/2016-09-26/57e8c78d26d96.jpg', '', ''),
(16, 8, 'http://localhost/jianghu/Uploads/2016-09-26/57e8c78d2b3c4.png', './Uploads/2016-09-26/57e8c78d2b3c4.png', '', ''),
(17, 9, 'http://localhost/jianghu/Uploads/2016-09-26/57e8c798a2baf.jpg', './Uploads/2016-09-26/57e8c798a2baf.jpg', '', ''),
(18, 9, 'http://localhost/jianghu/Uploads/2016-09-26/57e8c798a745d.png', './Uploads/2016-09-26/57e8c798a745d.png', '', ''),
(19, 10, 'http://localhost/jianghu/Uploads/2016-09-26/57e8c7a3246c5.jpg', './Uploads/2016-09-26/57e8c7a3246c5.jpg', '', ''),
(20, 10, 'http://localhost/jianghu/Uploads/2016-09-26/57e8c7a328e4b.png', './Uploads/2016-09-26/57e8c7a328e4b.png', '', ''),
(21, 11, 'http://localhost/jianghu/Uploads/2016-09-26/57e8c7bad16cc.jpg', './Uploads/2016-09-26/57e8c7bad16cc.jpg', '', ''),
(22, 11, 'http://localhost/jianghu/Uploads/2016-09-26/57e8c7bad5e17.png', './Uploads/2016-09-26/57e8c7bad5e17.png', '', ''),
(23, 19, 'http://localhost/jianghu/Uploads/2016-10-01/57ef9f7c0772e.jpg', './Uploads/2016-10-01/57ef9f7c0772e.jpg', '', ''),
(24, 19, 'http://localhost/jianghu/Uploads/2016-10-01/57ef9f7c09847.jpg', './Uploads/2016-10-01/57ef9f7c09847.jpg', '', ''),
(27, 22, 'http://localhost/jianghu/Uploads/2016-10-01/57efc36be69be.jpg', './Uploads/2016-10-01/57efc36be69be.jpg', '', ''),
(28, 22, 'http://localhost/jianghu/Uploads/2016-10-01/57efc36be9bf8.jpg', './Uploads/2016-10-01/57efc36be9bf8.jpg', '', ''),
(29, 102, 'http://localhost/jianghu/Uploads/2016-11-07/582065a14a83f.jpg', './Uploads/2016-11-07/582065a14a83f.jpg', '', ''),
(30, 102, 'http://localhost/jianghu/Uploads/2016-11-07/582065a14f49b.png', './Uploads/2016-11-07/582065a14f49b.png', '', ''),
(31, 102, 'http://localhost/jianghu/Uploads/2016-11-07/582065a14fa27.jpg', './Uploads/2016-11-07/582065a14fa27.jpg', '', ''),
(32, 107, 'http://localhost/jianghu/Uploads/2016-11-08/5821d917e6497.jpg', './Uploads/2016-11-08/5821d917e6497.jpg', '', ''),
(33, 108, 'http://localhost/jianghu/Uploads/2016-11-08/5821dc088f01c.jpg', './Uploads/2016-11-08/5821dc088f01c.jpg', '', ''),
(34, 109, 'http://localhost/jianghu/Uploads/2016-11-13/5828191b669ff.jpg', './Uploads/2016-11-13/5828191b669ff.jpg', '', ''),
(35, 124, 'http://localhost/jianghu/Uploads/2016-11-15/582a9a9626e14.png', './Uploads/2016-11-15/582a9a9626e14.png', '', ''),
(36, 125, 'http://localhost/jianghu/Uploads/2016-11-15/582a9aa0afdc6.png', './Uploads/2016-11-15/582a9aa0afdc6.png', '', ''),
(37, 135, 'http://::1/jianghu/Uploads/2016-11-20/5831bec92b6ad.jpg', './Uploads/2016-11-20/5831bec92b6ad.jpg', '', ''),
(38, 138, 'http://121.42.203.85/jianghu/Uploads/2016-11-21/5832661cec2bf.jpg', './Uploads/2016-11-21/5832661cec2bf.jpg', '', ''),
(39, 144, 'http://121.42.203.85/jianghu/Uploads/2016-11-27/583a713395ffa.jpg', './Uploads/2016-11-27/583a713395ffa.jpg', '', ''),
(40, 144, 'http://121.42.203.85/jianghu/Uploads/2016-11-27/583a713396465.jpg', './Uploads/2016-11-27/583a713396465.jpg', '', ''),
(41, 144, '', '.', '', ''),
(42, 145, 'http://121.42.203.85/jianghu/Uploads/2016-11-27/583a713395ffa.jpg', './Uploads/2016-11-27/583a713395ffa.jpg', '', ''),
(43, 145, 'http://121.42.203.85/jianghu/Uploads/2016-11-27/583a713396465.jpg', './Uploads/2016-11-27/583a713396465.jpg', '', ''),
(44, 145, '', '.', '', ''),
(45, 154, '', '.', '', ''),
(46, 155, 'http://121.42.203.85/jianghu/Uploads/2016-12-12/584dfa2b90b3c.jpg', './Uploads/2016-12-12/584dfa2b90b3c.jpg', '', ''),
(47, 155, '', '.', '', ''),
(48, 155, '', '.', '', ''),
(49, 156, 'http://121.42.203.85/jianghu/Uploads/2016-12-12/584e3ea590448.jpg', './Uploads/2016-12-12/584e3ea590448.jpg', 'http://121.42.203.85/jianghu/Uploads/2016-12-12thumd_584e3ea590448.jpg', './Uploads/2016-12-12thumd_584e3ea590448.jpg'),
(50, 156, '', '.', 'http://121.42.203.85/jianghu/Uploads/thumd_', './Uploads/thumd_'),
(51, 156, '', '.', 'http://121.42.203.85/jianghu/Uploads/thumd_', './Uploads/thumd_'),
(52, 157, 'http://121.42.203.85/jianghu/Uploads/2016-12-12/584e3ea590448.jpg', './Uploads/2016-12-12/584e3ea590448.jpg', 'http://121.42.203.85/jianghu/Uploads/2016-12-12/thumd_584e3ea590448.jpg', './Uploads/2016-12-12thumd_584e3ea590448.jpg'),
(53, 158, 'http://121.42.203.85/jianghu/Uploads/2016-12-12/584e3ea590448.jpg', './Uploads/2016-12-12/584e3ea590448.jpg', 'http://121.42.203.85/jianghu/Uploads/2016-12-12/thumd_584e3ea590448.jpg', './Uploads/2016-12-12/thumd_584e3ea590448.jpg'),
(54, 159, 'http://121.42.203.85/jianghu/Uploads/2016-12-12/584e3ea590448.jpg', './Uploads/2016-12-12/584e3ea590448.jpg', 'http://121.42.203.85/jianghu/Uploads/2016-12-12/thumd_584e3ea590448.jpg', './Uploads/2016-12-12/thumd_584e3ea590448.jpg'),
(55, 160, 'http://121.42.203.85/jianghu/Uploads/2016-12-12/584dfa2b90b3c.jpg', './Uploads/2016-12-12/584dfa2b90b3c.jpg', '', ''),
(56, 161, 'http://121.42.203.85/jianghu/Uploads/2016-12-12/584dfa2b90b3c.jpg', './Uploads/2016-12-12/584dfa2b90b3c.jpg', '', ''),
(57, 162, 'http://121.42.203.85/jianghu/Uploads/2016-12-12/584dfa2b90b3c.jpg', './Uploads/2016-12-12/584dfa2b90b3c.jpg', '', ''),
(58, 163, 'http://121.42.203.85/jianghu/Uploads/2016-12-12/584dfa2b90b3c.jpg', './Uploads/2016-12-12/584dfa2b90b3c.jpg', 'http://121.42.203.85/jianghu/Uploads/2016-12-12/thumd_584dfa2b90b3c.jpg', './Uploads/2016-12-12/thumd_584dfa2b90b3c.jpg'),
(59, 164, 'http://121.42.203.85/jianghu/Uploads/2016-12-12/584dfa2b90b3c.jpg', './Uploads/2016-12-12/584dfa2b90b3c.jpg', 'http://121.42.203.85/jianghu/Uploads/2016-12-12/1584dfa2b90b3c.jpg', './Uploads/2016-12-12/1584dfa2b90b3c.jpg'),
(60, 165, 'http://121.42.203.85/jianghu/Uploads/2016-12-12/584e49942ad43.jpg', './Uploads/2016-12-12/584e49942ad43.jpg', 'http://121.42.203.85/jianghu/Uploads/2016-12-12/1584e49942ad43.jpg', './Uploads/2016-12-12/1584e49942ad43.jpg'),
(61, 170, 'http://121.42.203.85/jianghu/Uploads/2016-11-27/583a713395cac.png', './Uploads/2016-11-27/583a713395cac.png', 'http://121.42.203.85/jianghu/Uploads/2016-11-27/1583a713395cac.png', './Uploads/2016-11-27/1583a713395cac.png'),
(62, 170, 'http://121.42.203.85/jianghu/Uploads/2016-11-27/583a713395ffa.jpg', './Uploads/2016-11-27/583a713395ffa.jpg', 'http://121.42.203.85/jianghu/Uploads/2016-11-27/1583a713395ffa.jpg', './Uploads/2016-11-27/1583a713395ffa.jpg'),
(63, 170, 'http://121.42.203.85/jianghu/Uploads/2016-11-27/583a713396465.jpg', './Uploads/2016-11-27/583a713396465.jpg', 'http://121.42.203.85/jianghu/Uploads/2016-11-27/1583a713396465.jpg', './Uploads/2016-11-27/1583a713396465.jpg'),
(64, 171, 'http://121.42.203.85/jianghu/Uploads/2016-12-21/585a7bf4495a0.jpg', './Uploads/2016-12-21/585a7bf4495a0.jpg', 'http://121.42.203.85/jianghu/Uploads/2016-12-21/1585a7bf4495a0.jpg', './Uploads/2016-12-21/1585a7bf4495a0.jpg'),
(65, 171, 'http://121.42.203.85/jianghu/Uploads/2016-12-21/585a7bf44998f.jpg', './Uploads/2016-12-21/585a7bf44998f.jpg', 'http://121.42.203.85/jianghu/Uploads/2016-12-21/1585a7bf44998f.jpg', './Uploads/2016-12-21/1585a7bf44998f.jpg'),
(66, 171, 'http://121.42.203.85/jianghu/Uploads/2016-12-21/585a7bf449bdd.jpg', './Uploads/2016-12-21/585a7bf449bdd.jpg', 'http://121.42.203.85/jianghu/Uploads/2016-12-21/1585a7bf449bdd.jpg', './Uploads/2016-12-21/1585a7bf449bdd.jpg'),
(67, 177, 'http://121.42.203.85/jianghu/Uploads/2016-12-21/585a7bf4495a0.jpg', './Uploads/2016-12-21/585a7bf4495a0.jpg', 'http://121.42.203.85/jianghu/Uploads/2016-12-21/1585a7bf4495a0.jpg', './Uploads/2016-12-21/1585a7bf4495a0.jpg'),
(68, 177, 'http://121.42.203.85/jianghu/Uploads/2016-12-21/585a7bf44998f.jpg', './Uploads/2016-12-21/585a7bf44998f.jpg', 'http://121.42.203.85/jianghu/Uploads/2016-12-21/1585a7bf44998f.jpg', './Uploads/2016-12-21/1585a7bf44998f.jpg'),
(69, 177, 'http://121.42.203.85/jianghu/Uploads/2016-12-21/585a7bf449bdd.jpg', './Uploads/2016-12-21/585a7bf449bdd.jpg', 'http://121.42.203.85/jianghu/Uploads/2016-12-21/1585a7bf449bdd.jpg', './Uploads/2016-12-21/1585a7bf449bdd.jpg'),
(70, 178, 'http://121.42.203.85/jianghu/Uploads/2016-12-21/585a7bf4495a0.jpg', './Uploads/2016-12-21/585a7bf4495a0.jpg', 'http://121.42.203.85/jianghu/Uploads/2016-12-21/1585a7bf4495a0.jpg', './Uploads/2016-12-21/1585a7bf4495a0.jpg'),
(71, 178, 'http://121.42.203.85/jianghu/Uploads/2016-12-21/585a7bf44998f.jpg', './Uploads/2016-12-21/585a7bf44998f.jpg', 'http://121.42.203.85/jianghu/Uploads/2016-12-21/1585a7bf44998f.jpg', './Uploads/2016-12-21/1585a7bf44998f.jpg'),
(72, 178, 'http://121.42.203.85/jianghu/Uploads/2016-12-21/585a7bf449bdd.jpg', './Uploads/2016-12-21/585a7bf449bdd.jpg', 'http://121.42.203.85/jianghu/Uploads/2016-12-21/1585a7bf449bdd.jpg', './Uploads/2016-12-21/1585a7bf449bdd.jpg'),
(73, 181, 'http://121.42.203.85/jianghu/Uploads/2016-12-21/585a7bf4495a0.jpg', './Uploads/2016-12-21/585a7bf4495a0.jpg', 'http://121.42.203.85/jianghu/Uploads/2016-12-21/1585a7bf4495a0.jpg', './Uploads/2016-12-21/1585a7bf4495a0.jpg'),
(74, 181, 'http://121.42.203.85/jianghu/Uploads/2016-12-21/585a7bf44998f.jpg', './Uploads/2016-12-21/585a7bf44998f.jpg', 'http://121.42.203.85/jianghu/Uploads/2016-12-21/1585a7bf44998f.jpg', './Uploads/2016-12-21/1585a7bf44998f.jpg'),
(75, 181, 'http://121.42.203.85/jianghu/Uploads/2016-12-21/585a7bf449bdd.jpg', './Uploads/2016-12-21/585a7bf449bdd.jpg', 'http://121.42.203.85/jianghu/Uploads/2016-12-21/1585a7bf449bdd.jpg', './Uploads/2016-12-21/1585a7bf449bdd.jpg'),
(76, 183, 'http://121.42.203.85/jianghu/Uploads/2017-02-07/5899df91d0af3.png', './Uploads/2017-02-07/5899df91d0af3.png', 'http://121.42.203.85/jianghu/Uploads/2017-02-07/15899df91d0af3.png', './Uploads/2017-02-07/15899df91d0af3.png'),
(77, 192, 'http://121.42.203.85/jianghu/Uploads/2017-02-11/589f1daf357d2.png', './Uploads/2017-02-11/589f1daf357d2.png', 'http://121.42.203.85/jianghu/Uploads/2017-02-11/1589f1daf357d2.png', './Uploads/2017-02-11/1589f1daf357d2.png'),
(78, 200, 'http://121.42.203.85/jianghu/Uploads/2016-12-21/585a7bf4495a0.jpg', './Uploads/2016-12-21/585a7bf4495a0.jpg', 'http://121.42.203.85/jianghu/Uploads/2016-12-21/1585a7bf4495a0.jpg', './Uploads/2016-12-21/1585a7bf4495a0.jpg'),
(79, 200, 'http://121.42.203.85/jianghu/Uploads/2016-12-21/585a7bf44998f.jpg', './Uploads/2016-12-21/585a7bf44998f.jpg', 'http://121.42.203.85/jianghu/Uploads/2016-12-21/1585a7bf44998f.jpg', './Uploads/2016-12-21/1585a7bf44998f.jpg'),
(80, 200, 'http://121.42.203.85/jianghu/Uploads/2016-12-21/585a7bf449bdd.jpg', './Uploads/2016-12-21/585a7bf449bdd.jpg', 'http://121.42.203.85/jianghu/Uploads/2016-12-21/1585a7bf449bdd.jpg', './Uploads/2016-12-21/1585a7bf449bdd.jpg'),
(81, 201, 'http://121.42.203.85/jianghu/Uploads/2016-12-21/585a7bf4495a0.jpg', './Uploads/2016-12-21/585a7bf4495a0.jpg', 'http://121.42.203.85/jianghu/Uploads/2016-12-21/1585a7bf4495a0.jpg', './Uploads/2016-12-21/1585a7bf4495a0.jpg'),
(82, 201, 'http://121.42.203.85/jianghu/Uploads/2016-12-21/585a7bf44998f.jpg', './Uploads/2016-12-21/585a7bf44998f.jpg', 'http://121.42.203.85/jianghu/Uploads/2016-12-21/1585a7bf44998f.jpg', './Uploads/2016-12-21/1585a7bf44998f.jpg'),
(83, 201, 'http://121.42.203.85/jianghu/Uploads/2016-12-21/585a7bf449bdd.jpg', './Uploads/2016-12-21/585a7bf449bdd.jpg', 'http://121.42.203.85/jianghu/Uploads/2016-12-21/1585a7bf449bdd.jpg', './Uploads/2016-12-21/1585a7bf449bdd.jpg'),
(84, 204, 'http://121.42.203.85/jianghu/Uploads/2017-02-28/58b4eff10869d.png', './Uploads/2017-02-28/58b4eff10869d.png', 'http://121.42.203.85/jianghu/Uploads/2017-02-28/158b4eff10869d.png', './Uploads/2017-02-28/158b4eff10869d.png'),
(85, 206, 'http://121.42.203.85/jianghu/Uploads/2017-03-24/58d5243be4024.png', './Uploads/2017-03-24/58d5243be4024.png', 'http://121.42.203.85/jianghu/Uploads/2017-03-24/158d5243be4024.png', './Uploads/2017-03-24/158d5243be4024.png'),
(86, 240, 'http://121.42.203.85/jianghu/Uploads/2017-03-29/58db5fb708071.png', './Uploads/2017-03-29/58db5fb708071.png', 'http://121.42.203.85/jianghu/Uploads/2017-03-29/158db5fb708071.png', './Uploads/2017-03-29/158db5fb708071.png'),
(87, 241, 'http://121.42.203.85/jianghu/Uploads/2017-03-29/58db623b84f06.png', './Uploads/2017-03-29/58db623b84f06.png', 'http://121.42.203.85/jianghu/Uploads/2017-03-29/158db623b84f06.png', './Uploads/2017-03-29/158db623b84f06.png'),
(88, 242, 'http://121.42.203.85/jianghu/Uploads/2017-03-29/58db6f95eea96.png', './Uploads/2017-03-29/58db6f95eea96.png', 'http://121.42.203.85/jianghu/Uploads/2017-03-29/158db6f95eea96.png', './Uploads/2017-03-29/158db6f95eea96.png'),
(89, 242, 'http://121.42.203.85/jianghu/Uploads/2017-03-29/58db6f95eecec.png', './Uploads/2017-03-29/58db6f95eecec.png', 'http://121.42.203.85/jianghu/Uploads/2017-03-29/158db6f95eecec.png', './Uploads/2017-03-29/158db6f95eecec.png'),
(90, 247, 'http://121.42.203.85/jianghu/Uploads/2017-03-30/58dd1871b42f6.png', './Uploads/2017-03-30/58dd1871b42f6.png', 'http://121.42.203.85/jianghu/Uploads/2017-03-30/158dd1871b42f6.png', './Uploads/2017-03-30/158dd1871b42f6.png'),
(91, 247, 'http://121.42.203.85/jianghu/Uploads/2017-03-30/58dd1871b7671.png', './Uploads/2017-03-30/58dd1871b7671.png', 'http://121.42.203.85/jianghu/Uploads/2017-03-30/158dd1871b7671.png', './Uploads/2017-03-30/158dd1871b7671.png'),
(92, 249, 'http://121.42.203.85/jianghu/Uploads/2017-03-31/58de54eed2537.png', './Uploads/2017-03-31/58de54eed2537.png', 'http://121.42.203.85/jianghu/Uploads/2017-03-31/158de54eed2537.png', './Uploads/2017-03-31/158de54eed2537.png'),
(93, 249, 'http://121.42.203.85/jianghu/Uploads/2017-03-31/58de54eed5554.png', './Uploads/2017-03-31/58de54eed5554.png', 'http://121.42.203.85/jianghu/Uploads/2017-03-31/158de54eed5554.png', './Uploads/2017-03-31/158de54eed5554.png'),
(94, 251, 'http://121.42.203.85/jianghu/Uploads/2017-03-31/58de756b9c9b1.png', './Uploads/2017-03-31/58de756b9c9b1.png', 'http://121.42.203.85/jianghu/Uploads/2017-03-31/158de756b9c9b1.png', './Uploads/2017-03-31/158de756b9c9b1.png'),
(95, 251, 'http://121.42.203.85/jianghu/Uploads/2017-03-31/58de756b9ce0b.png', './Uploads/2017-03-31/58de756b9ce0b.png', 'http://121.42.203.85/jianghu/Uploads/2017-03-31/158de756b9ce0b.png', './Uploads/2017-03-31/158de756b9ce0b.png'),
(96, 251, 'http://121.42.203.85/jianghu/Uploads/2017-03-31/58de756b9d012.png', './Uploads/2017-03-31/58de756b9d012.png', 'http://121.42.203.85/jianghu/Uploads/2017-03-31/158de756b9d012.png', './Uploads/2017-03-31/158de756b9d012.png'),
(97, 251, 'http://121.42.203.85/jianghu/Uploads/2017-03-31/58de756b9da82.png', './Uploads/2017-03-31/58de756b9da82.png', 'http://121.42.203.85/jianghu/Uploads/2017-03-31/158de756b9da82.png', './Uploads/2017-03-31/158de756b9da82.png'),
(98, 251, 'http://121.42.203.85/jianghu/Uploads/2017-03-31/58de756b9dc82.png', './Uploads/2017-03-31/58de756b9dc82.png', 'http://121.42.203.85/jianghu/Uploads/2017-03-31/158de756b9dc82.png', './Uploads/2017-03-31/158de756b9dc82.png'),
(99, 251, 'http://121.42.203.85/jianghu/Uploads/2017-03-31/58de756b9dfdd.png', './Uploads/2017-03-31/58de756b9dfdd.png', 'http://121.42.203.85/jianghu/Uploads/2017-03-31/158de756b9dfdd.png', './Uploads/2017-03-31/158de756b9dfdd.png'),
(100, 252, 'http://121.42.203.85/jianghu/Uploads/2016-12-21/585a7bf4495a0.jpg', './Uploads/2016-12-21/585a7bf4495a0.jpg', 'http://121.42.203.85/jianghu/Uploads/2016-12-21/1585a7bf4495a0.jpg', './Uploads/2016-12-21/1585a7bf4495a0.jpg'),
(101, 252, 'http://121.42.203.85/jianghu/Uploads/2016-12-21/585a7bf44998f.jpg', './Uploads/2016-12-21/585a7bf44998f.jpg', 'http://121.42.203.85/jianghu/Uploads/2016-12-21/1585a7bf44998f.jpg', './Uploads/2016-12-21/1585a7bf44998f.jpg'),
(102, 252, 'http://121.42.203.85/jianghu/Uploads/2016-12-21/585a7bf449bdd.jpg', './Uploads/2016-12-21/585a7bf449bdd.jpg', 'http://121.42.203.85/jianghu/Uploads/2016-12-21/1585a7bf449bdd.jpg', './Uploads/2016-12-21/1585a7bf449bdd.jpg'),
(103, 253, 'http://121.42.203.85/jianghu/Uploads/2017-03-31/58de7cab08076.png', './Uploads/2017-03-31/58de7cab08076.png', 'http://121.42.203.85/jianghu/Uploads/2017-03-31/158de7cab08076.png', './Uploads/2017-03-31/158de7cab08076.png'),
(104, 253, 'http://121.42.203.85/jianghu/Uploads/2017-03-31/58de7cab087ba.png', './Uploads/2017-03-31/58de7cab087ba.png', 'http://121.42.203.85/jianghu/Uploads/2017-03-31/158de7cab087ba.png', './Uploads/2017-03-31/158de7cab087ba.png'),
(105, 254, 'http://121.42.203.85/jianghu/Uploads/2017-04-01/58de8cb256b72.png', './Uploads/2017-04-01/58de8cb256b72.png', 'http://121.42.203.85/jianghu/Uploads/2017-04-01/158de8cb256b72.png', './Uploads/2017-04-01/158de8cb256b72.png'),
(106, 254, 'http://121.42.203.85/jianghu/Uploads/2017-04-01/58de8cb25a4df.png', './Uploads/2017-04-01/58de8cb25a4df.png', 'http://121.42.203.85/jianghu/Uploads/2017-04-01/158de8cb25a4df.png', './Uploads/2017-04-01/158de8cb25a4df.png'),
(107, 255, 'http://121.42.203.85/jianghu/Uploads/2017-04-01/58de92ae4e6e7.png', './Uploads/2017-04-01/58de92ae4e6e7.png', 'http://121.42.203.85/jianghu/Uploads/2017-04-01/158de92ae4e6e7.png', './Uploads/2017-04-01/158de92ae4e6e7.png'),
(108, 256, 'http://121.42.203.85/jianghu/Uploads/2017-04-01/58de92d4e951b.png', './Uploads/2017-04-01/58de92d4e951b.png', 'http://121.42.203.85/jianghu/Uploads/2017-04-01/158de92d4e951b.png', './Uploads/2017-04-01/158de92d4e951b.png'),
(109, 256, 'http://121.42.203.85/jianghu/Uploads/2017-04-01/58de92d4e9bef.png', './Uploads/2017-04-01/58de92d4e9bef.png', 'http://121.42.203.85/jianghu/Uploads/2017-04-01/158de92d4e9bef.png', './Uploads/2017-04-01/158de92d4e9bef.png'),
(110, 257, 'http://121.42.203.85/jianghu/Uploads/2017-04-01/58de92f788868.png', './Uploads/2017-04-01/58de92f788868.png', 'http://121.42.203.85/jianghu/Uploads/2017-04-01/158de92f788868.png', './Uploads/2017-04-01/158de92f788868.png'),
(111, 257, 'http://121.42.203.85/jianghu/Uploads/2017-04-01/58de92f78a8bb.png', './Uploads/2017-04-01/58de92f78a8bb.png', 'http://121.42.203.85/jianghu/Uploads/2017-04-01/158de92f78a8bb.png', './Uploads/2017-04-01/158de92f78a8bb.png'),
(112, 257, 'http://121.42.203.85/jianghu/Uploads/2017-04-01/58de92f78cfec.png', './Uploads/2017-04-01/58de92f78cfec.png', 'http://121.42.203.85/jianghu/Uploads/2017-04-01/158de92f78cfec.png', './Uploads/2017-04-01/158de92f78cfec.png'),
(113, 258, 'http://121.42.203.85/jianghu/Uploads/2017-04-01/58de932e61e85.png', './Uploads/2017-04-01/58de932e61e85.png', 'http://121.42.203.85/jianghu/Uploads/2017-04-01/158de932e61e85.png', './Uploads/2017-04-01/158de932e61e85.png'),
(114, 259, 'http://121.42.203.85/jianghu/Uploads/2017-04-01/58de935ae4509.png', './Uploads/2017-04-01/58de935ae4509.png', 'http://121.42.203.85/jianghu/Uploads/2017-04-01/158de935ae4509.png', './Uploads/2017-04-01/158de935ae4509.png'),
(115, 259, 'http://121.42.203.85/jianghu/Uploads/2017-04-01/58de935ae47a0.png', './Uploads/2017-04-01/58de935ae47a0.png', 'http://121.42.203.85/jianghu/Uploads/2017-04-01/158de935ae47a0.png', './Uploads/2017-04-01/158de935ae47a0.png'),
(116, 259, 'http://121.42.203.85/jianghu/Uploads/2017-04-01/58de935ae4d06.png', './Uploads/2017-04-01/58de935ae4d06.png', 'http://121.42.203.85/jianghu/Uploads/2017-04-01/158de935ae4d06.png', './Uploads/2017-04-01/158de935ae4d06.png'),
(117, 259, 'http://121.42.203.85/jianghu/Uploads/2017-04-01/58de935ae5122.png', './Uploads/2017-04-01/58de935ae5122.png', 'http://121.42.203.85/jianghu/Uploads/2017-04-01/158de935ae5122.png', './Uploads/2017-04-01/158de935ae5122.png'),
(118, 259, 'http://121.42.203.85/jianghu/Uploads/2017-04-01/58de935ae5356.png', './Uploads/2017-04-01/58de935ae5356.png', 'http://121.42.203.85/jianghu/Uploads/2017-04-01/158de935ae5356.png', './Uploads/2017-04-01/158de935ae5356.png'),
(119, 259, 'http://121.42.203.85/jianghu/Uploads/2017-04-01/58de935ae6c48.png', './Uploads/2017-04-01/58de935ae6c48.png', 'http://121.42.203.85/jianghu/Uploads/2017-04-01/158de935ae6c48.png', './Uploads/2017-04-01/158de935ae6c48.png'),
(120, 259, 'http://121.42.203.85/jianghu/Uploads/2017-04-01/58de935ae6ee3.png', './Uploads/2017-04-01/58de935ae6ee3.png', 'http://121.42.203.85/jianghu/Uploads/2017-04-01/158de935ae6ee3.png', './Uploads/2017-04-01/158de935ae6ee3.png'),
(121, 259, 'http://121.42.203.85/jianghu/Uploads/2017-04-01/58de935ae710d.png', './Uploads/2017-04-01/58de935ae710d.png', 'http://121.42.203.85/jianghu/Uploads/2017-04-01/158de935ae710d.png', './Uploads/2017-04-01/158de935ae710d.png'),
(122, 260, 'http://121.42.203.85/jianghu/Uploads/2017-04-01/58de938aec5e1.png', './Uploads/2017-04-01/58de938aec5e1.png', 'http://121.42.203.85/jianghu/Uploads/2017-04-01/158de938aec5e1.png', './Uploads/2017-04-01/158de938aec5e1.png'),
(123, 261, 'http://121.42.203.85/jianghu/Uploads/2017-04-01/58de960414ff4.png', './Uploads/2017-04-01/58de960414ff4.png', 'http://121.42.203.85/jianghu/Uploads/2017-04-01/158de960414ff4.png', './Uploads/2017-04-01/158de960414ff4.png'),
(124, 261, 'http://121.42.203.85/jianghu/Uploads/2017-04-01/58de960415e30.png', './Uploads/2017-04-01/58de960415e30.png', 'http://121.42.203.85/jianghu/Uploads/2017-04-01/158de960415e30.png', './Uploads/2017-04-01/158de960415e30.png'),
(125, 261, 'http://121.42.203.85/jianghu/Uploads/2017-04-01/58de960416f71.png', './Uploads/2017-04-01/58de960416f71.png', 'http://121.42.203.85/jianghu/Uploads/2017-04-01/158de960416f71.png', './Uploads/2017-04-01/158de960416f71.png'),
(126, 261, 'http://121.42.203.85/jianghu/Uploads/2017-04-01/58de960417f47.png', './Uploads/2017-04-01/58de960417f47.png', 'http://121.42.203.85/jianghu/Uploads/2017-04-01/158de960417f47.png', './Uploads/2017-04-01/158de960417f47.png'),
(127, 261, 'http://121.42.203.85/jianghu/Uploads/2017-04-01/58de960418f4f.png', './Uploads/2017-04-01/58de960418f4f.png', 'http://121.42.203.85/jianghu/Uploads/2017-04-01/158de960418f4f.png', './Uploads/2017-04-01/158de960418f4f.png'),
(128, 261, 'http://121.42.203.85/jianghu/Uploads/2017-04-01/58de960419a32.png', './Uploads/2017-04-01/58de960419a32.png', 'http://121.42.203.85/jianghu/Uploads/2017-04-01/158de960419a32.png', './Uploads/2017-04-01/158de960419a32.png'),
(129, 261, 'http://121.42.203.85/jianghu/Uploads/2017-04-01/58de96041a8d9.png', './Uploads/2017-04-01/58de96041a8d9.png', 'http://121.42.203.85/jianghu/Uploads/2017-04-01/158de96041a8d9.png', './Uploads/2017-04-01/158de96041a8d9.png'),
(130, 261, 'http://121.42.203.85/jianghu/Uploads/2017-04-01/58de96041ba68.png', './Uploads/2017-04-01/58de96041ba68.png', 'http://121.42.203.85/jianghu/Uploads/2017-04-01/158de96041ba68.png', './Uploads/2017-04-01/158de96041ba68.png'),
(131, 262, 'http://121.42.203.85/jianghu/Uploads/2017-04-01/58de96f6d7e0e.png', './Uploads/2017-04-01/58de96f6d7e0e.png', 'http://121.42.203.85/jianghu/Uploads/2017-04-01/158de96f6d7e0e.png', './Uploads/2017-04-01/158de96f6d7e0e.png'),
(132, 262, 'http://121.42.203.85/jianghu/Uploads/2017-04-01/58de96f6d9e12.png', './Uploads/2017-04-01/58de96f6d9e12.png', 'http://121.42.203.85/jianghu/Uploads/2017-04-01/158de96f6d9e12.png', './Uploads/2017-04-01/158de96f6d9e12.png'),
(133, 262, 'http://121.42.203.85/jianghu/Uploads/2017-04-01/58de96f6dba31.png', './Uploads/2017-04-01/58de96f6dba31.png', 'http://121.42.203.85/jianghu/Uploads/2017-04-01/158de96f6dba31.png', './Uploads/2017-04-01/158de96f6dba31.png'),
(134, 262, 'http://121.42.203.85/jianghu/Uploads/2017-04-01/58de96f6dd585.png', './Uploads/2017-04-01/58de96f6dd585.png', 'http://121.42.203.85/jianghu/Uploads/2017-04-01/158de96f6dd585.png', './Uploads/2017-04-01/158de96f6dd585.png'),
(135, 262, 'http://121.42.203.85/jianghu/Uploads/2017-04-01/58de96f6dead9.png', './Uploads/2017-04-01/58de96f6dead9.png', 'http://121.42.203.85/jianghu/Uploads/2017-04-01/158de96f6dead9.png', './Uploads/2017-04-01/158de96f6dead9.png'),
(136, 262, 'http://121.42.203.85/jianghu/Uploads/2017-04-01/58de96f6e0435.png', './Uploads/2017-04-01/58de96f6e0435.png', 'http://121.42.203.85/jianghu/Uploads/2017-04-01/158de96f6e0435.png', './Uploads/2017-04-01/158de96f6e0435.png'),
(137, 262, 'http://121.42.203.85/jianghu/Uploads/2017-04-01/58de96f6e1d04.png', './Uploads/2017-04-01/58de96f6e1d04.png', 'http://121.42.203.85/jianghu/Uploads/2017-04-01/158de96f6e1d04.png', './Uploads/2017-04-01/158de96f6e1d04.png'),
(138, 262, 'http://121.42.203.85/jianghu/Uploads/2017-04-01/58de96f6e3b63.png', './Uploads/2017-04-01/58de96f6e3b63.png', 'http://121.42.203.85/jianghu/Uploads/2017-04-01/158de96f6e3b63.png', './Uploads/2017-04-01/158de96f6e3b63.png'),
(139, 262, 'http://121.42.203.85/jianghu/Uploads/2017-04-01/58de96f6e5960.png', './Uploads/2017-04-01/58de96f6e5960.png', 'http://121.42.203.85/jianghu/Uploads/2017-04-01/158de96f6e5960.png', './Uploads/2017-04-01/158de96f6e5960.png'),
(140, 263, 'http://121.42.203.85/jianghu/Uploads/2017-04-01/58de995976f68.png', './Uploads/2017-04-01/58de995976f68.png', 'http://121.42.203.85/jianghu/Uploads/2017-04-01/158de995976f68.png', './Uploads/2017-04-01/158de995976f68.png'),
(141, 263, 'http://121.42.203.85/jianghu/Uploads/2017-04-01/58de99597874a.png', './Uploads/2017-04-01/58de99597874a.png', 'http://121.42.203.85/jianghu/Uploads/2017-04-01/158de99597874a.png', './Uploads/2017-04-01/158de99597874a.png'),
(142, 263, 'http://121.42.203.85/jianghu/Uploads/2017-04-01/58de995979947.png', './Uploads/2017-04-01/58de995979947.png', 'http://121.42.203.85/jianghu/Uploads/2017-04-01/158de995979947.png', './Uploads/2017-04-01/158de995979947.png'),
(143, 263, 'http://121.42.203.85/jianghu/Uploads/2017-04-01/58de99597b28a.png', './Uploads/2017-04-01/58de99597b28a.png', 'http://121.42.203.85/jianghu/Uploads/2017-04-01/158de99597b28a.png', './Uploads/2017-04-01/158de99597b28a.png'),
(144, 263, 'http://121.42.203.85/jianghu/Uploads/2017-04-01/58de99597cdcd.png', './Uploads/2017-04-01/58de99597cdcd.png', 'http://121.42.203.85/jianghu/Uploads/2017-04-01/158de99597cdcd.png', './Uploads/2017-04-01/158de99597cdcd.png'),
(145, 263, 'http://121.42.203.85/jianghu/Uploads/2017-04-01/58de99597eb19.png', './Uploads/2017-04-01/58de99597eb19.png', 'http://121.42.203.85/jianghu/Uploads/2017-04-01/158de99597eb19.png', './Uploads/2017-04-01/158de99597eb19.png'),
(146, 263, 'http://121.42.203.85/jianghu/Uploads/2017-04-01/58de99598037e.png', './Uploads/2017-04-01/58de99598037e.png', 'http://121.42.203.85/jianghu/Uploads/2017-04-01/158de99598037e.png', './Uploads/2017-04-01/158de99598037e.png'),
(147, 263, 'http://121.42.203.85/jianghu/Uploads/2017-04-01/58de9959820f1.png', './Uploads/2017-04-01/58de9959820f1.png', 'http://121.42.203.85/jianghu/Uploads/2017-04-01/158de9959820f1.png', './Uploads/2017-04-01/158de9959820f1.png'),
(148, 263, 'http://121.42.203.85/jianghu/Uploads/2017-04-01/58de995983a84.png', './Uploads/2017-04-01/58de995983a84.png', 'http://121.42.203.85/jianghu/Uploads/2017-04-01/158de995983a84.png', './Uploads/2017-04-01/158de995983a84.png'),
(149, 264, 'http://121.42.203.85/jianghu/Uploads/2017-04-01/58de9a879b3ad.png', './Uploads/2017-04-01/58de9a879b3ad.png', 'http://121.42.203.85/jianghu/Uploads/2017-04-01/158de9a879b3ad.png', './Uploads/2017-04-01/158de9a879b3ad.png'),
(150, 264, 'http://121.42.203.85/jianghu/Uploads/2017-04-01/58de9a879cfe6.png', './Uploads/2017-04-01/58de9a879cfe6.png', 'http://121.42.203.85/jianghu/Uploads/2017-04-01/158de9a879cfe6.png', './Uploads/2017-04-01/158de9a879cfe6.png'),
(151, 264, 'http://121.42.203.85/jianghu/Uploads/2017-04-01/58de9a879e847.png', './Uploads/2017-04-01/58de9a879e847.png', 'http://121.42.203.85/jianghu/Uploads/2017-04-01/158de9a879e847.png', './Uploads/2017-04-01/158de9a879e847.png'),
(152, 264, 'http://121.42.203.85/jianghu/Uploads/2017-04-01/58de9a879f57b.png', './Uploads/2017-04-01/58de9a879f57b.png', 'http://121.42.203.85/jianghu/Uploads/2017-04-01/158de9a879f57b.png', './Uploads/2017-04-01/158de9a879f57b.png'),
(153, 264, 'http://121.42.203.85/jianghu/Uploads/2017-04-01/58de9a87a145f.png', './Uploads/2017-04-01/58de9a87a145f.png', 'http://121.42.203.85/jianghu/Uploads/2017-04-01/158de9a87a145f.png', './Uploads/2017-04-01/158de9a87a145f.png'),
(154, 264, 'http://121.42.203.85/jianghu/Uploads/2017-04-01/58de9a87a2e1e.png', './Uploads/2017-04-01/58de9a87a2e1e.png', 'http://121.42.203.85/jianghu/Uploads/2017-04-01/158de9a87a2e1e.png', './Uploads/2017-04-01/158de9a87a2e1e.png'),
(155, 264, 'http://121.42.203.85/jianghu/Uploads/2017-04-01/58de9a87a4a96.png', './Uploads/2017-04-01/58de9a87a4a96.png', 'http://121.42.203.85/jianghu/Uploads/2017-04-01/158de9a87a4a96.png', './Uploads/2017-04-01/158de9a87a4a96.png'),
(156, 264, 'http://121.42.203.85/jianghu/Uploads/2017-04-01/58de9a87a4e4d.png', './Uploads/2017-04-01/58de9a87a4e4d.png', 'http://121.42.203.85/jianghu/Uploads/2017-04-01/158de9a87a4e4d.png', './Uploads/2017-04-01/158de9a87a4e4d.png'),
(157, 264, 'http://121.42.203.85/jianghu/Uploads/2017-04-01/58de9a87a660a.png', './Uploads/2017-04-01/58de9a87a660a.png', 'http://121.42.203.85/jianghu/Uploads/2017-04-01/158de9a87a660a.png', './Uploads/2017-04-01/158de9a87a660a.png'),
(158, 265, 'http://121.42.203.85/jianghu/Uploads/2017-04-01/58de9bebb3675.png', './Uploads/2017-04-01/58de9bebb3675.png', 'http://121.42.203.85/jianghu/Uploads/2017-04-01/158de9bebb3675.png', './Uploads/2017-04-01/158de9bebb3675.png'),
(159, 265, 'http://121.42.203.85/jianghu/Uploads/2017-04-01/58de9bebb4ddd.png', './Uploads/2017-04-01/58de9bebb4ddd.png', 'http://121.42.203.85/jianghu/Uploads/2017-04-01/158de9bebb4ddd.png', './Uploads/2017-04-01/158de9bebb4ddd.png'),
(160, 265, 'http://121.42.203.85/jianghu/Uploads/2017-04-01/58de9bebb6725.png', './Uploads/2017-04-01/58de9bebb6725.png', 'http://121.42.203.85/jianghu/Uploads/2017-04-01/158de9bebb6725.png', './Uploads/2017-04-01/158de9bebb6725.png'),
(161, 265, 'http://121.42.203.85/jianghu/Uploads/2017-04-01/58de9bebb80f0.png', './Uploads/2017-04-01/58de9bebb80f0.png', 'http://121.42.203.85/jianghu/Uploads/2017-04-01/158de9bebb80f0.png', './Uploads/2017-04-01/158de9bebb80f0.png'),
(162, 265, 'http://121.42.203.85/jianghu/Uploads/2017-04-01/58de9bebb84f8.png', './Uploads/2017-04-01/58de9bebb84f8.png', 'http://121.42.203.85/jianghu/Uploads/2017-04-01/158de9bebb84f8.png', './Uploads/2017-04-01/158de9bebb84f8.png'),
(163, 265, 'http://121.42.203.85/jianghu/Uploads/2017-04-01/58de9bebb89db.png', './Uploads/2017-04-01/58de9bebb89db.png', 'http://121.42.203.85/jianghu/Uploads/2017-04-01/158de9bebb89db.png', './Uploads/2017-04-01/158de9bebb89db.png'),
(164, 265, 'http://121.42.203.85/jianghu/Uploads/2017-04-01/58de9bebba0f6.png', './Uploads/2017-04-01/58de9bebba0f6.png', 'http://121.42.203.85/jianghu/Uploads/2017-04-01/158de9bebba0f6.png', './Uploads/2017-04-01/158de9bebba0f6.png'),
(165, 265, 'http://121.42.203.85/jianghu/Uploads/2017-04-01/58de9bebbbea7.png', './Uploads/2017-04-01/58de9bebbbea7.png', 'http://121.42.203.85/jianghu/Uploads/2017-04-01/158de9bebbbea7.png', './Uploads/2017-04-01/158de9bebbbea7.png'),
(166, 265, 'http://121.42.203.85/jianghu/Uploads/2017-04-01/58de9bebbdc66.png', './Uploads/2017-04-01/58de9bebbdc66.png', 'http://121.42.203.85/jianghu/Uploads/2017-04-01/158de9bebbdc66.png', './Uploads/2017-04-01/158de9bebbdc66.png'),
(167, 266, 'http://121.42.203.85/jianghu/Uploads/2017-04-01/58de9cdd32000.png', './Uploads/2017-04-01/58de9cdd32000.png', 'http://121.42.203.85/jianghu/Uploads/2017-04-01/158de9cdd32000.png', './Uploads/2017-04-01/158de9cdd32000.png'),
(168, 266, 'http://121.42.203.85/jianghu/Uploads/2017-04-01/58de9cdd3384d.png', './Uploads/2017-04-01/58de9cdd3384d.png', 'http://121.42.203.85/jianghu/Uploads/2017-04-01/158de9cdd3384d.png', './Uploads/2017-04-01/158de9cdd3384d.png'),
(169, 266, 'http://121.42.203.85/jianghu/Uploads/2017-04-01/58de9cdd348d3.png', './Uploads/2017-04-01/58de9cdd348d3.png', 'http://121.42.203.85/jianghu/Uploads/2017-04-01/158de9cdd348d3.png', './Uploads/2017-04-01/158de9cdd348d3.png'),
(170, 266, 'http://121.42.203.85/jianghu/Uploads/2017-04-01/58de9cdd3547d.png', './Uploads/2017-04-01/58de9cdd3547d.png', 'http://121.42.203.85/jianghu/Uploads/2017-04-01/158de9cdd3547d.png', './Uploads/2017-04-01/158de9cdd3547d.png'),
(171, 266, 'http://121.42.203.85/jianghu/Uploads/2017-04-01/58de9cdd36c03.png', './Uploads/2017-04-01/58de9cdd36c03.png', 'http://121.42.203.85/jianghu/Uploads/2017-04-01/158de9cdd36c03.png', './Uploads/2017-04-01/158de9cdd36c03.png'),
(172, 266, 'http://121.42.203.85/jianghu/Uploads/2017-04-01/58de9cdd389b5.png', './Uploads/2017-04-01/58de9cdd389b5.png', 'http://121.42.203.85/jianghu/Uploads/2017-04-01/158de9cdd389b5.png', './Uploads/2017-04-01/158de9cdd389b5.png'),
(173, 266, 'http://121.42.203.85/jianghu/Uploads/2017-04-01/58de9cdd3a6e9.png', './Uploads/2017-04-01/58de9cdd3a6e9.png', 'http://121.42.203.85/jianghu/Uploads/2017-04-01/158de9cdd3a6e9.png', './Uploads/2017-04-01/158de9cdd3a6e9.png'),
(174, 266, 'http://121.42.203.85/jianghu/Uploads/2017-04-01/58de9cdd3bf5c.png', './Uploads/2017-04-01/58de9cdd3bf5c.png', 'http://121.42.203.85/jianghu/Uploads/2017-04-01/158de9cdd3bf5c.png', './Uploads/2017-04-01/158de9cdd3bf5c.png'),
(175, 266, 'http://121.42.203.85/jianghu/Uploads/2017-04-01/58de9cdd3c316.png', './Uploads/2017-04-01/58de9cdd3c316.png', 'http://121.42.203.85/jianghu/Uploads/2017-04-01/158de9cdd3c316.png', './Uploads/2017-04-01/158de9cdd3c316.png'),
(176, 267, 'http://121.42.203.85/jianghu/Uploads/2017-04-01/58de9e732b655.png', './Uploads/2017-04-01/58de9e732b655.png', 'http://121.42.203.85/jianghu/Uploads/2017-04-01/158de9e732b655.png', './Uploads/2017-04-01/158de9e732b655.png'),
(177, 267, 'http://121.42.203.85/jianghu/Uploads/2017-04-01/58de9e732cfb3.png', './Uploads/2017-04-01/58de9e732cfb3.png', 'http://121.42.203.85/jianghu/Uploads/2017-04-01/158de9e732cfb3.png', './Uploads/2017-04-01/158de9e732cfb3.png'),
(178, 267, 'http://121.42.203.85/jianghu/Uploads/2017-04-01/58de9e732f148.png', './Uploads/2017-04-01/58de9e732f148.png', 'http://121.42.203.85/jianghu/Uploads/2017-04-01/158de9e732f148.png', './Uploads/2017-04-01/158de9e732f148.png'),
(179, 267, 'http://121.42.203.85/jianghu/Uploads/2017-04-01/58de9e732ffc8.png', './Uploads/2017-04-01/58de9e732ffc8.png', 'http://121.42.203.85/jianghu/Uploads/2017-04-01/158de9e732ffc8.png', './Uploads/2017-04-01/158de9e732ffc8.png'),
(180, 267, 'http://121.42.203.85/jianghu/Uploads/2017-04-01/58de9e7330bf3.png', './Uploads/2017-04-01/58de9e7330bf3.png', 'http://121.42.203.85/jianghu/Uploads/2017-04-01/158de9e7330bf3.png', './Uploads/2017-04-01/158de9e7330bf3.png'),
(181, 267, 'http://121.42.203.85/jianghu/Uploads/2017-04-01/58de9e733187d.png', './Uploads/2017-04-01/58de9e733187d.png', 'http://121.42.203.85/jianghu/Uploads/2017-04-01/158de9e733187d.png', './Uploads/2017-04-01/158de9e733187d.png'),
(182, 267, 'http://121.42.203.85/jianghu/Uploads/2017-04-01/58de9e73322b3.png', './Uploads/2017-04-01/58de9e73322b3.png', 'http://121.42.203.85/jianghu/Uploads/2017-04-01/158de9e73322b3.png', './Uploads/2017-04-01/158de9e73322b3.png'),
(183, 267, 'http://121.42.203.85/jianghu/Uploads/2017-04-01/58de9e7332cab.png', './Uploads/2017-04-01/58de9e7332cab.png', 'http://121.42.203.85/jianghu/Uploads/2017-04-01/158de9e7332cab.png', './Uploads/2017-04-01/158de9e7332cab.png'),
(184, 267, 'http://121.42.203.85/jianghu/Uploads/2017-04-01/58de9e733377b.png', './Uploads/2017-04-01/58de9e733377b.png', 'http://121.42.203.85/jianghu/Uploads/2017-04-01/158de9e733377b.png', './Uploads/2017-04-01/158de9e733377b.png'),
(185, 268, 'http://121.42.203.85/jianghu/Uploads/2017-04-01/58de9f20a9f65.png', './Uploads/2017-04-01/58de9f20a9f65.png', 'http://121.42.203.85/jianghu/Uploads/2017-04-01/158de9f20a9f65.png', './Uploads/2017-04-01/158de9f20a9f65.png'),
(186, 268, 'http://121.42.203.85/jianghu/Uploads/2017-04-01/58de9f20aa3b7.png', './Uploads/2017-04-01/58de9f20aa3b7.png', 'http://121.42.203.85/jianghu/Uploads/2017-04-01/158de9f20aa3b7.png', './Uploads/2017-04-01/158de9f20aa3b7.png'),
(187, 268, 'http://121.42.203.85/jianghu/Uploads/2017-04-01/58de9f20aa7ed.png', './Uploads/2017-04-01/58de9f20aa7ed.png', 'http://121.42.203.85/jianghu/Uploads/2017-04-01/158de9f20aa7ed.png', './Uploads/2017-04-01/158de9f20aa7ed.png'),
(188, 268, 'http://121.42.203.85/jianghu/Uploads/2017-04-01/58de9f20aacd9.png', './Uploads/2017-04-01/58de9f20aacd9.png', 'http://121.42.203.85/jianghu/Uploads/2017-04-01/158de9f20aacd9.png', './Uploads/2017-04-01/158de9f20aacd9.png'),
(189, 268, 'http://121.42.203.85/jianghu/Uploads/2017-04-01/58de9f20ab0a7.png', './Uploads/2017-04-01/58de9f20ab0a7.png', 'http://121.42.203.85/jianghu/Uploads/2017-04-01/158de9f20ab0a7.png', './Uploads/2017-04-01/158de9f20ab0a7.png'),
(190, 268, 'http://121.42.203.85/jianghu/Uploads/2017-04-01/58de9f20ab5c7.png', './Uploads/2017-04-01/58de9f20ab5c7.png', 'http://121.42.203.85/jianghu/Uploads/2017-04-01/158de9f20ab5c7.png', './Uploads/2017-04-01/158de9f20ab5c7.png'),
(191, 268, 'http://121.42.203.85/jianghu/Uploads/2017-04-01/58de9f20abaa4.png', './Uploads/2017-04-01/58de9f20abaa4.png', 'http://121.42.203.85/jianghu/Uploads/2017-04-01/158de9f20abaa4.png', './Uploads/2017-04-01/158de9f20abaa4.png'),
(192, 268, 'http://121.42.203.85/jianghu/Uploads/2017-04-01/58de9f20abebc.png', './Uploads/2017-04-01/58de9f20abebc.png', 'http://121.42.203.85/jianghu/Uploads/2017-04-01/158de9f20abebc.png', './Uploads/2017-04-01/158de9f20abebc.png'),
(193, 268, 'http://121.42.203.85/jianghu/Uploads/2017-04-01/58de9f20ac383.png', './Uploads/2017-04-01/58de9f20ac383.png', 'http://121.42.203.85/jianghu/Uploads/2017-04-01/158de9f20ac383.png', './Uploads/2017-04-01/158de9f20ac383.png'),
(194, 269, 'http://121.42.203.85/jianghu/Uploads/2017-04-01/58de9f87a6305.png', './Uploads/2017-04-01/58de9f87a6305.png', 'http://121.42.203.85/jianghu/Uploads/2017-04-01/158de9f87a6305.png', './Uploads/2017-04-01/158de9f87a6305.png'),
(195, 269, 'http://121.42.203.85/jianghu/Uploads/2017-04-01/58de9f87a8069.png', './Uploads/2017-04-01/58de9f87a8069.png', 'http://121.42.203.85/jianghu/Uploads/2017-04-01/158de9f87a8069.png', './Uploads/2017-04-01/158de9f87a8069.png'),
(196, 269, 'http://121.42.203.85/jianghu/Uploads/2017-04-01/58de9f87a9932.png', './Uploads/2017-04-01/58de9f87a9932.png', 'http://121.42.203.85/jianghu/Uploads/2017-04-01/158de9f87a9932.png', './Uploads/2017-04-01/158de9f87a9932.png'),
(197, 269, 'http://121.42.203.85/jianghu/Uploads/2017-04-01/58de9f87ab1b6.png', './Uploads/2017-04-01/58de9f87ab1b6.png', 'http://121.42.203.85/jianghu/Uploads/2017-04-01/158de9f87ab1b6.png', './Uploads/2017-04-01/158de9f87ab1b6.png'),
(198, 269, 'http://121.42.203.85/jianghu/Uploads/2017-04-01/58de9f87ad26a.png', './Uploads/2017-04-01/58de9f87ad26a.png', 'http://121.42.203.85/jianghu/Uploads/2017-04-01/158de9f87ad26a.png', './Uploads/2017-04-01/158de9f87ad26a.png'),
(199, 269, 'http://121.42.203.85/jianghu/Uploads/2017-04-01/58de9f87aeaf4.png', './Uploads/2017-04-01/58de9f87aeaf4.png', 'http://121.42.203.85/jianghu/Uploads/2017-04-01/158de9f87aeaf4.png', './Uploads/2017-04-01/158de9f87aeaf4.png'),
(200, 269, 'http://121.42.203.85/jianghu/Uploads/2017-04-01/58de9f87b036d.png', './Uploads/2017-04-01/58de9f87b036d.png', 'http://121.42.203.85/jianghu/Uploads/2017-04-01/158de9f87b036d.png', './Uploads/2017-04-01/158de9f87b036d.png'),
(201, 269, 'http://121.42.203.85/jianghu/Uploads/2017-04-01/58de9f87b0f51.png', './Uploads/2017-04-01/58de9f87b0f51.png', 'http://121.42.203.85/jianghu/Uploads/2017-04-01/158de9f87b0f51.png', './Uploads/2017-04-01/158de9f87b0f51.png'),
(202, 269, 'http://121.42.203.85/jianghu/Uploads/2017-04-01/58de9f87b19f8.png', './Uploads/2017-04-01/58de9f87b19f8.png', 'http://121.42.203.85/jianghu/Uploads/2017-04-01/158de9f87b19f8.png', './Uploads/2017-04-01/158de9f87b19f8.png'),
(203, 270, 'http://121.42.203.85/jianghu/Uploads/2017-04-01/58dea294619ae.png', './Uploads/2017-04-01/58dea294619ae.png', 'http://121.42.203.85/jianghu/Uploads/2017-04-01/158dea294619ae.png', './Uploads/2017-04-01/158dea294619ae.png'),
(204, 270, 'http://121.42.203.85/jianghu/Uploads/2017-04-01/58dea2946234b.png', './Uploads/2017-04-01/58dea2946234b.png', 'http://121.42.203.85/jianghu/Uploads/2017-04-01/158dea2946234b.png', './Uploads/2017-04-01/158dea2946234b.png'),
(205, 270, 'http://121.42.203.85/jianghu/Uploads/2017-04-01/58dea29462ddd.png', './Uploads/2017-04-01/58dea29462ddd.png', 'http://121.42.203.85/jianghu/Uploads/2017-04-01/158dea29462ddd.png', './Uploads/2017-04-01/158dea29462ddd.png'),
(206, 270, 'http://121.42.203.85/jianghu/Uploads/2017-04-01/58dea294636ce.png', './Uploads/2017-04-01/58dea294636ce.png', 'http://121.42.203.85/jianghu/Uploads/2017-04-01/158dea294636ce.png', './Uploads/2017-04-01/158dea294636ce.png'),
(207, 270, 'http://121.42.203.85/jianghu/Uploads/2017-04-01/58dea2946426b.png', './Uploads/2017-04-01/58dea2946426b.png', 'http://121.42.203.85/jianghu/Uploads/2017-04-01/158dea2946426b.png', './Uploads/2017-04-01/158dea2946426b.png'),
(208, 270, 'http://121.42.203.85/jianghu/Uploads/2017-04-01/58dea29464581.png', './Uploads/2017-04-01/58dea29464581.png', 'http://121.42.203.85/jianghu/Uploads/2017-04-01/158dea29464581.png', './Uploads/2017-04-01/158dea29464581.png'),
(209, 270, 'http://121.42.203.85/jianghu/Uploads/2017-04-01/58dea2946489f.png', './Uploads/2017-04-01/58dea2946489f.png', 'http://121.42.203.85/jianghu/Uploads/2017-04-01/158dea2946489f.png', './Uploads/2017-04-01/158dea2946489f.png'),
(210, 270, 'http://121.42.203.85/jianghu/Uploads/2017-04-01/58dea29464b5f.png', './Uploads/2017-04-01/58dea29464b5f.png', 'http://121.42.203.85/jianghu/Uploads/2017-04-01/158dea29464b5f.png', './Uploads/2017-04-01/158dea29464b5f.png'),
(211, 270, 'http://121.42.203.85/jianghu/Uploads/2017-04-01/58dea29465144.png', './Uploads/2017-04-01/58dea29465144.png', 'http://121.42.203.85/jianghu/Uploads/2017-04-01/158dea29465144.png', './Uploads/2017-04-01/158dea29465144.png'),
(212, 271, 'http://121.42.203.85/jianghu/Uploads/2017-04-01/58dea36ce6fef.png', './Uploads/2017-04-01/58dea36ce6fef.png', 'http://121.42.203.85/jianghu/Uploads/2017-04-01/158dea36ce6fef.png', './Uploads/2017-04-01/158dea36ce6fef.png'),
(213, 271, 'http://121.42.203.85/jianghu/Uploads/2017-04-01/58dea36ce80eb.png', './Uploads/2017-04-01/58dea36ce80eb.png', 'http://121.42.203.85/jianghu/Uploads/2017-04-01/158dea36ce80eb.png', './Uploads/2017-04-01/158dea36ce80eb.png'),
(214, 271, 'http://121.42.203.85/jianghu/Uploads/2017-04-01/58dea36ce93fa.png', './Uploads/2017-04-01/58dea36ce93fa.png', 'http://121.42.203.85/jianghu/Uploads/2017-04-01/158dea36ce93fa.png', './Uploads/2017-04-01/158dea36ce93fa.png'),
(215, 271, 'http://121.42.203.85/jianghu/Uploads/2017-04-01/58dea36cea27c.png', './Uploads/2017-04-01/58dea36cea27c.png', 'http://121.42.203.85/jianghu/Uploads/2017-04-01/158dea36cea27c.png', './Uploads/2017-04-01/158dea36cea27c.png'),
(216, 271, 'http://121.42.203.85/jianghu/Uploads/2017-04-01/58dea36ceb53d.png', './Uploads/2017-04-01/58dea36ceb53d.png', 'http://121.42.203.85/jianghu/Uploads/2017-04-01/158dea36ceb53d.png', './Uploads/2017-04-01/158dea36ceb53d.png'),
(217, 271, 'http://121.42.203.85/jianghu/Uploads/2017-04-01/58dea36cec6f6.png', './Uploads/2017-04-01/58dea36cec6f6.png', 'http://121.42.203.85/jianghu/Uploads/2017-04-01/158dea36cec6f6.png', './Uploads/2017-04-01/158dea36cec6f6.png'),
(218, 271, 'http://121.42.203.85/jianghu/Uploads/2017-04-01/58dea36cecaf9.png', './Uploads/2017-04-01/58dea36cecaf9.png', 'http://121.42.203.85/jianghu/Uploads/2017-04-01/158dea36cecaf9.png', './Uploads/2017-04-01/158dea36cecaf9.png'),
(219, 271, 'http://121.42.203.85/jianghu/Uploads/2017-04-01/58dea36cee3bf.png', './Uploads/2017-04-01/58dea36cee3bf.png', 'http://121.42.203.85/jianghu/Uploads/2017-04-01/158dea36cee3bf.png', './Uploads/2017-04-01/158dea36cee3bf.png'),
(220, 271, 'http://121.42.203.85/jianghu/Uploads/2017-04-01/58dea36cef3fd.png', './Uploads/2017-04-01/58dea36cef3fd.png', 'http://121.42.203.85/jianghu/Uploads/2017-04-01/158dea36cef3fd.png', './Uploads/2017-04-01/158dea36cef3fd.png'),
(221, 272, 'http://121.42.203.85/jianghu/Uploads/2017-04-01/58dea431e1994.png', './Uploads/2017-04-01/58dea431e1994.png', 'http://121.42.203.85/jianghu/Uploads/2017-04-01/158dea431e1994.png', './Uploads/2017-04-01/158dea431e1994.png'),
(222, 272, 'http://121.42.203.85/jianghu/Uploads/2017-04-01/58dea431e2bd9.png', './Uploads/2017-04-01/58dea431e2bd9.png', 'http://121.42.203.85/jianghu/Uploads/2017-04-01/158dea431e2bd9.png', './Uploads/2017-04-01/158dea431e2bd9.png'),
(223, 272, 'http://121.42.203.85/jianghu/Uploads/2017-04-01/58dea431e45b5.png', './Uploads/2017-04-01/58dea431e45b5.png', 'http://121.42.203.85/jianghu/Uploads/2017-04-01/158dea431e45b5.png', './Uploads/2017-04-01/158dea431e45b5.png'),
(224, 272, 'http://121.42.203.85/jianghu/Uploads/2017-04-01/58dea431e5656.png', './Uploads/2017-04-01/58dea431e5656.png', 'http://121.42.203.85/jianghu/Uploads/2017-04-01/158dea431e5656.png', './Uploads/2017-04-01/158dea431e5656.png'),
(225, 272, 'http://121.42.203.85/jianghu/Uploads/2017-04-01/58dea431e6975.png', './Uploads/2017-04-01/58dea431e6975.png', 'http://121.42.203.85/jianghu/Uploads/2017-04-01/158dea431e6975.png', './Uploads/2017-04-01/158dea431e6975.png'),
(226, 272, 'http://121.42.203.85/jianghu/Uploads/2017-04-01/58dea431e7eb4.png', './Uploads/2017-04-01/58dea431e7eb4.png', 'http://121.42.203.85/jianghu/Uploads/2017-04-01/158dea431e7eb4.png', './Uploads/2017-04-01/158dea431e7eb4.png'),
(227, 272, 'http://121.42.203.85/jianghu/Uploads/2017-04-01/58dea431e8231.png', './Uploads/2017-04-01/58dea431e8231.png', 'http://121.42.203.85/jianghu/Uploads/2017-04-01/158dea431e8231.png', './Uploads/2017-04-01/158dea431e8231.png'),
(228, 272, 'http://121.42.203.85/jianghu/Uploads/2017-04-01/58dea431e998f.png', './Uploads/2017-04-01/58dea431e998f.png', 'http://121.42.203.85/jianghu/Uploads/2017-04-01/158dea431e998f.png', './Uploads/2017-04-01/158dea431e998f.png'),
(229, 272, 'http://121.42.203.85/jianghu/Uploads/2017-04-01/58dea431ea530.png', './Uploads/2017-04-01/58dea431ea530.png', 'http://121.42.203.85/jianghu/Uploads/2017-04-01/158dea431ea530.png', './Uploads/2017-04-01/158dea431ea530.png'),
(230, 273, 'http://121.42.203.85/jianghu/Uploads/2016-12-21/585a7bf4495a0.jpg', './Uploads/2016-12-21/585a7bf4495a0.jpg', 'http://121.42.203.85/jianghu/Uploads/2016-12-21/1585a7bf4495a0.jpg', './Uploads/2016-12-21/1585a7bf4495a0.jpg'),
(231, 273, 'http://121.42.203.85/jianghu/Uploads/2016-12-21/585a7bf44998f.jpg', './Uploads/2016-12-21/585a7bf44998f.jpg', 'http://121.42.203.85/jianghu/Uploads/2016-12-21/1585a7bf44998f.jpg', './Uploads/2016-12-21/1585a7bf44998f.jpg'),
(232, 273, 'http://121.42.203.85/jianghu/Uploads/2016-12-21/585a7bf449bdd.jpg', './Uploads/2016-12-21/585a7bf449bdd.jpg', 'http://121.42.203.85/jianghu/Uploads/2016-12-21/1585a7bf449bdd.jpg', './Uploads/2016-12-21/1585a7bf449bdd.jpg'),
(233, 274, 'http://121.42.203.85/jianghu/Uploads/2017-04-01/58dfcc3bb1cb8.png', './Uploads/2017-04-01/58dfcc3bb1cb8.png', 'http://121.42.203.85/jianghu/Uploads/2017-04-01/158dfcc3bb1cb8.png', './Uploads/2017-04-01/158dfcc3bb1cb8.png'),
(234, 274, 'http://121.42.203.85/jianghu/Uploads/2017-04-01/58dfcc3bb37fd.png', './Uploads/2017-04-01/58dfcc3bb37fd.png', 'http://121.42.203.85/jianghu/Uploads/2017-04-01/158dfcc3bb37fd.png', './Uploads/2017-04-01/158dfcc3bb37fd.png'),
(235, 274, 'http://121.42.203.85/jianghu/Uploads/2017-04-01/58dfcc3bb55dc.png', './Uploads/2017-04-01/58dfcc3bb55dc.png', 'http://121.42.203.85/jianghu/Uploads/2017-04-01/158dfcc3bb55dc.png', './Uploads/2017-04-01/158dfcc3bb55dc.png'),
(236, 274, 'http://121.42.203.85/jianghu/Uploads/2017-04-01/58dfcc3bb71fd.png', './Uploads/2017-04-01/58dfcc3bb71fd.png', 'http://121.42.203.85/jianghu/Uploads/2017-04-01/158dfcc3bb71fd.png', './Uploads/2017-04-01/158dfcc3bb71fd.png'),
(237, 274, 'http://121.42.203.85/jianghu/Uploads/2017-04-01/58dfcc3bb9103.png', './Uploads/2017-04-01/58dfcc3bb9103.png', 'http://121.42.203.85/jianghu/Uploads/2017-04-01/158dfcc3bb9103.png', './Uploads/2017-04-01/158dfcc3bb9103.png'),
(238, 274, 'http://121.42.203.85/jianghu/Uploads/2017-04-01/58dfcc3bbad60.png', './Uploads/2017-04-01/58dfcc3bbad60.png', 'http://121.42.203.85/jianghu/Uploads/2017-04-01/158dfcc3bbad60.png', './Uploads/2017-04-01/158dfcc3bbad60.png'),
(239, 274, 'http://121.42.203.85/jianghu/Uploads/2017-04-01/58dfcc3bbb24d.png', './Uploads/2017-04-01/58dfcc3bbb24d.png', 'http://121.42.203.85/jianghu/Uploads/2017-04-01/158dfcc3bbb24d.png', './Uploads/2017-04-01/158dfcc3bbb24d.png'),
(240, 274, 'http://121.42.203.85/jianghu/Uploads/2017-04-01/58dfcc3bbccef.png', './Uploads/2017-04-01/58dfcc3bbccef.png', 'http://121.42.203.85/jianghu/Uploads/2017-04-01/158dfcc3bbccef.png', './Uploads/2017-04-01/158dfcc3bbccef.png'),
(241, 274, 'http://121.42.203.85/jianghu/Uploads/2017-04-01/58dfcc3bbcfdc.png', './Uploads/2017-04-01/58dfcc3bbcfdc.png', 'http://121.42.203.85/jianghu/Uploads/2017-04-01/158dfcc3bbcfdc.png', './Uploads/2017-04-01/158dfcc3bbcfdc.png'),
(242, 275, 'http://121.42.203.85/jianghu/Uploads/2017-04-02/58dfceb0916f6.png', './Uploads/2017-04-02/58dfceb0916f6.png', 'http://121.42.203.85/jianghu/Uploads/2017-04-02/158dfceb0916f6.png', './Uploads/2017-04-02/158dfceb0916f6.png'),
(243, 275, 'http://121.42.203.85/jianghu/Uploads/2017-04-02/58dfceb094017.png', './Uploads/2017-04-02/58dfceb094017.png', 'http://121.42.203.85/jianghu/Uploads/2017-04-02/158dfceb094017.png', './Uploads/2017-04-02/158dfceb094017.png'),
(244, 275, 'http://121.42.203.85/jianghu/Uploads/2017-04-02/58dfceb09661d.png', './Uploads/2017-04-02/58dfceb09661d.png', 'http://121.42.203.85/jianghu/Uploads/2017-04-02/158dfceb09661d.png', './Uploads/2017-04-02/158dfceb09661d.png'),
(245, 275, 'http://121.42.203.85/jianghu/Uploads/2017-04-02/58dfceb0988a8.png', './Uploads/2017-04-02/58dfceb0988a8.png', 'http://121.42.203.85/jianghu/Uploads/2017-04-02/158dfceb0988a8.png', './Uploads/2017-04-02/158dfceb0988a8.png'),
(246, 275, 'http://121.42.203.85/jianghu/Uploads/2017-04-02/58dfceb09b600.png', './Uploads/2017-04-02/58dfceb09b600.png', 'http://121.42.203.85/jianghu/Uploads/2017-04-02/158dfceb09b600.png', './Uploads/2017-04-02/158dfceb09b600.png'),
(247, 275, 'http://121.42.203.85/jianghu/Uploads/2017-04-02/58dfceb09d8c6.png', './Uploads/2017-04-02/58dfceb09d8c6.png', 'http://121.42.203.85/jianghu/Uploads/2017-04-02/158dfceb09d8c6.png', './Uploads/2017-04-02/158dfceb09d8c6.png');
INSERT INTO `jianghu_introduce_images` (`id`, `introduce_id`, `imageurl`, `imagepath`, `thumb_imageurl`, `thumb_imagepath`) VALUES
(248, 275, 'http://121.42.203.85/jianghu/Uploads/2017-04-02/58dfceb09ddd4.png', './Uploads/2017-04-02/58dfceb09ddd4.png', 'http://121.42.203.85/jianghu/Uploads/2017-04-02/158dfceb09ddd4.png', './Uploads/2017-04-02/158dfceb09ddd4.png'),
(249, 275, 'http://121.42.203.85/jianghu/Uploads/2017-04-02/58dfceb09e66a.png', './Uploads/2017-04-02/58dfceb09e66a.png', 'http://121.42.203.85/jianghu/Uploads/2017-04-02/158dfceb09e66a.png', './Uploads/2017-04-02/158dfceb09e66a.png'),
(250, 275, 'http://121.42.203.85/jianghu/Uploads/2017-04-02/58dfceb09e99e.png', './Uploads/2017-04-02/58dfceb09e99e.png', 'http://121.42.203.85/jianghu/Uploads/2017-04-02/158dfceb09e99e.png', './Uploads/2017-04-02/158dfceb09e99e.png'),
(251, 276, 'http://121.42.203.85/jianghu/Uploads/2017-04-02/58dfd8d767f5a.png', './Uploads/2017-04-02/58dfd8d767f5a.png', 'http://121.42.203.85/jianghu/Uploads/2017-04-02/158dfd8d767f5a.png', './Uploads/2017-04-02/158dfd8d767f5a.png'),
(252, 276, 'http://121.42.203.85/jianghu/Uploads/2017-04-02/58dfd8d7694bd.png', './Uploads/2017-04-02/58dfd8d7694bd.png', 'http://121.42.203.85/jianghu/Uploads/2017-04-02/158dfd8d7694bd.png', './Uploads/2017-04-02/158dfd8d7694bd.png'),
(253, 276, 'http://121.42.203.85/jianghu/Uploads/2017-04-02/58dfd8d76aea5.png', './Uploads/2017-04-02/58dfd8d76aea5.png', 'http://121.42.203.85/jianghu/Uploads/2017-04-02/158dfd8d76aea5.png', './Uploads/2017-04-02/158dfd8d76aea5.png'),
(254, 276, 'http://121.42.203.85/jianghu/Uploads/2017-04-02/58dfd8d76cbc2.png', './Uploads/2017-04-02/58dfd8d76cbc2.png', 'http://121.42.203.85/jianghu/Uploads/2017-04-02/158dfd8d76cbc2.png', './Uploads/2017-04-02/158dfd8d76cbc2.png'),
(255, 276, 'http://121.42.203.85/jianghu/Uploads/2017-04-02/58dfd8d76dec3.png', './Uploads/2017-04-02/58dfd8d76dec3.png', 'http://121.42.203.85/jianghu/Uploads/2017-04-02/158dfd8d76dec3.png', './Uploads/2017-04-02/158dfd8d76dec3.png'),
(256, 276, 'http://121.42.203.85/jianghu/Uploads/2017-04-02/58dfd8d76fb29.png', './Uploads/2017-04-02/58dfd8d76fb29.png', 'http://121.42.203.85/jianghu/Uploads/2017-04-02/158dfd8d76fb29.png', './Uploads/2017-04-02/158dfd8d76fb29.png'),
(257, 276, 'http://121.42.203.85/jianghu/Uploads/2017-04-02/58dfd8d771262.png', './Uploads/2017-04-02/58dfd8d771262.png', 'http://121.42.203.85/jianghu/Uploads/2017-04-02/158dfd8d771262.png', './Uploads/2017-04-02/158dfd8d771262.png'),
(258, 276, 'http://121.42.203.85/jianghu/Uploads/2017-04-02/58dfd8d7723b8.png', './Uploads/2017-04-02/58dfd8d7723b8.png', 'http://121.42.203.85/jianghu/Uploads/2017-04-02/158dfd8d7723b8.png', './Uploads/2017-04-02/158dfd8d7723b8.png'),
(259, 276, 'http://121.42.203.85/jianghu/Uploads/2017-04-02/58dfd8d7738e1.png', './Uploads/2017-04-02/58dfd8d7738e1.png', 'http://121.42.203.85/jianghu/Uploads/2017-04-02/158dfd8d7738e1.png', './Uploads/2017-04-02/158dfd8d7738e1.png'),
(260, 277, 'http://121.42.203.85/jianghu/Uploads/2017-04-04/58e2f5e338991.png', './Uploads/2017-04-04/58e2f5e338991.png', 'http://121.42.203.85/jianghu/Uploads/2017-04-04/158e2f5e338991.png', './Uploads/2017-04-04/158e2f5e338991.png'),
(261, 279, 'http://121.42.203.85/jianghu/Uploads/2017-04-04/58e2f715a47d4.png', './Uploads/2017-04-04/58e2f715a47d4.png', 'http://121.42.203.85/jianghu/Uploads/2017-04-04/158e2f715a47d4.png', './Uploads/2017-04-04/158e2f715a47d4.png'),
(262, 284, 'http://121.42.203.85/jianghu/Uploads/2017-04-04/58e3bbd340327.png', './Uploads/2017-04-04/58e3bbd340327.png', 'http://121.42.203.85/jianghu/Uploads/2017-04-04/158e3bbd340327.png', './Uploads/2017-04-04/158e3bbd340327.png'),
(263, 284, 'http://121.42.203.85/jianghu/Uploads/2017-04-04/58e3bbd341d7f.png', './Uploads/2017-04-04/58e3bbd341d7f.png', 'http://121.42.203.85/jianghu/Uploads/2017-04-04/158e3bbd341d7f.png', './Uploads/2017-04-04/158e3bbd341d7f.png'),
(264, 284, 'http://121.42.203.85/jianghu/Uploads/2017-04-04/58e3bbd3428dc.png', './Uploads/2017-04-04/58e3bbd3428dc.png', 'http://121.42.203.85/jianghu/Uploads/2017-04-04/158e3bbd3428dc.png', './Uploads/2017-04-04/158e3bbd3428dc.png'),
(265, 284, 'http://121.42.203.85/jianghu/Uploads/2017-04-04/58e3bbd3439b3.png', './Uploads/2017-04-04/58e3bbd3439b3.png', 'http://121.42.203.85/jianghu/Uploads/2017-04-04/158e3bbd3439b3.png', './Uploads/2017-04-04/158e3bbd3439b3.png'),
(266, 284, 'http://121.42.203.85/jianghu/Uploads/2017-04-04/58e3bbd34480a.png', './Uploads/2017-04-04/58e3bbd34480a.png', 'http://121.42.203.85/jianghu/Uploads/2017-04-04/158e3bbd34480a.png', './Uploads/2017-04-04/158e3bbd34480a.png'),
(267, 284, 'http://121.42.203.85/jianghu/Uploads/2017-04-04/58e3bbd3457ee.png', './Uploads/2017-04-04/58e3bbd3457ee.png', 'http://121.42.203.85/jianghu/Uploads/2017-04-04/158e3bbd3457ee.png', './Uploads/2017-04-04/158e3bbd3457ee.png'),
(268, 285, 'http://121.42.203.85/jianghu/Uploads/2017-04-04/58e3bc8a35991.png', './Uploads/2017-04-04/58e3bc8a35991.png', 'http://121.42.203.85/jianghu/Uploads/2017-04-04/158e3bc8a35991.png', './Uploads/2017-04-04/158e3bc8a35991.png'),
(269, 285, 'http://121.42.203.85/jianghu/Uploads/2017-04-04/58e3bc8a35e32.png', './Uploads/2017-04-04/58e3bc8a35e32.png', 'http://121.42.203.85/jianghu/Uploads/2017-04-04/158e3bc8a35e32.png', './Uploads/2017-04-04/158e3bc8a35e32.png'),
(270, 285, 'http://121.42.203.85/jianghu/Uploads/2017-04-04/58e3bc8a361bf.png', './Uploads/2017-04-04/58e3bc8a361bf.png', 'http://121.42.203.85/jianghu/Uploads/2017-04-04/158e3bc8a361bf.png', './Uploads/2017-04-04/158e3bc8a361bf.png'),
(271, 285, 'http://121.42.203.85/jianghu/Uploads/2017-04-04/58e3bc8a3658c.png', './Uploads/2017-04-04/58e3bc8a3658c.png', 'http://121.42.203.85/jianghu/Uploads/2017-04-04/158e3bc8a3658c.png', './Uploads/2017-04-04/158e3bc8a3658c.png'),
(272, 285, 'http://121.42.203.85/jianghu/Uploads/2017-04-04/58e3bc8a368e6.png', './Uploads/2017-04-04/58e3bc8a368e6.png', 'http://121.42.203.85/jianghu/Uploads/2017-04-04/158e3bc8a368e6.png', './Uploads/2017-04-04/158e3bc8a368e6.png'),
(273, 285, 'http://121.42.203.85/jianghu/Uploads/2017-04-04/58e3bc8a36bed.png', './Uploads/2017-04-04/58e3bc8a36bed.png', 'http://121.42.203.85/jianghu/Uploads/2017-04-04/158e3bc8a36bed.png', './Uploads/2017-04-04/158e3bc8a36bed.png'),
(274, 286, 'http://121.42.203.85/jianghu/Uploads/2017-04-04/58e3bd56e8d4a.png', './Uploads/2017-04-04/58e3bd56e8d4a.png', 'http://121.42.203.85/jianghu/Uploads/2017-04-04/158e3bd56e8d4a.png', './Uploads/2017-04-04/158e3bd56e8d4a.png'),
(275, 286, 'http://121.42.203.85/jianghu/Uploads/2017-04-04/58e3bd56e9056.png', './Uploads/2017-04-04/58e3bd56e9056.png', 'http://121.42.203.85/jianghu/Uploads/2017-04-04/158e3bd56e9056.png', './Uploads/2017-04-04/158e3bd56e9056.png'),
(276, 286, 'http://121.42.203.85/jianghu/Uploads/2017-04-04/58e3bd56e92c9.png', './Uploads/2017-04-04/58e3bd56e92c9.png', 'http://121.42.203.85/jianghu/Uploads/2017-04-04/158e3bd56e92c9.png', './Uploads/2017-04-04/158e3bd56e92c9.png'),
(277, 286, 'http://121.42.203.85/jianghu/Uploads/2017-04-04/58e3bd56e9608.png', './Uploads/2017-04-04/58e3bd56e9608.png', 'http://121.42.203.85/jianghu/Uploads/2017-04-04/158e3bd56e9608.png', './Uploads/2017-04-04/158e3bd56e9608.png'),
(278, 286, 'http://121.42.203.85/jianghu/Uploads/2017-04-04/58e3bd56e98d4.png', './Uploads/2017-04-04/58e3bd56e98d4.png', 'http://121.42.203.85/jianghu/Uploads/2017-04-04/158e3bd56e98d4.png', './Uploads/2017-04-04/158e3bd56e98d4.png'),
(279, 286, 'http://121.42.203.85/jianghu/Uploads/2017-04-04/58e3bd56e9c89.png', './Uploads/2017-04-04/58e3bd56e9c89.png', 'http://121.42.203.85/jianghu/Uploads/2017-04-04/158e3bd56e9c89.png', './Uploads/2017-04-04/158e3bd56e9c89.png'),
(280, 286, 'http://121.42.203.85/jianghu/Uploads/2017-04-04/58e3bd56ea0ff.png', './Uploads/2017-04-04/58e3bd56ea0ff.png', 'http://121.42.203.85/jianghu/Uploads/2017-04-04/158e3bd56ea0ff.png', './Uploads/2017-04-04/158e3bd56ea0ff.png'),
(281, 286, 'http://121.42.203.85/jianghu/Uploads/2017-04-04/58e3bd56ea4ea.png', './Uploads/2017-04-04/58e3bd56ea4ea.png', 'http://121.42.203.85/jianghu/Uploads/2017-04-04/158e3bd56ea4ea.png', './Uploads/2017-04-04/158e3bd56ea4ea.png'),
(282, 286, 'http://121.42.203.85/jianghu/Uploads/2017-04-04/58e3bd56ea7af.png', './Uploads/2017-04-04/58e3bd56ea7af.png', 'http://121.42.203.85/jianghu/Uploads/2017-04-04/158e3bd56ea7af.png', './Uploads/2017-04-04/158e3bd56ea7af.png'),
(294, 336, 'http://121.42.203.85/jianghu/Uploads/2017-06-19/5946b2a2710db.png', './Uploads/2017-06-19/5946b2a2710db.png', 'http://121.42.203.85/jianghu/Uploads/2017-06-19/15946b2a2710db.png', './Uploads/2017-06-19/15946b2a2710db.png'),
(295, 337, 'http://121.42.203.85/jianghu/Uploads/2017-06-21/5949c305af779.png', './Uploads/2017-06-21/5949c305af779.png', 'http://121.42.203.85/jianghu/Uploads/2017-06-21/15949c305af779.png', './Uploads/2017-06-21/15949c305af779.png'),
(296, 337, 'http://121.42.203.85/jianghu/Uploads/2017-06-21/5949c305afa7c.png', './Uploads/2017-06-21/5949c305afa7c.png', 'http://121.42.203.85/jianghu/Uploads/2017-06-21/15949c305afa7c.png', './Uploads/2017-06-21/15949c305afa7c.png'),
(297, 337, 'http://121.42.203.85/jianghu/Uploads/2017-06-21/5949c305afcc1.png', './Uploads/2017-06-21/5949c305afcc1.png', 'http://121.42.203.85/jianghu/Uploads/2017-06-21/15949c305afcc1.png', './Uploads/2017-06-21/15949c305afcc1.png'),
(298, 337, 'http://121.42.203.85/jianghu/Uploads/2017-06-21/5949c305b0031.png', './Uploads/2017-06-21/5949c305b0031.png', 'http://121.42.203.85/jianghu/Uploads/2017-06-21/15949c305b0031.png', './Uploads/2017-06-21/15949c305b0031.png'),
(301, 347, 'http://121.42.203.85/jianghu/Uploads/2017-07-16/596b7381dba65.png', './Uploads/2017-07-16/596b7381dba65.png', 'http://121.42.203.85/jianghu/Uploads/2017-07-16/1596b7381dba65.png', './Uploads/2017-07-16/1596b7381dba65.png'),
(302, 347, 'http://121.42.203.85/jianghu/Uploads/2017-07-16/596b7381dbfd7.png', './Uploads/2017-07-16/596b7381dbfd7.png', 'http://121.42.203.85/jianghu/Uploads/2017-07-16/1596b7381dbfd7.png', './Uploads/2017-07-16/1596b7381dbfd7.png'),
(303, 347, 'http://121.42.203.85/jianghu/Uploads/2017-07-16/596b7381dc439.png', './Uploads/2017-07-16/596b7381dc439.png', 'http://121.42.203.85/jianghu/Uploads/2017-07-16/1596b7381dc439.png', './Uploads/2017-07-16/1596b7381dc439.png'),
(304, 347, 'http://121.42.203.85/jianghu/Uploads/2017-07-16/596b7381dc84a.png', './Uploads/2017-07-16/596b7381dc84a.png', 'http://121.42.203.85/jianghu/Uploads/2017-07-16/1596b7381dc84a.png', './Uploads/2017-07-16/1596b7381dc84a.png'),
(305, 350, 'http://121.42.203.85/jianghu/Uploads/2017-07-25/59767635801fd.png', './Uploads/2017-07-25/59767635801fd.png', 'http://121.42.203.85/jianghu/Uploads/2017-07-25/159767635801fd.png', './Uploads/2017-07-25/159767635801fd.png'),
(306, 353, 'http://121.42.203.85/jianghu/Uploads/2017-08-07/59882b97d4faf.png', './Uploads/2017-08-07/59882b97d4faf.png', 'http://121.42.203.85/jianghu/Uploads/2017-08-07/159882b97d4faf.png', './Uploads/2017-08-07/159882b97d4faf.png');

-- --------------------------------------------------------

--
-- Table structure for table `jianghu_introduce_report`
--

CREATE TABLE IF NOT EXISTS `jianghu_introduce_report` (
  `id` mediumint(8) unsigned NOT NULL AUTO_INCREMENT,
  `user_id` mediumint(9) NOT NULL COMMENT '举报者id',
  `introduce_id` mediumint(9) NOT NULL,
  `text` text NOT NULL,
  `time` datetime NOT NULL,
  `state` tinyint(4) NOT NULL COMMENT '0是未处理，1是已禁用，2是忽略',
  PRIMARY KEY (`id`)
) ENGINE=InnoDB  DEFAULT CHARSET=utf8 AUTO_INCREMENT=7 ;

--
-- Dumping data for table `jianghu_introduce_report`
--

INSERT INTO `jianghu_introduce_report` (`id`, `user_id`, `introduce_id`, `text`, `time`, `state`) VALUES
(1, 1, 2, '对2的举报', '2017-01-04 15:34:43', 0),
(2, 1, 2, '这是举报', '2017-01-04 15:39:28', 2),
(3, 1, 175, '这是举报', '2017-01-06 14:31:51', 1),
(4, 1, 177, '这是举报', '2017-01-06 15:09:53', 2),
(5, 1, 11, '瞎说', '2017-02-18 17:03:19', 0),
(6, 98, 342, '测试举报推荐', '2017-07-01 17:42:28', 0);

-- --------------------------------------------------------

--
-- Table structure for table `jianghu_login_count`
--

CREATE TABLE IF NOT EXISTS `jianghu_login_count` (
  `id` int(10) unsigned NOT NULL AUTO_INCREMENT,
  `user_id` int(10) unsigned NOT NULL,
  `date` datetime NOT NULL,
  PRIMARY KEY (`id`)
) ENGINE=InnoDB  DEFAULT CHARSET=utf8 COMMENT='用户登录统计表' AUTO_INCREMENT=2131 ;

--
-- Dumping data for table `jianghu_login_count`
--

INSERT INTO `jianghu_login_count` (`id`, `user_id`, `date`) VALUES
(1, 13, '2016-10-31 00:00:00'),
(2, 14, '2016-10-31 00:00:00'),
(3, 15, '2016-10-31 00:00:00'),
(4, 17, '2016-10-31 00:00:00'),
(5, 1, '2016-10-31 00:00:00'),
(6, 2, '2016-10-31 00:00:00'),
(7, 1, '2016-11-01 00:00:00'),
(8, 2, '2016-11-01 00:00:00'),
(9, 20, '2016-11-01 00:00:00'),
(10, 20, '2016-11-01 00:00:00'),
(11, 1, '2016-11-02 00:00:00'),
(12, 1, '2016-11-06 00:00:00'),
(13, 2, '2016-11-07 00:00:00'),
(14, 3, '2016-11-07 00:00:00'),
(15, 4, '2016-11-07 00:00:00'),
(16, 27, '2016-11-07 00:00:00'),
(17, 28, '2016-11-07 00:00:00'),
(18, 29, '2016-11-07 00:00:00'),
(19, 30, '2016-11-07 00:00:00'),
(20, 31, '2016-11-07 00:00:00'),
(21, 31, '2016-11-07 00:00:00'),
(22, 31, '2016-11-07 00:00:00'),
(23, 6, '2016-11-08 00:00:00'),
(24, 33, '2016-11-08 00:00:00'),
(25, 35, '2016-11-08 00:00:00'),
(26, 36, '2016-11-08 00:00:00'),
(27, 37, '2016-11-08 00:00:00'),
(28, 38, '2016-11-08 00:00:00'),
(29, 39, '2016-11-08 00:00:00'),
(30, 39, '2016-11-08 00:00:00'),
(31, 39, '2016-11-08 00:00:00'),
(32, 27, '2016-11-08 00:00:00'),
(33, 1, '2016-11-11 00:00:00'),
(34, 18, '2016-11-11 00:00:00'),
(35, 6, '2016-11-12 00:00:00'),
(36, 7, '2016-11-12 00:00:00'),
(37, 1, '2016-11-12 00:00:00'),
(38, 8, '2016-11-12 00:00:00'),
(39, 9, '2016-11-12 00:00:00'),
(40, 2, '2016-11-12 00:00:00'),
(41, 18, '2016-11-12 00:00:00'),
(42, 27, '2016-11-13 00:00:00'),
(43, 1, '2016-11-13 00:00:00'),
(44, 2, '2016-11-13 00:00:00'),
(45, 0, '2016-11-13 00:00:00'),
(46, 32, '2016-11-13 00:00:00'),
(47, 1, '2016-11-14 00:00:00'),
(48, 2, '2016-11-15 00:00:00'),
(49, 3, '2016-11-15 00:00:00'),
(50, 1, '2016-11-15 00:00:00'),
(51, 1, '2016-11-16 00:00:00'),
(52, 3, '2016-11-20 00:00:00'),
(53, 1, '2016-11-20 00:00:00'),
(54, 3, '2016-11-21 00:00:00'),
(55, 1, '2016-11-21 00:00:00'),
(56, 39, '2016-11-21 00:00:00'),
(57, 1, '2016-11-24 00:00:00'),
(58, 39, '2016-11-26 00:00:00'),
(59, 39, '2016-11-26 00:00:00'),
(60, 39, '2016-11-26 00:00:00'),
(61, 39, '2016-11-26 00:00:00'),
(62, 39, '2016-11-26 00:00:00'),
(63, 41, '2016-11-26 00:00:00'),
(64, 42, '2016-11-26 00:00:00'),
(65, 43, '2016-11-26 00:00:00'),
(66, 44, '2016-11-26 00:00:00'),
(67, 45, '2016-11-26 00:00:00'),
(68, 46, '2016-11-26 00:00:00'),
(69, 47, '2016-11-26 00:00:00'),
(70, 48, '2016-11-26 00:00:00'),
(71, 39, '2016-11-26 00:00:00'),
(72, 39, '2016-11-26 00:00:00'),
(73, 1, '2016-11-26 00:00:00'),
(74, 3, '2016-11-27 00:00:00'),
(75, 39, '2016-11-27 00:00:00'),
(76, 1, '2016-11-29 00:00:00'),
(77, 9, '2016-11-29 00:00:00'),
(78, 2, '2016-11-29 00:00:00'),
(79, 23, '2016-11-29 00:00:00'),
(80, 3, '2016-11-29 00:00:00'),
(81, 1, '2016-11-30 00:00:00'),
(82, 2, '2016-11-30 00:00:00'),
(83, 3, '2016-11-30 00:00:00'),
(84, 18, '2016-11-30 00:00:00'),
(85, 19, '2016-11-30 00:00:00'),
(86, 20, '2016-11-30 00:00:00'),
(87, 26, '2016-11-30 00:00:00'),
(88, 1, '2016-12-02 00:00:00'),
(89, 39, '2016-12-05 00:00:00'),
(90, 49, '2016-12-05 00:00:00'),
(91, 1, '2016-12-05 00:00:00'),
(92, 2, '2016-12-05 00:00:00'),
(93, 1, '2016-12-06 00:00:00'),
(94, 2, '2016-12-06 00:00:00'),
(95, 3, '2016-12-06 00:00:00'),
(96, 4, '2016-12-06 00:00:00'),
(97, 1, '2016-12-07 00:00:00'),
(98, 3, '2016-12-08 00:00:00'),
(99, 1, '2016-12-08 00:00:00'),
(100, 2, '2016-12-08 00:00:00'),
(101, 45, '2016-12-08 00:00:00'),
(102, 3, '2016-12-12 00:00:00'),
(103, 1, '2016-12-12 00:00:00'),
(104, 2, '2016-12-12 00:00:00'),
(105, 45, '2016-12-12 00:00:00'),
(106, 4, '2016-12-12 00:00:00'),
(107, 5, '2016-12-12 00:00:00'),
(108, 1, '2016-12-13 00:00:00'),
(109, 1, '2016-12-14 00:00:00'),
(110, 2, '2016-12-14 00:00:00'),
(111, 1, '2016-12-15 00:00:00'),
(112, 45, '2016-12-15 00:00:00'),
(113, 1, '2016-12-16 00:00:00'),
(114, 1, '2016-12-19 00:00:00'),
(115, 3, '2016-12-19 00:00:00'),
(116, 4, '2016-12-19 00:00:00'),
(117, 39, '2016-12-20 00:00:00'),
(118, 39, '2016-12-20 00:00:00'),
(119, 39, '2016-12-20 00:00:00'),
(120, 39, '2016-12-20 00:00:00'),
(121, 50, '2016-12-20 00:00:00'),
(122, 39, '2016-12-20 00:00:00'),
(123, 39, '2016-12-20 00:00:00'),
(124, 1, '2016-12-20 00:00:00'),
(125, 2, '2016-12-21 00:00:00'),
(126, 1, '2016-12-21 00:00:00'),
(127, 20, '2016-12-21 00:00:00'),
(128, 3, '2016-12-21 00:00:00'),
(129, 4, '2016-12-21 00:00:00'),
(130, 15, '2016-12-21 00:00:00'),
(131, 45, '2016-12-21 00:00:00'),
(132, 2, '2016-12-22 00:00:00'),
(133, 1, '2016-12-22 00:00:00'),
(134, 39, '2016-12-24 00:00:00'),
(135, 39, '2016-12-24 00:00:00'),
(136, 64, '2016-12-24 00:00:00'),
(137, 65, '2016-12-24 00:00:00'),
(138, 3, '2016-12-25 00:00:00'),
(139, 1, '2016-12-25 00:00:00'),
(140, 2, '2016-12-26 00:00:00'),
(141, 1, '2016-12-26 00:00:00'),
(142, 45, '2016-12-26 00:00:00'),
(143, 3, '2016-12-26 00:00:00'),
(144, 1, '2016-12-28 00:00:00'),
(145, 1, '2016-12-29 00:00:00'),
(146, 65, '2016-12-29 00:00:00'),
(147, 2, '2016-12-30 00:00:00'),
(148, 1, '2017-01-01 00:00:00'),
(149, 1, '2017-01-04 00:00:00'),
(150, 66, '2017-01-04 00:00:00'),
(151, 66, '2017-01-04 00:00:00'),
(152, 66, '2017-01-04 00:00:00'),
(153, 66, '2017-01-04 00:00:00'),
(154, 66, '2017-01-04 00:00:00'),
(155, 66, '2017-01-04 00:00:00'),
(156, 2, '2017-01-04 00:00:00'),
(157, 66, '2017-01-04 00:00:00'),
(158, 88, '2017-01-04 00:00:00'),
(159, 66, '2017-01-04 00:00:00'),
(160, 1, '2017-01-04 00:00:00'),
(161, 1, '2017-01-04 00:00:00'),
(162, 1, '2017-01-04 00:00:00'),
(163, 1, '2017-01-04 00:00:00'),
(164, 1, '2017-01-04 00:00:00'),
(165, 1, '2017-01-04 00:00:00'),
(166, 67, '2017-01-04 00:00:00'),
(167, 68, '2017-01-04 00:00:00'),
(168, 69, '2017-01-04 00:00:00'),
(169, 70, '2017-01-04 00:00:00'),
(170, 71, '2017-01-04 00:00:00'),
(171, 1, '2017-01-05 00:00:00'),
(172, 1, '2017-01-05 00:00:00'),
(173, 1, '2017-01-05 00:00:00'),
(174, 1, '2017-01-05 00:00:00'),
(175, 1, '2017-01-05 00:00:00'),
(176, 1, '2017-01-05 00:00:00'),
(177, 1, '2017-01-05 00:00:00'),
(178, 1, '2017-01-05 00:00:00'),
(179, 1, '2017-01-05 00:00:00'),
(180, 1, '2017-01-05 00:00:00'),
(181, 1, '2017-01-05 00:00:00'),
(182, 1, '2017-01-05 00:00:00'),
(183, 1, '2017-01-05 00:00:00'),
(184, 1, '2017-01-05 00:00:00'),
(185, 1, '2017-01-05 00:00:00'),
(186, 1, '2017-01-05 00:00:00'),
(187, 1, '2017-01-05 00:00:00'),
(188, 1, '2017-01-05 00:00:00'),
(189, 1, '2017-01-05 00:00:00'),
(190, 1, '2017-01-05 00:00:00'),
(191, 1, '2017-01-05 00:00:00'),
(192, 1, '2017-01-05 00:00:00'),
(193, 1, '2017-01-05 00:00:00'),
(194, 1, '2017-01-05 00:00:00'),
(195, 1, '2017-01-05 00:00:00'),
(196, 1, '2017-01-05 00:00:00'),
(197, 1, '2017-01-05 00:00:00'),
(198, 1, '2017-01-05 00:00:00'),
(199, 1, '2017-01-05 00:00:00'),
(200, 1, '2017-01-05 00:00:00'),
(201, 1, '2017-01-05 00:00:00'),
(202, 1, '2017-01-05 00:00:00'),
(203, 1, '2017-01-05 00:00:00'),
(204, 1, '2017-01-05 00:00:00'),
(205, 1, '2017-01-05 00:00:00'),
(206, 1, '2017-01-05 00:00:00'),
(207, 1, '2017-01-05 00:00:00'),
(208, 1, '2017-01-05 00:00:00'),
(209, 1, '2017-01-05 00:00:00'),
(210, 1, '2017-01-05 00:00:00'),
(211, 1, '2017-01-05 00:00:00'),
(212, 1, '2017-01-05 00:00:00'),
(213, 1, '2017-01-05 00:00:00'),
(214, 1, '2017-01-05 00:00:00'),
(215, 1, '2017-01-05 00:00:00'),
(216, 1, '2017-01-05 00:00:00'),
(217, 1, '2017-01-05 00:00:00'),
(218, 1, '2017-01-05 00:00:00'),
(219, 1, '2017-01-05 00:00:00'),
(220, 1, '2017-01-05 00:00:00'),
(221, 1, '2017-01-05 00:00:00'),
(222, 1, '2017-01-05 00:00:00'),
(223, 1, '2017-01-05 00:00:00'),
(224, 72, '2017-01-05 00:00:00'),
(225, 1, '2017-01-05 00:00:00'),
(226, 73, '2017-01-05 00:00:00'),
(227, 1, '2017-01-05 00:00:00'),
(228, 74, '2017-01-05 00:00:00'),
(229, 1, '2017-01-05 00:00:00'),
(230, 1, '2017-01-05 00:00:00'),
(231, 1, '2017-01-05 00:00:00'),
(232, 1, '2017-01-05 00:00:00'),
(233, 1, '2017-01-05 00:00:00'),
(234, 1, '2017-01-05 00:00:00'),
(235, 1, '2017-01-05 00:00:00'),
(236, 1, '2017-01-05 00:00:00'),
(237, 1, '2017-01-05 00:00:00'),
(238, 1, '2017-01-05 00:00:00'),
(239, 1, '2017-01-05 00:00:00'),
(240, 1, '2017-01-05 00:00:00'),
(241, 1, '2017-01-05 00:00:00'),
(242, 1, '2017-01-05 00:00:00'),
(243, 1, '2017-01-05 00:00:00'),
(244, 1, '2017-01-05 00:00:00'),
(245, 1, '2017-01-05 00:00:00'),
(246, 1, '2017-01-05 00:00:00'),
(247, 1, '2017-01-05 00:00:00'),
(248, 1, '2017-01-05 00:00:00'),
(249, 1, '2017-01-05 00:00:00'),
(250, 1, '2017-01-05 00:00:00'),
(251, 1, '2017-01-05 00:00:00'),
(252, 1, '2017-01-05 00:00:00'),
(253, 1, '2017-01-05 00:00:00'),
(254, 1, '2017-01-05 00:00:00'),
(255, 1, '2017-01-05 00:00:00'),
(256, 1, '2017-01-05 00:00:00'),
(257, 1, '2017-01-05 00:00:00'),
(258, 1, '2017-01-05 00:00:00'),
(259, 84, '2017-01-05 00:00:00'),
(260, 1, '2017-01-05 00:00:00'),
(261, 1, '2017-01-05 00:00:00'),
(262, 1, '2017-01-05 00:00:00'),
(263, 1, '2017-01-05 00:00:00'),
(264, 1, '2017-01-05 00:00:00'),
(265, 1, '2017-01-05 00:00:00'),
(266, 1, '2017-01-05 00:00:00'),
(267, 1, '2017-01-05 00:00:00'),
(268, 1, '2017-01-05 00:00:00'),
(269, 1, '2017-01-05 00:00:00'),
(270, 1, '2017-01-05 00:00:00'),
(271, 65, '2017-01-05 00:00:00'),
(272, 1, '2017-01-05 00:00:00'),
(273, 1, '2017-01-05 00:00:00'),
(274, 1, '2017-01-05 00:00:00'),
(275, 1, '2017-01-05 00:00:00'),
(276, 1, '2017-01-05 00:00:00'),
(277, 1, '2017-01-05 00:00:00'),
(278, 1, '2017-01-05 00:00:00'),
(279, 1, '2017-01-05 00:00:00'),
(280, 1, '2017-01-05 00:00:00'),
(281, 1, '2017-01-05 00:00:00'),
(282, 1, '2017-01-05 00:00:00'),
(283, 1, '2017-01-05 00:00:00'),
(284, 1, '2017-01-05 00:00:00'),
(285, 1, '2017-01-05 00:00:00'),
(286, 1, '2017-01-05 00:00:00'),
(287, 1, '2017-01-05 00:00:00'),
(288, 1, '2017-01-05 00:00:00'),
(289, 1, '2017-01-05 00:00:00'),
(290, 1, '2017-01-05 00:00:00'),
(291, 1, '2017-01-05 00:00:00'),
(292, 1, '2017-01-05 00:00:00'),
(293, 1, '2017-01-05 00:00:00'),
(294, 1, '2017-01-05 00:00:00'),
(295, 1, '2017-01-05 00:00:00'),
(296, 1, '2017-01-05 00:00:00'),
(297, 1, '2017-01-05 00:00:00'),
(298, 1, '2017-01-05 00:00:00'),
(299, 1, '2017-01-05 00:00:00'),
(300, 1, '2017-01-05 00:00:00'),
(301, 1, '2017-01-05 00:00:00'),
(302, 1, '2017-01-05 00:00:00'),
(303, 1, '2017-01-05 00:00:00'),
(304, 1, '2017-01-05 00:00:00'),
(305, 1, '2017-01-05 00:00:00'),
(306, 1, '2017-01-05 00:00:00'),
(307, 1, '2017-01-05 00:00:00'),
(308, 1, '2017-01-05 00:00:00'),
(309, 1, '2017-01-05 00:00:00'),
(310, 1, '2017-01-05 00:00:00'),
(311, 1, '2017-01-05 00:00:00'),
(312, 66, '2017-01-05 00:00:00'),
(313, 1, '2017-01-05 00:00:00'),
(314, 1, '2017-01-05 00:00:00'),
(315, 1, '2017-01-05 00:00:00'),
(316, 1, '2017-01-05 00:00:00'),
(317, 1, '2017-01-05 00:00:00'),
(318, 1, '2017-01-05 00:00:00'),
(319, 1, '2017-01-05 00:00:00'),
(320, 1, '2017-01-05 00:00:00'),
(321, 1, '2017-01-05 00:00:00'),
(322, 1, '2017-01-05 00:00:00'),
(323, 82, '2017-01-05 00:00:00'),
(324, 83, '2017-01-05 00:00:00'),
(325, 83, '2017-01-05 00:00:00'),
(326, 88, '2017-01-05 00:00:00'),
(327, 89, '2017-01-05 00:00:00'),
(328, 1, '2017-01-05 00:00:00'),
(329, 1, '2017-01-05 00:00:00'),
(330, 1, '2017-01-05 00:00:00'),
(331, 1, '2017-01-05 00:00:00'),
(332, 1, '2017-01-05 00:00:00'),
(333, 1, '2017-01-05 00:00:00'),
(334, 1, '2017-01-05 00:00:00'),
(335, 1, '2017-01-05 00:00:00'),
(336, 1, '2017-01-05 00:00:00'),
(337, 1, '2017-01-05 00:00:00'),
(338, 1, '2017-01-05 00:00:00'),
(339, 1, '2017-01-05 00:00:00'),
(340, 1, '2017-01-05 00:00:00'),
(341, 1, '2017-01-05 00:00:00'),
(342, 1, '2017-01-05 00:00:00'),
(343, 1, '2017-01-05 00:00:00'),
(344, 1, '2017-01-05 00:00:00'),
(345, 1, '2017-01-05 00:00:00'),
(346, 1, '2017-01-05 00:00:00'),
(347, 1, '2017-01-05 00:00:00'),
(348, 1, '2017-01-05 00:00:00'),
(349, 1, '2017-01-05 00:00:00'),
(350, 1, '2017-01-05 00:00:00'),
(351, 1, '2017-01-05 00:00:00'),
(352, 1, '2017-01-05 00:00:00'),
(353, 1, '2017-01-05 00:00:00'),
(354, 1, '2017-01-05 00:00:00'),
(355, 1, '2017-01-05 00:00:00'),
(356, 1, '2017-01-05 00:00:00'),
(357, 1, '2017-01-05 00:00:00'),
(358, 1, '2017-01-05 00:00:00'),
(359, 1, '2017-01-05 00:00:00'),
(360, 1, '2017-01-05 00:00:00'),
(361, 1, '2017-01-05 00:00:00'),
(362, 1, '2017-01-05 00:00:00'),
(363, 1, '2017-01-05 00:00:00'),
(364, 1, '2017-01-05 00:00:00'),
(365, 1, '2017-01-05 00:00:00'),
(366, 1, '2017-01-05 00:00:00'),
(367, 1, '2017-01-05 00:00:00'),
(368, 1, '2017-01-05 00:00:00'),
(369, 1, '2017-01-05 00:00:00'),
(370, 1, '2017-01-06 00:00:00'),
(371, 1, '2017-01-06 00:00:00'),
(372, 1, '2017-01-06 00:00:00'),
(373, 1, '2017-01-06 00:00:00'),
(374, 1, '2017-01-06 00:00:00'),
(375, 1, '2017-01-06 00:00:00'),
(376, 1, '2017-01-06 00:00:00'),
(377, 1, '2017-01-06 00:00:00'),
(378, 1, '2017-01-06 00:00:00'),
(379, 1, '2017-01-06 00:00:00'),
(380, 1, '2017-01-06 00:00:00'),
(381, 1, '2017-01-06 00:00:00'),
(382, 1, '2017-01-06 00:00:00'),
(383, 1, '2017-01-06 00:00:00'),
(384, 1, '2017-01-06 00:00:00'),
(385, 1, '2017-01-06 00:00:00'),
(386, 1, '2017-01-06 00:00:00'),
(387, 1, '2017-01-06 00:00:00'),
(388, 1, '2017-01-06 00:00:00'),
(389, 1, '2017-01-06 00:00:00'),
(390, 1, '2017-01-06 00:00:00'),
(391, 1, '2017-01-06 00:00:00'),
(392, 1, '2017-01-06 00:00:00'),
(393, 1, '2017-01-06 00:00:00'),
(394, 1, '2017-01-06 00:00:00'),
(395, 1, '2017-01-06 00:00:00'),
(396, 1, '2017-01-06 00:00:00'),
(397, 1, '2017-01-06 00:00:00'),
(398, 1, '2017-01-06 00:00:00'),
(399, 1, '2017-01-06 00:00:00'),
(400, 1, '2017-01-06 00:00:00'),
(401, 1, '2017-01-06 00:00:00'),
(402, 1, '2017-01-06 00:00:00'),
(403, 4, '2017-01-06 00:00:00'),
(404, 5, '2017-01-06 00:00:00'),
(405, 1, '2017-01-07 00:00:00'),
(406, 1, '2017-01-07 00:00:00'),
(407, 1, '2017-01-07 00:00:00'),
(408, 1, '2017-01-07 00:00:00'),
(409, 1, '2017-01-07 00:00:00'),
(410, 1, '2017-01-07 00:00:00'),
(411, 1, '2017-01-07 00:00:00'),
(412, 1, '2017-01-07 00:00:00'),
(413, 1, '2017-01-07 00:00:00'),
(414, 1, '2017-01-07 00:00:00'),
(415, 1, '2017-01-07 00:00:00'),
(416, 1, '2017-01-07 00:00:00'),
(417, 1, '2017-01-07 00:00:00'),
(418, 1, '2017-01-07 00:00:00'),
(419, 1, '2017-01-07 00:00:00'),
(420, 1, '2017-01-07 00:00:00'),
(421, 1, '2017-01-07 00:00:00'),
(422, 1, '2017-01-07 00:00:00'),
(423, 1, '2017-01-07 00:00:00'),
(424, 1, '2017-01-07 00:00:00'),
(425, 1, '2017-01-07 00:00:00'),
(426, 1, '2017-01-07 00:00:00'),
(427, 1, '2017-01-07 00:00:00'),
(428, 1, '2017-01-07 00:00:00'),
(429, 1, '2017-01-07 00:00:00'),
(430, 1, '2017-01-07 00:00:00'),
(431, 1, '2017-01-07 00:00:00'),
(432, 1, '2017-01-07 00:00:00'),
(433, 1, '2017-01-07 00:00:00'),
(434, 1, '2017-01-07 00:00:00'),
(435, 1, '2017-01-08 00:00:00'),
(436, 1, '2017-01-08 00:00:00'),
(437, 1, '2017-01-08 00:00:00'),
(438, 1, '2017-01-08 00:00:00'),
(439, 1, '2017-01-08 00:00:00'),
(440, 1, '2017-01-08 00:00:00'),
(441, 1, '2017-01-08 00:00:00'),
(442, 1, '2017-01-08 00:00:00'),
(443, 1, '2017-01-08 00:00:00'),
(444, 1, '2017-01-08 00:00:00'),
(445, 1, '2017-01-08 00:00:00'),
(446, 1, '2017-01-08 00:00:00'),
(447, 1, '2017-01-08 00:00:00'),
(448, 1, '2017-01-08 00:00:00'),
(449, 1, '2017-01-08 00:00:00'),
(450, 1, '2017-01-08 00:00:00'),
(451, 1, '2017-01-08 00:00:00'),
(452, 1, '2017-01-08 00:00:00'),
(453, 1, '2017-01-08 00:00:00'),
(454, 1, '2017-01-08 00:00:00'),
(455, 1, '2017-01-08 00:00:00'),
(456, 1, '2017-01-08 00:00:00'),
(457, 1, '2017-01-08 00:00:00'),
(458, 1, '2017-01-08 00:00:00'),
(459, 1, '2017-01-08 00:00:00'),
(460, 1, '2017-01-08 00:00:00'),
(461, 1, '2017-01-08 00:00:00'),
(462, 1, '2017-01-08 00:00:00'),
(463, 1, '2017-01-08 00:00:00'),
(464, 1, '2017-01-08 00:00:00'),
(465, 1, '2017-01-08 00:00:00'),
(466, 1, '2017-01-08 00:00:00'),
(467, 1, '2017-01-08 00:00:00'),
(468, 1, '2017-01-08 00:00:00'),
(469, 1, '2017-01-08 00:00:00'),
(470, 1, '2017-01-08 00:00:00'),
(471, 1, '2017-01-08 00:00:00'),
(472, 1, '2017-01-08 00:00:00'),
(473, 1, '2017-01-08 00:00:00'),
(474, 1, '2017-01-08 00:00:00'),
(475, 1, '2017-01-08 00:00:00'),
(476, 1, '2017-01-08 00:00:00'),
(477, 1, '2017-01-08 00:00:00'),
(478, 1, '2017-01-08 00:00:00'),
(479, 1, '2017-01-09 00:00:00'),
(480, 1, '2017-01-09 00:00:00'),
(481, 1, '2017-01-09 00:00:00'),
(482, 1, '2017-01-09 00:00:00'),
(483, 1, '2017-01-09 00:00:00'),
(484, 1, '2017-01-09 00:00:00'),
(485, 1, '2017-01-09 00:00:00'),
(486, 1, '2017-01-09 00:00:00'),
(487, 1, '2017-01-09 00:00:00'),
(488, 1, '2017-01-09 00:00:00'),
(489, 1, '2017-01-09 00:00:00'),
(490, 1, '2017-01-09 00:00:00'),
(491, 1, '2017-01-09 00:00:00'),
(492, 1, '2017-01-09 00:00:00'),
(493, 1, '2017-01-09 00:00:00'),
(494, 1, '2017-01-09 00:00:00'),
(495, 1, '2017-01-09 00:00:00'),
(496, 1, '2017-01-09 00:00:00'),
(497, 1, '2017-01-09 00:00:00'),
(498, 1, '2017-01-09 00:00:00'),
(499, 1, '2017-01-09 00:00:00'),
(500, 1, '2017-01-09 00:00:00'),
(501, 1, '2017-01-09 00:00:00'),
(502, 1, '2017-01-09 00:00:00'),
(503, 1, '2017-01-09 00:00:00'),
(504, 1, '2017-01-09 00:00:00'),
(505, 1, '2017-01-09 00:00:00'),
(506, 1, '2017-01-09 00:00:00'),
(507, 1, '2017-01-12 00:00:00'),
(508, 1, '2017-01-13 00:00:00'),
(509, 4, '2017-01-13 00:00:00'),
(510, 90, '2017-01-13 00:00:00'),
(511, 91, '2017-01-13 00:00:00'),
(512, 92, '2017-01-13 00:00:00'),
(513, 92, '2017-01-13 00:00:00'),
(514, 92, '2017-01-13 00:00:00'),
(515, 91, '2017-01-13 00:00:00'),
(516, 1, '2017-01-14 00:00:00'),
(517, 4, '2017-01-14 00:00:00'),
(518, 5, '2017-01-14 00:00:00'),
(519, 1, '2017-01-14 00:00:00'),
(520, 1, '2017-01-14 00:00:00'),
(521, 1, '2017-01-14 00:00:00'),
(522, 1, '2017-01-14 00:00:00'),
(523, 1, '2017-01-14 00:00:00'),
(524, 1, '2017-01-14 00:00:00'),
(525, 1, '2017-01-14 00:00:00'),
(526, 1, '2017-01-14 00:00:00'),
(527, 1, '2017-01-14 00:00:00'),
(528, 1, '2017-01-14 00:00:00'),
(529, 1, '2017-01-14 00:00:00'),
(530, 1, '2017-01-14 00:00:00'),
(531, 1, '2017-01-14 00:00:00'),
(532, 1, '2017-01-14 00:00:00'),
(533, 1, '2017-01-14 00:00:00'),
(534, 1, '2017-01-14 00:00:00'),
(535, 1, '2017-01-14 00:00:00'),
(536, 1, '2017-01-14 00:00:00'),
(537, 1, '2017-01-14 00:00:00'),
(538, 1, '2017-01-14 00:00:00'),
(539, 1, '2017-01-15 00:00:00'),
(540, 1, '2017-01-15 00:00:00'),
(541, 1, '2017-01-15 00:00:00'),
(542, 1, '2017-01-15 00:00:00'),
(543, 1, '2017-01-15 00:00:00'),
(544, 1, '2017-01-15 00:00:00'),
(545, 1, '2017-01-15 00:00:00'),
(546, 1, '2017-01-15 00:00:00'),
(547, 1, '2017-01-15 00:00:00'),
(548, 1, '2017-01-15 00:00:00'),
(549, 1, '2017-01-15 00:00:00'),
(550, 1, '2017-01-15 00:00:00'),
(551, 1, '2017-01-15 00:00:00'),
(552, 1, '2017-01-15 00:00:00'),
(553, 1, '2017-01-15 00:00:00'),
(554, 1, '2017-01-15 00:00:00'),
(555, 1, '2017-01-15 00:00:00'),
(556, 1, '2017-01-15 00:00:00'),
(557, 1, '2017-01-15 00:00:00'),
(558, 1, '2017-01-15 00:00:00'),
(559, 1, '2017-01-15 00:00:00'),
(560, 1, '2017-01-15 00:00:00'),
(561, 1, '2017-01-15 00:00:00'),
(562, 1, '2017-01-15 00:00:00'),
(563, 1, '2017-01-15 00:00:00'),
(564, 1, '2017-01-15 00:00:00'),
(565, 1, '2017-01-15 00:00:00'),
(566, 1, '2017-01-15 00:00:00'),
(567, 1, '2017-01-15 00:00:00'),
(568, 1, '2017-01-15 00:00:00'),
(569, 1, '2017-01-15 00:00:00'),
(570, 1, '2017-01-15 00:00:00'),
(571, 1, '2017-01-15 00:00:00'),
(572, 1, '2017-01-15 00:00:00'),
(573, 1, '2017-01-15 00:00:00'),
(574, 1, '2017-01-15 00:00:00'),
(575, 1, '2017-01-15 00:00:00'),
(576, 1, '2017-01-15 00:00:00'),
(577, 1, '2017-01-15 00:00:00'),
(578, 1, '2017-01-15 00:00:00'),
(579, 1, '2017-01-15 00:00:00'),
(580, 1, '2017-01-15 00:00:00'),
(581, 1, '2017-01-15 00:00:00'),
(582, 1, '2017-01-15 00:00:00'),
(583, 1, '2017-01-15 00:00:00'),
(584, 1, '2017-01-15 00:00:00'),
(585, 1, '2017-01-15 00:00:00'),
(586, 1, '2017-01-15 00:00:00'),
(587, 1, '2017-01-15 00:00:00'),
(588, 1, '2017-01-15 00:00:00'),
(589, 1, '2017-01-15 00:00:00'),
(590, 1, '2017-01-15 00:00:00'),
(591, 1, '2017-01-15 00:00:00'),
(592, 1, '2017-01-15 00:00:00'),
(593, 1, '2017-01-15 00:00:00'),
(594, 1, '2017-01-15 00:00:00'),
(595, 1, '2017-01-15 00:00:00'),
(596, 1, '2017-01-15 00:00:00'),
(597, 1, '2017-01-15 00:00:00'),
(598, 1, '2017-01-15 00:00:00'),
(599, 1, '2017-01-15 00:00:00'),
(600, 1, '2017-01-15 00:00:00'),
(601, 1, '2017-01-15 00:00:00'),
(602, 1, '2017-01-15 00:00:00'),
(603, 1, '2017-01-15 00:00:00'),
(604, 1, '2017-01-15 00:00:00'),
(605, 1, '2017-01-15 00:00:00'),
(606, 1, '2017-01-15 00:00:00'),
(607, 1, '2017-01-15 00:00:00'),
(608, 1, '2017-01-15 00:00:00'),
(609, 1, '2017-01-15 00:00:00'),
(610, 1, '2017-01-15 00:00:00'),
(611, 1, '2017-01-15 00:00:00'),
(612, 1, '2017-01-15 00:00:00'),
(613, 1, '2017-01-15 00:00:00'),
(614, 1, '2017-01-15 00:00:00'),
(615, 1, '2017-01-15 00:00:00'),
(616, 1, '2017-01-15 00:00:00'),
(617, 1, '2017-01-15 00:00:00'),
(618, 1, '2017-01-15 00:00:00'),
(619, 1, '2017-01-15 00:00:00'),
(620, 1, '2017-01-15 00:00:00'),
(621, 1, '2017-01-15 00:00:00'),
(622, 45, '2017-01-15 00:00:00'),
(623, 1, '2017-01-15 00:00:00'),
(624, 1, '2017-01-15 00:00:00'),
(625, 1, '2017-01-15 00:00:00'),
(626, 1, '2017-01-15 00:00:00'),
(627, 4, '2017-01-15 00:00:00'),
(628, 1, '2017-01-15 00:00:00'),
(629, 1, '2017-01-15 00:00:00'),
(630, 1, '2017-01-15 00:00:00'),
(631, 1, '2017-01-15 00:00:00'),
(632, 1, '2017-01-15 00:00:00'),
(633, 1, '2017-01-15 00:00:00'),
(634, 1, '2017-01-15 00:00:00'),
(635, 1, '2017-01-15 00:00:00'),
(636, 1, '2017-01-15 00:00:00'),
(637, 1, '2017-01-15 00:00:00'),
(638, 1, '2017-01-15 00:00:00'),
(639, 1, '2017-01-15 00:00:00'),
(640, 1, '2017-01-15 00:00:00'),
(641, 1, '2017-01-15 00:00:00'),
(642, 1, '2017-01-15 00:00:00'),
(643, 1, '2017-01-15 00:00:00'),
(644, 1, '2017-01-15 00:00:00'),
(645, 1, '2017-01-15 00:00:00'),
(646, 1, '2017-01-15 00:00:00'),
(647, 1, '2017-01-15 00:00:00'),
(648, 1, '2017-01-15 00:00:00'),
(649, 1, '2017-01-15 00:00:00'),
(650, 1, '2017-01-15 00:00:00'),
(651, 1, '2017-01-15 00:00:00'),
(652, 1, '2017-01-15 00:00:00'),
(653, 1, '2017-01-15 00:00:00'),
(654, 1, '2017-01-15 00:00:00'),
(655, 1, '2017-01-15 00:00:00'),
(656, 1, '2017-01-15 00:00:00'),
(657, 1, '2017-01-15 00:00:00'),
(658, 1, '2017-01-15 00:00:00'),
(659, 1, '2017-01-15 00:00:00'),
(660, 1, '2017-01-22 00:00:00'),
(661, 1, '2017-01-22 00:00:00'),
(662, 1, '2017-01-22 00:00:00'),
(663, 1, '2017-01-22 00:00:00'),
(664, 1, '2017-01-23 00:00:00'),
(665, 1, '2017-01-23 00:00:00'),
(666, 1, '2017-01-23 00:00:00'),
(667, 1, '2017-01-23 00:00:00'),
(668, 1, '2017-01-23 00:00:00'),
(669, 1, '2017-01-23 00:00:00'),
(670, 1, '2017-01-30 00:00:00'),
(671, 1, '2017-01-30 00:00:00'),
(672, 1, '2017-01-30 00:00:00'),
(673, 1, '2017-01-30 00:00:00'),
(674, 1, '2017-01-30 00:00:00'),
(675, 1, '2017-01-31 00:00:00'),
(676, 1, '2017-01-31 00:00:00'),
(677, 1, '2017-01-31 00:00:00'),
(678, 1, '2017-01-31 00:00:00'),
(679, 1, '2017-01-31 00:00:00'),
(680, 1, '2017-01-31 00:00:00'),
(681, 1, '2017-01-31 00:00:00'),
(682, 1, '2017-01-31 00:00:00'),
(683, 1, '2017-01-31 00:00:00'),
(684, 1, '2017-01-31 00:00:00'),
(685, 1, '2017-01-31 00:00:00'),
(686, 1, '2017-01-31 00:00:00'),
(687, 1, '2017-01-31 00:00:00'),
(688, 1, '2017-01-31 00:00:00'),
(689, 1, '2017-01-31 00:00:00'),
(690, 1, '2017-01-31 00:00:00'),
(691, 1, '2017-01-31 00:00:00'),
(692, 1, '2017-01-31 00:00:00'),
(693, 1, '2017-01-31 00:00:00'),
(694, 1, '2017-01-31 00:00:00'),
(695, 1, '2017-01-31 00:00:00'),
(696, 1, '2017-01-31 00:00:00'),
(697, 1, '2017-01-31 00:00:00'),
(698, 1, '2017-01-31 00:00:00'),
(699, 1, '2017-01-31 00:00:00'),
(700, 90, '2017-01-31 00:00:00'),
(701, 1, '2017-01-31 00:00:00'),
(702, 1, '2017-02-02 00:00:00'),
(703, 1, '2017-02-02 00:00:00'),
(704, 1, '2017-02-02 00:00:00'),
(705, 1, '2017-02-02 00:00:00'),
(706, 1, '2017-02-02 00:00:00'),
(707, 1, '2017-02-02 00:00:00'),
(708, 1, '2017-02-02 00:00:00'),
(709, 1, '2017-02-02 00:00:00'),
(710, 1, '2017-02-02 00:00:00'),
(711, 1, '2017-02-02 00:00:00'),
(712, 1, '2017-02-02 00:00:00'),
(713, 1, '2017-02-02 00:00:00'),
(714, 1, '2017-02-02 00:00:00'),
(715, 1, '2017-02-02 00:00:00'),
(716, 1, '2017-02-02 00:00:00'),
(717, 1, '2017-02-02 00:00:00'),
(718, 1, '2017-02-02 00:00:00'),
(719, 1, '2017-02-02 00:00:00'),
(720, 1, '2017-02-02 00:00:00'),
(721, 1, '2017-02-02 00:00:00'),
(722, 1, '2017-02-05 00:00:00'),
(723, 1, '2017-02-05 00:00:00'),
(724, 1, '2017-02-05 00:00:00'),
(725, 1, '2017-02-05 00:00:00'),
(726, 1, '2017-02-05 00:00:00'),
(727, 1, '2017-02-05 00:00:00'),
(728, 1, '2017-02-05 00:00:00'),
(729, 1, '2017-02-05 00:00:00'),
(730, 1, '2017-02-05 00:00:00'),
(731, 1, '2017-02-05 00:00:00'),
(732, 1, '2017-02-05 00:00:00'),
(733, 1, '2017-02-05 00:00:00'),
(734, 1, '2017-02-05 00:00:00'),
(735, 1, '2017-02-05 00:00:00'),
(736, 1, '2017-02-05 00:00:00'),
(737, 1, '2017-02-05 00:00:00'),
(738, 1, '2017-02-05 00:00:00'),
(739, 1, '2017-02-05 00:00:00'),
(740, 1, '2017-02-05 00:00:00'),
(741, 1, '2017-02-05 00:00:00'),
(742, 1, '2017-02-05 00:00:00'),
(743, 1, '2017-02-05 00:00:00'),
(744, 1, '2017-02-05 00:00:00'),
(745, 1, '2017-02-05 00:00:00'),
(746, 1, '2017-02-05 00:00:00'),
(747, 1, '2017-02-06 00:00:00'),
(748, 45, '2017-02-06 00:00:00'),
(749, 1, '2017-02-06 00:00:00'),
(750, 1, '2017-02-06 00:00:00'),
(751, 1, '2017-02-06 00:00:00'),
(752, 1, '2017-02-06 00:00:00'),
(753, 1, '2017-02-06 00:00:00'),
(754, 1, '2017-02-06 00:00:00'),
(755, 1, '2017-02-06 00:00:00'),
(756, 1, '2017-02-06 00:00:00'),
(757, 1, '2017-02-06 00:00:00'),
(758, 1, '2017-02-06 00:00:00'),
(759, 1, '2017-02-06 00:00:00'),
(760, 1, '2017-02-07 00:00:00'),
(761, 1, '2017-02-07 00:00:00'),
(762, 1, '2017-02-07 00:00:00'),
(763, 1, '2017-02-07 00:00:00'),
(764, 1, '2017-02-07 00:00:00'),
(765, 1, '2017-02-07 00:00:00'),
(766, 1, '2017-02-07 00:00:00'),
(767, 1, '2017-02-07 00:00:00'),
(768, 1, '2017-02-07 00:00:00'),
(769, 1, '2017-02-07 00:00:00'),
(770, 1, '2017-02-07 00:00:00'),
(771, 1, '2017-02-07 00:00:00'),
(772, 1, '2017-02-07 00:00:00'),
(773, 1, '2017-02-07 00:00:00'),
(774, 1, '2017-02-07 00:00:00'),
(775, 1, '2017-02-07 00:00:00'),
(776, 1, '2017-02-09 00:00:00'),
(777, 1, '2017-02-09 00:00:00'),
(778, 1, '2017-02-09 00:00:00'),
(779, 1, '2017-02-09 00:00:00'),
(780, 1, '2017-02-09 00:00:00'),
(781, 1, '2017-02-09 00:00:00'),
(782, 1, '2017-02-09 00:00:00'),
(783, 1, '2017-02-09 00:00:00'),
(784, 1, '2017-02-09 00:00:00'),
(785, 1, '2017-02-09 00:00:00'),
(786, 1, '2017-02-09 00:00:00'),
(787, 1, '2017-02-09 00:00:00'),
(788, 1, '2017-02-09 00:00:00'),
(789, 1, '2017-02-09 00:00:00'),
(790, 1, '2017-02-09 00:00:00'),
(791, 1, '2017-02-09 00:00:00'),
(792, 1, '2017-02-09 00:00:00'),
(793, 1, '2017-02-09 00:00:00'),
(794, 1, '2017-02-09 00:00:00'),
(795, 1, '2017-02-10 00:00:00'),
(796, 1, '2017-02-10 00:00:00'),
(797, 1, '2017-02-10 00:00:00'),
(798, 1, '2017-02-10 00:00:00'),
(799, 1, '2017-02-10 00:00:00'),
(800, 1, '2017-02-11 00:00:00'),
(801, 1, '2017-02-11 00:00:00'),
(802, 1, '2017-02-11 00:00:00'),
(803, 93, '2017-02-11 00:00:00'),
(804, 1, '2017-02-11 00:00:00'),
(805, 1, '2017-02-11 00:00:00'),
(806, 1, '2017-02-11 00:00:00'),
(807, 1, '2017-02-11 00:00:00'),
(808, 1, '2017-02-11 00:00:00'),
(809, 1, '2017-02-11 00:00:00'),
(810, 1, '2017-02-11 00:00:00'),
(811, 1, '2017-02-11 00:00:00'),
(812, 1, '2017-02-11 00:00:00'),
(813, 1, '2017-02-11 00:00:00'),
(814, 1, '2017-02-16 00:00:00'),
(815, 1, '2017-02-17 00:00:00'),
(816, 94, '2017-02-17 00:00:00'),
(817, 94, '2017-02-17 00:00:00'),
(818, 1, '2017-02-17 00:00:00'),
(819, 1, '2017-02-17 00:00:00'),
(820, 1, '2017-02-18 00:00:00'),
(821, 94, '2017-02-18 00:00:00'),
(822, 1, '2017-02-18 00:00:00'),
(823, 1, '2017-02-18 00:00:00'),
(824, 1, '2017-02-18 00:00:00'),
(825, 1, '2017-02-19 00:00:00'),
(826, 95, '2017-02-19 00:00:00'),
(827, 1, '2017-02-19 00:00:00'),
(828, 1, '2017-02-19 00:00:00'),
(829, 1, '2017-02-19 00:00:00'),
(830, 1, '2017-02-21 00:00:00'),
(831, 1, '2017-02-21 00:00:00'),
(832, 1, '2017-02-21 00:00:00'),
(833, 1, '2017-02-21 00:00:00'),
(834, 1, '2017-02-22 00:00:00'),
(835, 1, '2017-02-22 00:00:00'),
(836, 45, '2017-02-22 00:00:00'),
(837, 1, '2017-02-23 00:00:00'),
(838, 45, '2017-02-23 00:00:00'),
(839, 4, '2017-02-23 00:00:00'),
(840, 1, '2017-02-27 00:00:00'),
(841, 1, '2017-02-27 00:00:00'),
(842, 1, '2017-02-27 00:00:00'),
(843, 1, '2017-02-27 00:00:00'),
(844, 1, '2017-02-27 00:00:00'),
(845, 1, '2017-02-27 00:00:00'),
(846, 1, '2017-02-27 00:00:00'),
(847, 1, '2017-02-27 00:00:00'),
(848, 1, '2017-02-27 00:00:00'),
(849, 1, '2017-02-27 00:00:00'),
(850, 1, '2017-02-27 00:00:00'),
(851, 1, '2017-02-27 00:00:00'),
(852, 1, '2017-02-27 00:00:00'),
(853, 1, '2017-02-27 00:00:00'),
(854, 1, '2017-02-27 00:00:00'),
(855, 1, '2017-02-28 00:00:00'),
(856, 1, '2017-02-28 00:00:00'),
(857, 1, '2017-02-28 00:00:00'),
(858, 1, '2017-02-28 00:00:00'),
(859, 1, '2017-02-28 00:00:00'),
(860, 1, '2017-02-28 00:00:00'),
(861, 1, '2017-02-28 00:00:00'),
(862, 1, '2017-02-28 00:00:00'),
(863, 1, '2017-02-28 00:00:00'),
(864, 1, '2017-02-28 00:00:00'),
(865, 1, '2017-02-28 00:00:00'),
(866, 1, '2017-02-28 00:00:00'),
(867, 1, '2017-02-28 00:00:00'),
(868, 1, '2017-02-28 00:00:00'),
(869, 1, '2017-02-28 00:00:00'),
(870, 1, '2017-02-28 00:00:00'),
(871, 1, '2017-02-28 00:00:00'),
(872, 1, '2017-02-28 00:00:00'),
(873, 1, '2017-03-01 00:00:00'),
(874, 1, '2017-03-01 00:00:00'),
(875, 1, '2017-03-01 00:00:00'),
(876, 1, '2017-03-01 00:00:00'),
(877, 1, '2017-03-03 00:00:00'),
(878, 1, '2017-03-04 00:00:00'),
(879, 1, '2017-03-04 00:00:00'),
(880, 1, '2017-03-04 00:00:00'),
(881, 1, '2017-03-05 00:00:00'),
(882, 1, '2017-03-05 00:00:00'),
(883, 1, '2017-03-05 00:00:00'),
(884, 1, '2017-03-05 00:00:00'),
(885, 1, '2017-03-05 00:00:00'),
(886, 1, '2017-03-05 00:00:00'),
(887, 1, '2017-03-05 00:00:00'),
(888, 1, '2017-03-05 00:00:00'),
(889, 1, '2017-03-05 00:00:00'),
(890, 1, '2017-03-05 00:00:00'),
(891, 1, '2017-03-05 00:00:00'),
(892, 1, '2017-03-05 00:00:00'),
(893, 1, '2017-03-05 00:00:00'),
(894, 1, '2017-03-05 00:00:00'),
(895, 1, '2017-03-05 00:00:00'),
(896, 1, '2017-03-05 00:00:00'),
(897, 1, '2017-03-05 00:00:00'),
(898, 1, '2017-03-05 00:00:00'),
(899, 1, '2017-03-05 00:00:00'),
(900, 1, '2017-03-24 00:00:00'),
(901, 1, '2017-03-24 00:00:00'),
(902, 1, '2017-03-24 00:00:00'),
(903, 1, '2017-03-24 00:00:00'),
(904, 1, '2017-03-24 00:00:00'),
(905, 1, '2017-03-24 00:00:00'),
(906, 1, '2017-03-24 00:00:00'),
(907, 1, '2017-03-24 00:00:00'),
(908, 1, '2017-03-24 00:00:00'),
(909, 1, '2017-03-24 00:00:00'),
(910, 1, '2017-03-24 00:00:00'),
(911, 1, '2017-03-24 00:00:00'),
(912, 1, '2017-03-24 00:00:00'),
(913, 1, '2017-03-24 00:00:00'),
(914, 1, '2017-03-24 00:00:00'),
(915, 1, '2017-03-24 00:00:00'),
(916, 1, '2017-03-25 00:00:00'),
(917, 177, '2017-03-25 00:00:00'),
(918, 1, '2017-03-26 00:00:00'),
(919, 96, '2017-03-26 00:00:00'),
(920, 1, '2017-03-26 00:00:00'),
(921, 1, '2017-03-26 00:00:00'),
(922, 1, '2017-03-26 00:00:00'),
(923, 2, '2017-03-26 00:00:00'),
(924, 1, '2017-03-26 00:00:00'),
(925, 93, '2017-03-26 00:00:00'),
(926, 93, '2017-03-26 00:00:00'),
(927, 93, '2017-03-26 00:00:00'),
(928, 93, '2017-03-26 00:00:00'),
(929, 93, '2017-03-26 00:00:00'),
(930, 1, '2017-03-26 00:00:00'),
(931, 1, '2017-03-26 00:00:00'),
(932, 1, '2017-03-26 00:00:00'),
(933, 1, '2017-03-26 00:00:00'),
(934, 1, '2017-03-26 00:00:00'),
(935, 1, '2017-03-26 00:00:00'),
(936, 1, '2017-03-26 00:00:00'),
(937, 1, '2017-03-26 00:00:00'),
(938, 1, '2017-03-26 00:00:00'),
(939, 1, '2017-03-26 00:00:00'),
(940, 1, '2017-03-26 00:00:00'),
(941, 1, '2017-03-27 00:00:00'),
(942, 1, '2017-03-27 00:00:00'),
(943, 1, '2017-03-27 00:00:00'),
(944, 1, '2017-03-27 00:00:00'),
(945, 1, '2017-03-27 00:00:00'),
(946, 1, '2017-03-27 00:00:00'),
(947, 1, '2017-03-27 00:00:00'),
(948, 1, '2017-03-27 00:00:00'),
(949, 1, '2017-03-27 00:00:00'),
(950, 1, '2017-03-27 00:00:00'),
(951, 1, '2017-03-27 00:00:00'),
(952, 1, '2017-03-27 00:00:00'),
(953, 1, '2017-03-27 00:00:00'),
(954, 1, '2017-03-27 00:00:00'),
(955, 1, '2017-03-27 00:00:00'),
(956, 2, '2017-03-27 00:00:00'),
(957, 3, '2017-03-27 00:00:00'),
(958, 3, '2017-03-27 00:00:00'),
(959, 94, '2017-03-27 00:00:00'),
(960, 2, '2017-03-27 00:00:00'),
(961, 3, '2017-03-27 00:00:00'),
(962, 4, '2017-03-27 00:00:00'),
(963, 3, '2017-03-27 00:00:00'),
(964, 5, '2017-03-27 00:00:00'),
(965, 5, '2017-03-27 00:00:00'),
(966, 1, '2017-03-27 00:00:00'),
(967, 2, '2017-03-27 00:00:00'),
(968, 5, '2017-03-27 00:00:00'),
(969, 2, '2017-03-27 00:00:00'),
(970, 3, '2017-03-27 00:00:00'),
(971, 4, '2017-03-27 00:00:00'),
(972, 4, '2017-03-27 00:00:00'),
(973, 3, '2017-03-27 00:00:00'),
(974, 2, '2017-03-27 00:00:00'),
(975, 2, '2017-03-27 00:00:00'),
(976, 4, '2017-03-27 00:00:00'),
(977, 3, '2017-03-27 00:00:00'),
(978, 4, '2017-03-27 00:00:00'),
(979, 4, '2017-03-27 00:00:00'),
(980, 3, '2017-03-27 00:00:00'),
(981, 2, '2017-03-27 00:00:00'),
(982, 4, '2017-03-27 00:00:00'),
(983, 3, '2017-03-27 00:00:00'),
(984, 2, '2017-03-27 00:00:00'),
(985, 3, '2017-03-27 00:00:00'),
(986, 4, '2017-03-27 00:00:00'),
(987, 2, '2017-03-27 00:00:00'),
(988, 2, '2017-03-27 00:00:00'),
(989, 3, '2017-03-27 00:00:00'),
(990, 4, '2017-03-27 00:00:00'),
(991, 1, '2017-03-27 00:00:00'),
(992, 1, '2017-03-28 00:00:00'),
(993, 1, '2017-03-28 00:00:00'),
(994, 1, '2017-03-28 00:00:00'),
(995, 1, '2017-03-28 00:00:00'),
(996, 1, '2017-03-28 00:00:00'),
(997, 1, '2017-03-28 00:00:00'),
(998, 1, '2017-03-28 00:00:00'),
(999, 1, '2017-03-28 00:00:00'),
(1000, 1, '2017-03-28 00:00:00'),
(1001, 1, '2017-03-28 00:00:00'),
(1002, 1, '2017-03-28 00:00:00'),
(1003, 1, '2017-03-28 00:00:00'),
(1004, 1, '2017-03-28 00:00:00'),
(1005, 1, '2017-03-28 00:00:00'),
(1006, 1, '2017-03-28 00:00:00'),
(1007, 1, '2017-03-28 00:00:00'),
(1008, 1, '2017-03-28 00:00:00'),
(1009, 1, '2017-03-28 00:00:00'),
(1010, 1, '2017-03-28 00:00:00'),
(1011, 1, '2017-03-28 00:00:00'),
(1012, 1, '2017-03-28 00:00:00'),
(1013, 1, '2017-03-28 00:00:00'),
(1014, 1, '2017-03-28 00:00:00'),
(1015, 1, '2017-03-28 00:00:00'),
(1016, 1, '2017-03-28 00:00:00'),
(1017, 1, '2017-03-28 00:00:00'),
(1018, 1, '2017-03-28 00:00:00'),
(1019, 1, '2017-03-28 00:00:00'),
(1020, 1, '2017-03-28 00:00:00'),
(1021, 1, '2017-03-29 00:00:00'),
(1022, 1, '2017-03-29 00:00:00'),
(1023, 1, '2017-03-29 00:00:00'),
(1024, 1, '2017-03-29 00:00:00'),
(1025, 1, '2017-03-29 00:00:00'),
(1026, 1, '2017-03-29 00:00:00'),
(1027, 1, '2017-03-29 00:00:00'),
(1028, 1, '2017-03-29 00:00:00'),
(1029, 1, '2017-03-29 00:00:00'),
(1030, 1, '2017-03-29 00:00:00'),
(1031, 1, '2017-03-29 00:00:00'),
(1032, 1, '2017-03-29 00:00:00'),
(1033, 1, '2017-03-29 00:00:00'),
(1034, 1, '2017-03-29 00:00:00'),
(1035, 1, '2017-03-29 00:00:00'),
(1036, 1, '2017-03-29 00:00:00'),
(1037, 1, '2017-03-29 00:00:00'),
(1038, 1, '2017-03-29 00:00:00'),
(1039, 1, '2017-03-29 00:00:00'),
(1040, 1, '2017-03-29 00:00:00'),
(1041, 1, '2017-03-29 00:00:00'),
(1042, 1, '2017-03-29 00:00:00'),
(1043, 1, '2017-03-29 00:00:00'),
(1044, 2, '2017-03-29 00:00:00'),
(1045, 1, '2017-03-29 00:00:00'),
(1046, 1, '2017-03-29 00:00:00'),
(1047, 3, '2017-03-29 00:00:00'),
(1048, 1, '2017-03-29 00:00:00'),
(1049, 4, '2017-03-29 00:00:00'),
(1050, 4, '2017-03-29 00:00:00'),
(1051, 4, '2017-03-30 00:00:00'),
(1052, 4, '2017-03-30 00:00:00'),
(1053, 4, '2017-03-30 00:00:00'),
(1054, 1, '2017-03-30 00:00:00'),
(1055, 1, '2017-03-30 00:00:00'),
(1056, 1, '2017-03-30 00:00:00'),
(1057, 93, '2017-03-30 00:00:00'),
(1058, 93, '2017-03-30 00:00:00'),
(1059, 31, '2017-03-30 00:00:00'),
(1060, 31, '2017-03-30 00:00:00'),
(1061, 1, '2017-03-30 00:00:00'),
(1062, 1, '2017-03-30 00:00:00'),
(1063, 1, '2017-03-30 00:00:00'),
(1064, 1, '2017-03-30 00:00:00'),
(1065, 1, '2017-03-30 00:00:00'),
(1066, 1, '2017-03-30 00:00:00'),
(1067, 1, '2017-03-30 00:00:00'),
(1068, 1, '2017-03-30 00:00:00'),
(1069, 2, '2017-03-30 00:00:00'),
(1070, 1, '2017-03-30 00:00:00'),
(1071, 1, '2017-03-30 00:00:00'),
(1072, 1, '2017-03-30 00:00:00'),
(1073, 1, '2017-03-30 00:00:00'),
(1074, 1, '2017-03-30 00:00:00'),
(1075, 1, '2017-03-30 00:00:00'),
(1076, 1, '2017-03-30 00:00:00'),
(1077, 1, '2017-03-30 00:00:00'),
(1078, 1, '2017-03-30 00:00:00'),
(1079, 1, '2017-03-30 00:00:00'),
(1080, 1, '2017-03-30 00:00:00'),
(1081, 1, '2017-03-30 00:00:00'),
(1082, 1, '2017-03-30 00:00:00'),
(1083, 1, '2017-03-30 00:00:00'),
(1084, 1, '2017-03-30 00:00:00'),
(1085, 1, '2017-03-30 00:00:00'),
(1086, 1, '2017-03-30 00:00:00'),
(1087, 1, '2017-03-30 00:00:00'),
(1088, 1, '2017-03-30 00:00:00'),
(1089, 1, '2017-03-30 00:00:00'),
(1090, 1, '2017-03-30 00:00:00'),
(1091, 1, '2017-03-30 00:00:00'),
(1092, 1, '2017-03-30 00:00:00'),
(1093, 1, '2017-03-30 00:00:00'),
(1094, 1, '2017-03-30 00:00:00'),
(1095, 1, '2017-03-30 00:00:00'),
(1096, 1, '2017-03-30 00:00:00'),
(1097, 1, '2017-03-30 00:00:00'),
(1098, 1, '2017-03-30 00:00:00'),
(1099, 1, '2017-03-30 00:00:00'),
(1100, 1, '2017-03-30 00:00:00'),
(1101, 1, '2017-03-30 00:00:00'),
(1102, 1, '2017-03-30 00:00:00'),
(1103, 1, '2017-03-30 00:00:00'),
(1104, 1, '2017-03-30 00:00:00'),
(1105, 1, '2017-03-30 00:00:00'),
(1106, 1, '2017-03-30 00:00:00'),
(1107, 1, '2017-03-30 00:00:00'),
(1108, 1, '2017-03-30 00:00:00'),
(1109, 1, '2017-03-30 00:00:00'),
(1110, 1, '2017-03-30 00:00:00'),
(1111, 1, '2017-03-31 00:00:00'),
(1112, 1, '2017-03-31 00:00:00'),
(1113, 1, '2017-03-31 00:00:00'),
(1114, 1, '2017-03-31 00:00:00'),
(1115, 1, '2017-03-31 00:00:00'),
(1116, 1, '2017-03-31 00:00:00'),
(1117, 1, '2017-03-31 00:00:00'),
(1118, 1, '2017-03-31 00:00:00'),
(1119, 1, '2017-03-31 00:00:00'),
(1120, 1, '2017-03-31 00:00:00'),
(1121, 1, '2017-03-31 00:00:00'),
(1122, 1, '2017-03-31 00:00:00'),
(1123, 1, '2017-03-31 00:00:00'),
(1124, 1, '2017-03-31 00:00:00'),
(1125, 1, '2017-03-31 00:00:00'),
(1126, 1, '2017-03-31 00:00:00'),
(1127, 1, '2017-03-31 00:00:00'),
(1128, 1, '2017-03-31 00:00:00'),
(1129, 1, '2017-03-31 00:00:00'),
(1130, 1, '2017-03-31 00:00:00'),
(1131, 1, '2017-03-31 00:00:00'),
(1132, 1, '2017-03-31 00:00:00'),
(1133, 1, '2017-03-31 00:00:00'),
(1134, 1, '2017-03-31 00:00:00'),
(1135, 1, '2017-03-31 00:00:00'),
(1136, 1, '2017-03-31 00:00:00'),
(1137, 1, '2017-03-31 00:00:00'),
(1138, 1, '2017-03-31 00:00:00'),
(1139, 1, '2017-03-31 00:00:00'),
(1140, 1, '2017-03-31 00:00:00'),
(1141, 1, '2017-03-31 00:00:00'),
(1142, 1, '2017-03-31 00:00:00'),
(1143, 1, '2017-03-31 00:00:00'),
(1144, 1, '2017-03-31 00:00:00'),
(1145, 1, '2017-03-31 00:00:00'),
(1146, 1, '2017-03-31 00:00:00'),
(1147, 1, '2017-03-31 00:00:00'),
(1148, 1, '2017-03-31 00:00:00'),
(1149, 1, '2017-03-31 00:00:00'),
(1150, 1, '2017-03-31 00:00:00'),
(1151, 1, '2017-03-31 00:00:00'),
(1152, 1, '2017-04-01 00:00:00'),
(1153, 1, '2017-04-01 00:00:00'),
(1154, 1, '2017-04-01 00:00:00'),
(1155, 1, '2017-04-01 00:00:00'),
(1156, 1, '2017-04-01 00:00:00'),
(1157, 1, '2017-04-01 00:00:00'),
(1158, 1, '2017-04-01 00:00:00'),
(1159, 1, '2017-04-01 00:00:00'),
(1160, 1, '2017-04-01 00:00:00'),
(1161, 1, '2017-04-01 00:00:00'),
(1162, 1, '2017-04-01 00:00:00'),
(1163, 1, '2017-04-01 00:00:00'),
(1164, 1, '2017-04-01 00:00:00'),
(1165, 1, '2017-04-01 00:00:00'),
(1166, 1, '2017-04-01 00:00:00'),
(1167, 1, '2017-04-01 00:00:00'),
(1168, 1, '2017-04-01 00:00:00'),
(1169, 1, '2017-04-01 00:00:00'),
(1170, 1, '2017-04-01 00:00:00'),
(1171, 1, '2017-04-01 00:00:00'),
(1172, 1, '2017-04-01 00:00:00'),
(1173, 1, '2017-04-01 00:00:00'),
(1174, 1, '2017-04-01 00:00:00'),
(1175, 1, '2017-04-01 00:00:00'),
(1176, 1, '2017-04-01 00:00:00'),
(1177, 1, '2017-04-01 00:00:00'),
(1178, 1, '2017-04-01 00:00:00'),
(1179, 1, '2017-04-01 00:00:00'),
(1180, 1, '2017-04-01 00:00:00'),
(1181, 1, '2017-04-01 00:00:00'),
(1182, 1, '2017-04-01 00:00:00'),
(1183, 1, '2017-04-01 00:00:00'),
(1184, 1, '2017-04-01 00:00:00'),
(1185, 1, '2017-04-01 00:00:00'),
(1186, 1, '2017-04-01 00:00:00'),
(1187, 1, '2017-04-01 00:00:00'),
(1188, 1, '2017-04-01 00:00:00'),
(1189, 1, '2017-04-01 00:00:00'),
(1190, 1, '2017-04-01 00:00:00'),
(1191, 1, '2017-04-02 00:00:00'),
(1192, 1, '2017-04-02 00:00:00'),
(1193, 1, '2017-04-02 00:00:00'),
(1194, 1, '2017-04-02 00:00:00'),
(1195, 1, '2017-04-02 00:00:00'),
(1196, 1, '2017-04-02 00:00:00'),
(1197, 1, '2017-04-02 00:00:00'),
(1198, 1, '2017-04-02 00:00:00'),
(1199, 1, '2017-04-02 00:00:00'),
(1200, 1, '2017-04-02 00:00:00'),
(1201, 1, '2017-04-02 00:00:00'),
(1202, 1, '2017-04-02 00:00:00'),
(1203, 1, '2017-04-02 00:00:00'),
(1204, 1, '2017-04-02 00:00:00'),
(1205, 1, '2017-04-02 00:00:00'),
(1206, 1, '2017-04-02 00:00:00'),
(1207, 1, '2017-04-02 00:00:00'),
(1208, 4, '2017-04-03 00:00:00'),
(1209, 1, '2017-04-04 00:00:00'),
(1210, 1, '2017-04-04 00:00:00'),
(1211, 2, '2017-04-04 00:00:00'),
(1212, 1, '2017-04-04 00:00:00'),
(1213, 1, '2017-04-04 00:00:00'),
(1214, 1, '2017-04-04 00:00:00'),
(1215, 2, '2017-04-04 00:00:00'),
(1216, 2, '2017-04-04 00:00:00'),
(1217, 2, '2017-04-04 00:00:00'),
(1218, 1, '2017-04-04 00:00:00'),
(1219, 1, '2017-04-04 00:00:00'),
(1220, 1, '2017-04-04 00:00:00'),
(1221, 1, '2017-04-04 00:00:00'),
(1222, 1, '2017-04-04 00:00:00'),
(1223, 1, '2017-04-04 00:00:00'),
(1224, 1, '2017-04-04 00:00:00'),
(1225, 1, '2017-04-04 00:00:00'),
(1226, 2, '2017-04-04 00:00:00'),
(1227, 1, '2017-04-04 00:00:00'),
(1228, 1, '2017-04-04 00:00:00'),
(1229, 1, '2017-04-04 00:00:00'),
(1230, 4, '2017-04-04 00:00:00'),
(1231, 4, '2017-04-04 00:00:00'),
(1232, 4, '2017-04-04 00:00:00'),
(1233, 4, '2017-04-04 00:00:00'),
(1234, 4, '2017-04-04 00:00:00'),
(1235, 4, '2017-04-04 00:00:00'),
(1236, 4, '2017-04-04 00:00:00'),
(1237, 4, '2017-04-04 00:00:00'),
(1238, 97, '2017-04-04 00:00:00'),
(1239, 7, '2017-04-04 00:00:00'),
(1240, 1, '2017-04-04 00:00:00'),
(1241, 8, '2017-04-04 00:00:00'),
(1242, 1, '2017-04-04 00:00:00'),
(1243, 1, '2017-04-04 00:00:00'),
(1244, 1, '2017-04-04 00:00:00'),
(1245, 2, '2017-04-04 00:00:00'),
(1246, 2, '2017-04-04 00:00:00'),
(1247, 3, '2017-04-04 00:00:00'),
(1248, 3, '2017-04-04 00:00:00'),
(1249, 1, '2017-04-04 00:00:00'),
(1250, 1, '2017-04-05 00:00:00'),
(1251, 1, '2017-04-05 00:00:00'),
(1252, 1, '2017-04-05 00:00:00'),
(1253, 1, '2017-04-05 00:00:00'),
(1254, 1, '2017-04-05 00:00:00'),
(1255, 1, '2017-04-05 00:00:00'),
(1256, 1, '2017-04-05 00:00:00'),
(1257, 1, '2017-04-05 00:00:00'),
(1258, 1, '2017-04-05 00:00:00'),
(1259, 1, '2017-04-05 00:00:00'),
(1260, 1, '2017-04-05 00:00:00'),
(1261, 3, '2017-04-05 00:00:00'),
(1262, 3, '2017-04-05 00:00:00'),
(1263, 1, '2017-04-05 00:00:00'),
(1264, 1, '2017-04-05 00:00:00'),
(1265, 1, '2017-04-05 00:00:00'),
(1266, 1, '2017-04-05 00:00:00'),
(1267, 1, '2017-04-05 00:00:00'),
(1268, 1, '2017-04-05 00:00:00'),
(1269, 1, '2017-04-05 00:00:00'),
(1270, 1, '2017-04-05 00:00:00'),
(1271, 1, '2017-04-05 00:00:00'),
(1272, 1, '2017-04-05 00:00:00'),
(1273, 1, '2017-04-05 00:00:00'),
(1274, 1, '2017-04-05 00:00:00'),
(1275, 90, '2017-04-05 00:00:00'),
(1276, 90, '2017-04-05 00:00:00'),
(1277, 90, '2017-04-05 00:00:00'),
(1278, 98, '2017-04-05 00:00:00'),
(1279, 90, '2017-04-05 00:00:00'),
(1280, 98, '2017-04-05 00:00:00'),
(1281, 90, '2017-04-05 00:00:00'),
(1282, 98, '2017-04-05 00:00:00'),
(1283, 98, '2017-04-05 00:00:00'),
(1284, 90, '2017-04-05 00:00:00'),
(1285, 98, '2017-04-05 00:00:00'),
(1286, 90, '2017-04-05 00:00:00'),
(1287, 90, '2017-04-05 00:00:00'),
(1288, 90, '2017-04-05 00:00:00'),
(1289, 90, '2017-04-05 00:00:00'),
(1290, 90, '2017-04-05 00:00:00'),
(1291, 90, '2017-04-05 00:00:00'),
(1292, 90, '2017-04-05 00:00:00'),
(1293, 98, '2017-04-05 00:00:00'),
(1294, 90, '2017-04-05 00:00:00'),
(1295, 98, '2017-04-05 00:00:00'),
(1296, 90, '2017-04-05 00:00:00'),
(1297, 90, '2017-04-05 00:00:00'),
(1298, 90, '2017-04-05 00:00:00'),
(1299, 90, '2017-04-05 00:00:00'),
(1300, 90, '2017-04-05 00:00:00'),
(1301, 98, '2017-04-05 00:00:00'),
(1302, 90, '2017-04-05 00:00:00'),
(1303, 1, '2017-04-05 00:00:00'),
(1304, 1, '2017-04-05 00:00:00'),
(1305, 1, '2017-04-05 00:00:00'),
(1306, 1, '2017-04-05 00:00:00'),
(1307, 1, '2017-04-05 00:00:00'),
(1308, 98, '2017-04-05 00:00:00'),
(1309, 90, '2017-04-05 00:00:00'),
(1310, 98, '2017-04-05 00:00:00'),
(1311, 90, '2017-04-05 00:00:00'),
(1312, 90, '2017-04-05 00:00:00'),
(1313, 98, '2017-04-06 00:00:00'),
(1314, 98, '2017-04-06 00:00:00'),
(1315, 98, '2017-04-06 00:00:00'),
(1316, 98, '2017-04-06 00:00:00'),
(1317, 4, '2017-04-06 00:00:00'),
(1318, 4, '2017-04-06 00:00:00'),
(1319, 1, '2017-04-06 00:00:00'),
(1320, 1, '2017-04-06 00:00:00'),
(1321, 1, '2017-04-06 00:00:00'),
(1322, 1, '2017-04-06 00:00:00'),
(1323, 1, '2017-04-06 00:00:00'),
(1324, 1, '2017-04-06 00:00:00'),
(1325, 1, '2017-04-06 00:00:00'),
(1326, 7, '2017-04-06 00:00:00'),
(1327, 8, '2017-04-06 00:00:00'),
(1328, 8, '2017-04-06 00:00:00'),
(1329, 8, '2017-04-06 00:00:00'),
(1330, 8, '2017-04-06 00:00:00'),
(1331, 98, '2017-04-06 00:00:00'),
(1332, 1, '2017-04-06 00:00:00'),
(1333, 1, '2017-04-06 00:00:00'),
(1334, 1, '2017-04-06 00:00:00'),
(1335, 1, '2017-04-06 00:00:00'),
(1336, 1, '2017-04-06 00:00:00'),
(1337, 1, '2017-04-06 00:00:00'),
(1338, 1, '2017-04-06 00:00:00'),
(1339, 98, '2017-04-06 00:00:00'),
(1340, 3, '2017-04-07 00:00:00'),
(1341, 98, '2017-04-08 00:00:00'),
(1342, 1, '2017-04-08 00:00:00'),
(1343, 98, '2017-04-08 00:00:00'),
(1344, 1, '2017-04-08 00:00:00'),
(1345, 1, '2017-04-08 00:00:00'),
(1346, 1, '2017-04-08 00:00:00'),
(1347, 1, '2017-04-08 00:00:00'),
(1348, 1, '2017-04-08 00:00:00'),
(1349, 1, '2017-04-08 00:00:00'),
(1350, 1, '2017-04-08 00:00:00'),
(1351, 3, '2017-04-08 00:00:00'),
(1352, 3, '2017-04-08 00:00:00'),
(1353, 3, '2017-04-08 00:00:00'),
(1354, 3, '2017-04-08 00:00:00'),
(1355, 3, '2017-04-08 00:00:00'),
(1356, 3, '2017-04-08 00:00:00'),
(1357, 1, '2017-04-08 00:00:00'),
(1358, 1, '2017-04-08 00:00:00'),
(1359, 1, '2017-04-08 00:00:00'),
(1360, 1, '2017-04-08 00:00:00'),
(1361, 1, '2017-04-08 00:00:00'),
(1362, 1, '2017-04-09 00:00:00'),
(1363, 1, '2017-04-09 00:00:00'),
(1364, 1, '2017-04-09 00:00:00'),
(1365, 1, '2017-04-09 00:00:00'),
(1366, 1, '2017-04-09 00:00:00'),
(1367, 1, '2017-04-09 00:00:00'),
(1368, 1, '2017-04-11 00:00:00'),
(1369, 1, '2017-04-11 00:00:00'),
(1370, 1, '2017-04-11 00:00:00'),
(1371, 1, '2017-04-11 00:00:00'),
(1372, 1, '2017-04-11 00:00:00'),
(1373, 1, '2017-04-11 00:00:00'),
(1374, 1, '2017-04-11 00:00:00'),
(1375, 1, '2017-04-11 00:00:00'),
(1376, 1, '2017-04-12 00:00:00'),
(1377, 1, '2017-04-12 00:00:00'),
(1378, 1, '2017-04-12 00:00:00'),
(1379, 1, '2017-04-12 00:00:00'),
(1380, 1, '2017-04-12 00:00:00'),
(1381, 98, '2017-04-12 00:00:00'),
(1382, 98, '2017-04-12 00:00:00'),
(1383, 1, '2017-04-15 00:00:00'),
(1384, 1, '2017-04-16 00:00:00'),
(1385, 1, '2017-04-16 00:00:00'),
(1386, 1, '2017-04-16 00:00:00'),
(1387, 1, '2017-04-16 00:00:00'),
(1388, 1, '2017-04-16 00:00:00'),
(1389, 1, '2017-04-16 00:00:00'),
(1390, 1, '2017-04-16 00:00:00'),
(1391, 1, '2017-04-16 00:00:00'),
(1392, 1, '2017-04-16 00:00:00'),
(1393, 1, '2017-04-16 00:00:00'),
(1394, 1, '2017-04-16 00:00:00'),
(1395, 1, '2017-04-16 00:00:00'),
(1396, 1, '2017-04-16 00:00:00'),
(1397, 1, '2017-04-16 00:00:00'),
(1398, 1, '2017-04-16 00:00:00'),
(1399, 1, '2017-04-16 00:00:00'),
(1400, 1, '2017-04-16 00:00:00'),
(1401, 1, '2017-04-16 00:00:00'),
(1402, 1, '2017-04-16 00:00:00'),
(1403, 1, '2017-04-17 00:00:00'),
(1404, 1, '2017-04-17 00:00:00'),
(1405, 1, '2017-04-17 00:00:00'),
(1406, 1, '2017-04-17 00:00:00'),
(1407, 1, '2017-04-21 00:00:00'),
(1408, 1, '2017-04-21 00:00:00'),
(1409, 1, '2017-04-22 00:00:00'),
(1410, 1, '2017-04-22 00:00:00'),
(1411, 1, '2017-04-22 00:00:00'),
(1412, 1, '2017-04-23 00:00:00'),
(1413, 1, '2017-04-24 00:00:00'),
(1414, 98, '2017-04-25 00:00:00'),
(1415, 99, '2017-04-25 00:00:00'),
(1416, 99, '2017-04-25 00:00:00'),
(1417, 98, '2017-04-25 00:00:00'),
(1418, 99, '2017-04-25 00:00:00'),
(1419, 99, '2017-04-25 00:00:00'),
(1420, 98, '2017-04-25 00:00:00'),
(1421, 98, '2017-04-25 00:00:00'),
(1422, 98, '2017-04-25 00:00:00'),
(1423, 99, '2017-04-26 00:00:00'),
(1424, 99, '2017-04-26 00:00:00'),
(1425, 99, '2017-04-26 00:00:00'),
(1426, 98, '2017-04-26 00:00:00'),
(1427, 99, '2017-04-26 00:00:00'),
(1428, 90, '2017-04-26 00:00:00'),
(1429, 90, '2017-04-26 00:00:00'),
(1430, 90, '2017-04-26 00:00:00'),
(1431, 100, '2017-04-26 00:00:00'),
(1432, 90, '2017-04-26 00:00:00'),
(1433, 100, '2017-04-26 00:00:00'),
(1434, 99, '2017-04-26 00:00:00'),
(1435, 99, '2017-04-27 00:00:00'),
(1436, 1, '2017-04-27 00:00:00'),
(1437, 1, '2017-04-27 00:00:00'),
(1438, 1, '2017-04-27 00:00:00'),
(1439, 99, '2017-04-27 00:00:00'),
(1440, 98, '2017-04-27 00:00:00'),
(1441, 100, '2017-04-27 00:00:00'),
(1442, 100, '2017-04-28 00:00:00'),
(1443, 100, '2017-04-29 00:00:00'),
(1444, 98, '2017-04-29 00:00:00'),
(1445, 100, '2017-04-29 00:00:00'),
(1446, 99, '2017-04-29 00:00:00'),
(1447, 99, '2017-04-29 00:00:00'),
(1448, 1, '2017-04-29 00:00:00'),
(1449, 99, '2017-04-29 00:00:00'),
(1450, 1, '2017-04-29 00:00:00'),
(1451, 1, '2017-04-29 00:00:00'),
(1452, 99, '2017-04-29 00:00:00'),
(1453, 99, '2017-04-29 00:00:00'),
(1454, 1, '2017-04-29 00:00:00'),
(1455, 99, '2017-04-29 00:00:00'),
(1456, 1, '2017-04-29 00:00:00'),
(1457, 1, '2017-04-29 00:00:00'),
(1458, 1, '2017-04-29 00:00:00'),
(1459, 1, '2017-04-29 00:00:00'),
(1460, 1, '2017-04-29 00:00:00'),
(1461, 1, '2017-04-29 00:00:00'),
(1462, 1, '2017-04-29 00:00:00'),
(1463, 1, '2017-05-02 00:00:00'),
(1464, 1, '2017-05-02 00:00:00'),
(1465, 1, '2017-05-02 00:00:00'),
(1466, 2, '2017-05-02 00:00:00'),
(1467, 1, '2017-05-02 00:00:00'),
(1468, 2, '2017-05-03 00:00:00'),
(1469, 1, '2017-05-04 00:00:00'),
(1470, 99, '2017-05-04 00:00:00'),
(1471, 1, '2017-05-04 00:00:00'),
(1472, 1, '2017-05-04 00:00:00'),
(1473, 1, '2017-05-04 00:00:00'),
(1474, 1, '2017-05-04 00:00:00'),
(1475, 99, '2017-05-04 00:00:00'),
(1476, 99, '2017-05-04 00:00:00'),
(1477, 99, '2017-05-04 00:00:00'),
(1478, 99, '2017-05-05 00:00:00'),
(1479, 99, '2017-05-05 00:00:00'),
(1480, 99, '2017-05-05 00:00:00'),
(1481, 99, '2017-05-05 00:00:00'),
(1482, 98, '2017-05-05 00:00:00'),
(1483, 99, '2017-05-05 00:00:00'),
(1484, 99, '2017-05-05 00:00:00'),
(1485, 99, '2017-05-05 00:00:00'),
(1486, 99, '2017-05-05 00:00:00'),
(1487, 1, '2017-05-05 00:00:00'),
(1488, 99, '2017-05-05 00:00:00'),
(1489, 99, '2017-05-06 00:00:00'),
(1490, 99, '2017-05-06 00:00:00'),
(1491, 99, '2017-05-06 00:00:00'),
(1492, 99, '2017-05-06 00:00:00'),
(1493, 99, '2017-05-06 00:00:00'),
(1494, 99, '2017-05-06 00:00:00'),
(1495, 99, '2017-05-06 00:00:00'),
(1496, 99, '2017-05-06 00:00:00'),
(1497, 99, '2017-05-06 00:00:00'),
(1498, 99, '2017-05-06 00:00:00'),
(1499, 99, '2017-05-06 00:00:00'),
(1500, 99, '2017-05-06 00:00:00'),
(1501, 99, '2017-05-06 00:00:00'),
(1502, 99, '2017-05-06 00:00:00'),
(1503, 99, '2017-05-06 00:00:00'),
(1504, 99, '2017-05-06 00:00:00'),
(1505, 99, '2017-05-06 00:00:00'),
(1506, 99, '2017-05-06 00:00:00'),
(1507, 99, '2017-05-06 00:00:00'),
(1508, 99, '2017-05-06 00:00:00'),
(1509, 99, '2017-05-06 00:00:00'),
(1510, 98, '2017-05-06 00:00:00'),
(1511, 4, '2017-05-07 00:00:00'),
(1512, 45, '2017-05-07 00:00:00'),
(1513, 1, '2017-05-07 00:00:00'),
(1514, 1, '2017-05-08 00:00:00'),
(1515, 98, '2017-05-10 00:00:00'),
(1516, 1, '2017-05-10 00:00:00'),
(1517, 1, '2017-05-14 00:00:00'),
(1518, 2, '2017-05-14 00:00:00'),
(1519, 3, '2017-05-14 00:00:00'),
(1520, 4, '2017-05-14 00:00:00'),
(1521, 5, '2017-05-14 00:00:00'),
(1522, 2, '2017-05-15 00:00:00'),
(1523, 2, '2017-05-15 00:00:00'),
(1524, 2, '2017-05-15 00:00:00'),
(1525, 3, '2017-05-15 00:00:00'),
(1526, 1, '2017-05-16 00:00:00'),
(1527, 1, '2017-05-16 00:00:00'),
(1528, 1, '2017-05-16 00:00:00'),
(1529, 1, '2017-05-16 00:00:00'),
(1530, 1, '2017-05-16 00:00:00'),
(1531, 1, '2017-05-16 00:00:00'),
(1532, 1, '2017-05-16 00:00:00'),
(1533, 1, '2017-05-16 00:00:00'),
(1534, 3, '2017-05-16 00:00:00'),
(1535, 1, '2017-05-16 00:00:00'),
(1536, 1, '2017-05-16 00:00:00'),
(1537, 1, '2017-05-16 00:00:00'),
(1538, 1, '2017-05-16 00:00:00'),
(1539, 1, '2017-05-16 00:00:00'),
(1540, 1, '2017-05-16 00:00:00'),
(1541, 1, '2017-05-16 00:00:00'),
(1542, 1, '2017-05-16 00:00:00'),
(1543, 4, '2017-05-16 00:00:00'),
(1544, 1, '2017-05-16 00:00:00'),
(1545, 1, '2017-05-17 00:00:00'),
(1546, 1, '2017-05-18 00:00:00'),
(1547, 1, '2017-05-18 00:00:00'),
(1548, 1, '2017-05-18 00:00:00'),
(1549, 1, '2017-05-18 00:00:00'),
(1550, 1, '2017-05-18 00:00:00'),
(1551, 1, '2017-05-18 00:00:00'),
(1552, 1, '2017-05-18 00:00:00'),
(1553, 1, '2017-05-18 00:00:00'),
(1554, 45, '2017-05-18 00:00:00'),
(1555, 1, '2017-05-18 00:00:00'),
(1556, 1, '2017-05-18 00:00:00'),
(1557, 1, '2017-05-18 00:00:00'),
(1558, 1, '2017-05-18 00:00:00'),
(1559, 2, '2017-05-18 00:00:00'),
(1560, 1, '2017-05-18 00:00:00'),
(1561, 1, '2017-05-18 00:00:00'),
(1562, 2, '2017-05-19 00:00:00'),
(1563, 1, '2017-05-21 00:00:00'),
(1564, 1, '2017-05-22 00:00:00'),
(1565, 1, '2017-05-22 00:00:00'),
(1566, 1, '2017-05-22 00:00:00'),
(1567, 1, '2017-05-22 00:00:00'),
(1568, 1, '2017-05-22 00:00:00'),
(1569, 1, '2017-05-22 00:00:00'),
(1570, 1, '2017-05-22 00:00:00'),
(1571, 1, '2017-05-22 00:00:00'),
(1572, 1, '2017-05-22 00:00:00'),
(1573, 1, '2017-05-22 00:00:00'),
(1574, 1, '2017-05-22 00:00:00'),
(1575, 1, '2017-05-22 00:00:00'),
(1576, 1, '2017-05-22 00:00:00'),
(1577, 1, '2017-05-22 00:00:00'),
(1578, 1, '2017-05-22 00:00:00'),
(1579, 1, '2017-05-22 00:00:00'),
(1580, 7, '2017-05-22 00:00:00'),
(1581, 1, '2017-05-22 00:00:00'),
(1582, 1, '2017-05-22 00:00:00'),
(1583, 2, '2017-05-22 00:00:00'),
(1584, 1, '2017-05-22 00:00:00'),
(1585, 7, '2017-05-22 00:00:00'),
(1586, 5, '2017-05-22 00:00:00'),
(1587, 3, '2017-05-22 00:00:00');
INSERT INTO `jianghu_login_count` (`id`, `user_id`, `date`) VALUES
(1588, 4, '2017-05-22 00:00:00'),
(1589, 1, '2017-05-22 00:00:00'),
(1590, 1, '2017-05-22 00:00:00'),
(1591, 1, '2017-05-22 00:00:00'),
(1592, 1, '2017-05-22 00:00:00'),
(1593, 1, '2017-05-22 00:00:00'),
(1594, 1, '2017-05-22 00:00:00'),
(1595, 1, '2017-05-22 00:00:00'),
(1596, 1, '2017-05-22 00:00:00'),
(1597, 4, '2017-05-22 00:00:00'),
(1598, 1, '2017-05-23 00:00:00'),
(1599, 1, '2017-05-23 00:00:00'),
(1600, 1, '2017-05-23 00:00:00'),
(1601, 1, '2017-05-23 00:00:00'),
(1602, 1, '2017-05-23 00:00:00'),
(1603, 1, '2017-05-23 00:00:00'),
(1604, 1, '2017-05-23 00:00:00'),
(1605, 1, '2017-05-23 00:00:00'),
(1606, 1, '2017-05-23 00:00:00'),
(1607, 1, '2017-05-23 00:00:00'),
(1608, 1, '2017-05-23 00:00:00'),
(1609, 1, '2017-05-23 00:00:00'),
(1610, 1, '2017-05-23 00:00:00'),
(1611, 2, '2017-05-23 00:00:00'),
(1612, 1, '2017-05-23 00:00:00'),
(1613, 1, '2017-05-23 00:00:00'),
(1614, 2, '2017-05-23 00:00:00'),
(1615, 2, '2017-05-23 00:00:00'),
(1616, 2, '2017-05-23 00:00:00'),
(1617, 2, '2017-05-23 00:00:00'),
(1618, 2, '2017-05-23 00:00:00'),
(1619, 2, '2017-05-23 00:00:00'),
(1620, 2, '2017-05-23 00:00:00'),
(1621, 2, '2017-05-23 00:00:00'),
(1622, 2, '2017-05-23 00:00:00'),
(1623, 2, '2017-05-23 00:00:00'),
(1624, 2, '2017-05-23 00:00:00'),
(1625, 2, '2017-05-23 00:00:00'),
(1626, 2, '2017-05-23 00:00:00'),
(1627, 2, '2017-05-23 00:00:00'),
(1628, 2, '2017-05-23 00:00:00'),
(1629, 2, '2017-05-23 00:00:00'),
(1630, 2, '2017-05-23 00:00:00'),
(1631, 2, '2017-05-23 00:00:00'),
(1632, 2, '2017-05-23 00:00:00'),
(1633, 2, '2017-05-23 00:00:00'),
(1634, 2, '2017-05-23 00:00:00'),
(1635, 2, '2017-05-23 00:00:00'),
(1636, 2, '2017-05-23 00:00:00'),
(1637, 2, '2017-05-23 00:00:00'),
(1638, 2, '2017-05-23 00:00:00'),
(1639, 2, '2017-05-23 00:00:00'),
(1640, 2, '2017-05-23 00:00:00'),
(1641, 2, '2017-05-23 00:00:00'),
(1642, 2, '2017-05-23 00:00:00'),
(1643, 2, '2017-05-23 00:00:00'),
(1644, 2, '2017-05-23 00:00:00'),
(1645, 2, '2017-05-23 00:00:00'),
(1646, 2, '2017-05-23 00:00:00'),
(1647, 2, '2017-05-23 00:00:00'),
(1648, 2, '2017-05-23 00:00:00'),
(1649, 2, '2017-05-23 00:00:00'),
(1650, 2, '2017-05-23 00:00:00'),
(1651, 2, '2017-05-24 00:00:00'),
(1652, 99, '2017-06-01 00:00:00'),
(1653, 99, '2017-06-01 00:00:00'),
(1654, 99, '2017-06-01 00:00:00'),
(1655, 99, '2017-06-01 00:00:00'),
(1656, 99, '2017-06-01 00:00:00'),
(1657, 90, '2017-06-01 00:00:00'),
(1658, 90, '2017-06-01 00:00:00'),
(1659, 90, '2017-06-01 00:00:00'),
(1660, 90, '2017-06-01 00:00:00'),
(1661, 90, '2017-06-01 00:00:00'),
(1662, 90, '2017-06-01 00:00:00'),
(1663, 90, '2017-06-01 00:00:00'),
(1664, 90, '2017-06-01 00:00:00'),
(1665, 90, '2017-06-01 00:00:00'),
(1666, 90, '2017-06-01 00:00:00'),
(1667, 10, '2017-06-01 00:00:00'),
(1668, 10, '2017-06-01 00:00:00'),
(1669, 10, '2017-06-01 00:00:00'),
(1670, 10, '2017-06-01 00:00:00'),
(1671, 1, '2017-06-01 00:00:00'),
(1672, 1, '2017-06-01 00:00:00'),
(1673, 1, '2017-06-01 00:00:00'),
(1674, 1, '2017-06-01 00:00:00'),
(1675, 1, '2017-06-01 00:00:00'),
(1676, 7, '2017-06-01 00:00:00'),
(1677, 7, '2017-06-01 00:00:00'),
(1678, 7, '2017-06-01 00:00:00'),
(1679, 98, '2017-06-01 00:00:00'),
(1680, 98, '2017-06-01 00:00:00'),
(1681, 98, '2017-06-01 00:00:00'),
(1682, 98, '2017-06-01 00:00:00'),
(1683, 98, '2017-06-01 00:00:00'),
(1684, 98, '2017-06-01 00:00:00'),
(1685, 98, '2017-06-01 00:00:00'),
(1686, 90, '2017-06-01 00:00:00'),
(1687, 99, '2017-06-01 00:00:00'),
(1688, 99, '2017-06-01 00:00:00'),
(1689, 99, '2017-06-01 00:00:00'),
(1690, 99, '2017-06-01 00:00:00'),
(1691, 99, '2017-06-01 00:00:00'),
(1692, 99, '2017-06-01 00:00:00'),
(1693, 99, '2017-06-01 00:00:00'),
(1694, 2, '2017-06-01 00:00:00'),
(1695, 2, '2017-06-01 00:00:00'),
(1696, 90, '2017-06-01 00:00:00'),
(1697, 99, '2017-06-01 00:00:00'),
(1698, 99, '2017-06-01 00:00:00'),
(1699, 99, '2017-06-01 00:00:00'),
(1700, 99, '2017-06-01 00:00:00'),
(1701, 99, '2017-06-01 00:00:00'),
(1702, 99, '2017-06-01 00:00:00'),
(1703, 99, '2017-06-01 00:00:00'),
(1704, 99, '2017-06-01 00:00:00'),
(1705, 99, '2017-06-01 00:00:00'),
(1706, 99, '2017-06-01 00:00:00'),
(1707, 99, '2017-06-01 00:00:00'),
(1708, 4, '2017-06-01 00:00:00'),
(1709, 4, '2017-06-01 00:00:00'),
(1710, 1, '2017-06-01 00:00:00'),
(1711, 99, '2017-06-01 00:00:00'),
(1712, 1, '2017-06-02 00:00:00'),
(1713, 99, '2017-06-02 00:00:00'),
(1714, 99, '2017-06-02 00:00:00'),
(1715, 99, '2017-06-02 00:00:00'),
(1716, 99, '2017-06-02 00:00:00'),
(1717, 99, '2017-06-02 00:00:00'),
(1718, 99, '2017-06-02 00:00:00'),
(1719, 98, '2017-06-02 00:00:00'),
(1720, 98, '2017-06-02 00:00:00'),
(1721, 98, '2017-06-02 00:00:00'),
(1722, 98, '2017-06-03 00:00:00'),
(1723, 98, '2017-06-03 00:00:00'),
(1724, 1, '2017-06-03 00:00:00'),
(1725, 2, '2017-06-03 00:00:00'),
(1726, 98, '2017-06-05 00:00:00'),
(1727, 99, '2017-06-05 00:00:00'),
(1728, 98, '2017-06-05 00:00:00'),
(1729, 99, '2017-06-05 00:00:00'),
(1730, 99, '2017-06-05 00:00:00'),
(1731, 99, '2017-06-05 00:00:00'),
(1732, 98, '2017-06-05 00:00:00'),
(1733, 98, '2017-06-05 00:00:00'),
(1734, 98, '2017-06-05 00:00:00'),
(1735, 98, '2017-06-05 00:00:00'),
(1736, 1, '2017-06-05 00:00:00'),
(1737, 1, '2017-06-05 00:00:00'),
(1738, 1, '2017-06-05 00:00:00'),
(1739, 2, '2017-06-05 00:00:00'),
(1740, 99, '2017-06-05 00:00:00'),
(1741, 99, '2017-06-05 00:00:00'),
(1742, 99, '2017-06-05 00:00:00'),
(1743, 99, '2017-06-05 00:00:00'),
(1744, 99, '2017-06-05 00:00:00'),
(1745, 99, '2017-06-05 00:00:00'),
(1746, 99, '2017-06-05 00:00:00'),
(1747, 99, '2017-06-05 00:00:00'),
(1748, 99, '2017-06-05 00:00:00'),
(1749, 99, '2017-06-05 00:00:00'),
(1750, 99, '2017-06-05 00:00:00'),
(1751, 99, '2017-06-05 00:00:00'),
(1752, 99, '2017-06-05 00:00:00'),
(1753, 99, '2017-06-05 00:00:00'),
(1754, 99, '2017-06-05 00:00:00'),
(1755, 99, '2017-06-05 00:00:00'),
(1756, 99, '2017-06-05 00:00:00'),
(1757, 99, '2017-06-05 00:00:00'),
(1758, 99, '2017-06-05 00:00:00'),
(1759, 99, '2017-06-05 00:00:00'),
(1760, 2, '2017-06-05 00:00:00'),
(1761, 2, '2017-06-05 00:00:00'),
(1762, 2, '2017-06-05 00:00:00'),
(1763, 2, '2017-06-05 00:00:00'),
(1764, 2, '2017-06-05 00:00:00'),
(1765, 2, '2017-06-05 00:00:00'),
(1766, 2, '2017-06-06 00:00:00'),
(1767, 99, '2017-06-06 00:00:00'),
(1768, 99, '2017-06-06 00:00:00'),
(1769, 99, '2017-06-06 00:00:00'),
(1770, 98, '2017-06-06 00:00:00'),
(1771, 98, '2017-06-06 00:00:00'),
(1772, 100, '2017-06-06 00:00:00'),
(1773, 98, '2017-06-06 00:00:00'),
(1774, 99, '2017-06-06 00:00:00'),
(1775, 100, '2017-06-06 00:00:00'),
(1776, 98, '2017-06-06 00:00:00'),
(1777, 98, '2017-06-06 00:00:00'),
(1778, 98, '2017-06-06 00:00:00'),
(1779, 99, '2017-06-06 00:00:00'),
(1780, 100, '2017-06-06 00:00:00'),
(1781, 98, '2017-06-06 00:00:00'),
(1782, 98, '2017-06-06 00:00:00'),
(1783, 99, '2017-06-06 00:00:00'),
(1784, 100, '2017-06-06 00:00:00'),
(1785, 98, '2017-06-06 00:00:00'),
(1786, 99, '2017-06-06 00:00:00'),
(1787, 100, '2017-06-06 00:00:00'),
(1788, 100, '2017-06-07 00:00:00'),
(1789, 100, '2017-06-07 00:00:00'),
(1790, 2, '2017-06-07 00:00:00'),
(1791, 100, '2017-06-08 00:00:00'),
(1792, 1, '2017-06-09 00:00:00'),
(1793, 100, '2017-06-10 00:00:00'),
(1794, 100, '2017-06-10 00:00:00'),
(1795, 99, '2017-06-10 00:00:00'),
(1796, 1, '2017-06-12 00:00:00'),
(1797, 1, '2017-06-12 00:00:00'),
(1798, 1, '2017-06-12 00:00:00'),
(1799, 1, '2017-06-12 00:00:00'),
(1800, 1, '2017-06-12 00:00:00'),
(1801, 99, '2017-06-15 00:00:00'),
(1802, 99, '2017-06-15 00:00:00'),
(1803, 1, '2017-06-18 00:00:00'),
(1804, 1, '2017-06-18 00:00:00'),
(1805, 1, '2017-06-18 00:00:00'),
(1806, 2, '2017-06-18 00:00:00'),
(1807, 99, '2017-06-18 00:00:00'),
(1808, 99, '2017-06-18 00:00:00'),
(1809, 2, '2017-06-18 00:00:00'),
(1810, 2, '2017-06-18 00:00:00'),
(1811, 2, '2017-06-18 00:00:00'),
(1812, 2, '2017-06-18 00:00:00'),
(1813, 1, '2017-06-18 00:00:00'),
(1814, 1, '2017-06-18 00:00:00'),
(1815, 2, '2017-06-18 00:00:00'),
(1816, 1, '2017-06-18 00:00:00'),
(1817, 1, '2017-06-19 00:00:00'),
(1818, 99, '2017-06-19 00:00:00'),
(1819, 99, '2017-06-19 00:00:00'),
(1820, 99, '2017-06-19 00:00:00'),
(1821, 99, '2017-06-19 00:00:00'),
(1822, 99, '2017-06-19 00:00:00'),
(1823, 101, '2017-06-20 00:00:00'),
(1824, 99, '2017-06-20 00:00:00'),
(1825, 99, '2017-06-20 00:00:00'),
(1826, 98, '2017-06-20 00:00:00'),
(1827, 98, '2017-06-20 00:00:00'),
(1828, 1, '2017-06-20 00:00:00'),
(1829, 1, '2017-06-20 00:00:00'),
(1830, 1, '2017-06-20 00:00:00'),
(1831, 1, '2017-06-20 00:00:00'),
(1832, 1, '2017-06-20 00:00:00'),
(1833, 98, '2017-06-20 00:00:00'),
(1834, 98, '2017-06-20 00:00:00'),
(1835, 101, '2017-06-20 00:00:00'),
(1836, 98, '2017-06-20 00:00:00'),
(1837, 98, '2017-06-20 00:00:00'),
(1838, 101, '2017-06-20 00:00:00'),
(1839, 98, '2017-06-21 00:00:00'),
(1840, 98, '2017-06-21 00:00:00'),
(1841, 98, '2017-06-21 00:00:00'),
(1842, 99, '2017-06-21 00:00:00'),
(1843, 98, '2017-06-21 00:00:00'),
(1844, 98, '2017-06-21 00:00:00'),
(1845, 98, '2017-06-21 00:00:00'),
(1846, 98, '2017-06-21 00:00:00'),
(1847, 98, '2017-06-21 00:00:00'),
(1848, 98, '2017-06-21 00:00:00'),
(1849, 98, '2017-06-21 00:00:00'),
(1850, 98, '2017-06-21 00:00:00'),
(1851, 98, '2017-06-21 00:00:00'),
(1852, 100, '2017-06-21 00:00:00'),
(1853, 100, '2017-06-21 00:00:00'),
(1854, 99, '2017-06-21 00:00:00'),
(1855, 1, '2017-06-21 00:00:00'),
(1856, 98, '2017-06-21 00:00:00'),
(1857, 98, '2017-06-22 00:00:00'),
(1858, 98, '2017-06-22 00:00:00'),
(1859, 100, '2017-06-22 00:00:00'),
(1860, 99, '2017-06-23 00:00:00'),
(1861, 98, '2017-06-23 00:00:00'),
(1862, 100, '2017-06-23 00:00:00'),
(1863, 100, '2017-06-27 00:00:00'),
(1864, 100, '2017-06-27 00:00:00'),
(1865, 98, '2017-06-27 00:00:00'),
(1866, 98, '2017-06-27 00:00:00'),
(1867, 1, '2017-06-30 00:00:00'),
(1868, 98, '2017-06-30 00:00:00'),
(1869, 99, '2017-06-30 00:00:00'),
(1870, 98, '2017-06-30 00:00:00'),
(1871, 98, '2017-06-30 00:00:00'),
(1872, 98, '2017-07-01 00:00:00'),
(1873, 98, '2017-07-01 00:00:00'),
(1874, 98, '2017-07-01 00:00:00'),
(1875, 98, '2017-07-01 00:00:00'),
(1876, 98, '2017-07-01 00:00:00'),
(1877, 100, '2017-07-01 00:00:00'),
(1878, 90, '2017-07-01 00:00:00'),
(1879, 90, '2017-07-01 00:00:00'),
(1880, 90, '2017-07-01 00:00:00'),
(1881, 98, '2017-07-01 00:00:00'),
(1882, 98, '2017-07-01 00:00:00'),
(1883, 98, '2017-07-01 00:00:00'),
(1884, 99, '2017-07-01 00:00:00'),
(1885, 100, '2017-07-01 00:00:00'),
(1886, 98, '2017-07-01 00:00:00'),
(1887, 99, '2017-07-01 00:00:00'),
(1888, 100, '2017-07-01 00:00:00'),
(1889, 98, '2017-07-01 00:00:00'),
(1890, 99, '2017-07-01 00:00:00'),
(1891, 98, '2017-07-01 00:00:00'),
(1892, 98, '2017-07-01 00:00:00'),
(1893, 98, '2017-07-01 00:00:00'),
(1894, 98, '2017-07-03 00:00:00'),
(1895, 98, '2017-07-04 00:00:00'),
(1896, 1, '2017-07-05 00:00:00'),
(1897, 1, '2017-07-05 00:00:00'),
(1898, 101, '2017-07-06 00:00:00'),
(1899, 1, '2017-07-07 00:00:00'),
(1900, 98, '2017-07-07 00:00:00'),
(1901, 1, '2017-07-08 00:00:00'),
(1902, 98, '2017-07-08 00:00:00'),
(1903, 98, '2017-07-08 00:00:00'),
(1904, 98, '2017-07-08 00:00:00'),
(1905, 98, '2017-07-08 00:00:00'),
(1906, 98, '2017-07-08 00:00:00'),
(1907, 98, '2017-07-08 00:00:00'),
(1908, 93, '2017-07-08 00:00:00'),
(1909, 90, '2017-07-08 00:00:00'),
(1910, 90, '2017-07-08 00:00:00'),
(1911, 90, '2017-07-08 00:00:00'),
(1912, 98, '2017-07-08 00:00:00'),
(1913, 99, '2017-07-08 00:00:00'),
(1914, 101, '2017-07-11 00:00:00'),
(1915, 101, '2017-07-14 00:00:00'),
(1916, 1, '2017-07-16 00:00:00'),
(1917, 1, '2017-07-16 00:00:00'),
(1918, 1, '2017-07-16 00:00:00'),
(1919, 1, '2017-07-16 00:00:00'),
(1920, 1, '2017-07-16 00:00:00'),
(1921, 1, '2017-07-16 00:00:00'),
(1922, 1, '2017-07-16 00:00:00'),
(1923, 1, '2017-07-16 00:00:00'),
(1924, 1, '2017-07-16 00:00:00'),
(1925, 1, '2017-07-16 00:00:00'),
(1926, 1, '2017-07-16 00:00:00'),
(1927, 1, '2017-07-16 00:00:00'),
(1928, 1, '2017-07-16 00:00:00'),
(1929, 1, '2017-07-16 00:00:00'),
(1930, 1, '2017-07-16 00:00:00'),
(1931, 1, '2017-07-16 00:00:00'),
(1932, 1, '2017-07-16 00:00:00'),
(1933, 93, '2017-07-16 00:00:00'),
(1934, 93, '2017-07-16 00:00:00'),
(1935, 1, '2017-07-16 00:00:00'),
(1936, 1, '2017-07-17 00:00:00'),
(1937, 1, '2017-07-17 00:00:00'),
(1938, 93, '2017-07-17 00:00:00'),
(1939, 93, '2017-07-17 00:00:00'),
(1940, 93, '2017-07-17 00:00:00'),
(1941, 93, '2017-07-17 00:00:00'),
(1942, 93, '2017-07-17 00:00:00'),
(1943, 93, '2017-07-17 00:00:00'),
(1944, 93, '2017-07-17 00:00:00'),
(1945, 93, '2017-07-19 00:00:00'),
(1946, 93, '2017-07-19 00:00:00'),
(1947, 93, '2017-07-19 00:00:00'),
(1948, 93, '2017-07-19 00:00:00'),
(1949, 93, '2017-07-19 00:00:00'),
(1950, 93, '2017-07-19 00:00:00'),
(1951, 93, '2017-07-19 00:00:00'),
(1952, 93, '2017-07-19 00:00:00'),
(1953, 93, '2017-07-19 00:00:00'),
(1954, 93, '2017-07-19 00:00:00'),
(1955, 93, '2017-07-19 00:00:00'),
(1956, 93, '2017-07-19 00:00:00'),
(1957, 93, '2017-07-19 00:00:00'),
(1958, 93, '2017-07-19 00:00:00'),
(1959, 93, '2017-07-19 00:00:00'),
(1960, 93, '2017-07-19 00:00:00'),
(1961, 93, '2017-07-19 00:00:00'),
(1962, 93, '2017-07-19 00:00:00'),
(1963, 93, '2017-07-19 00:00:00'),
(1964, 93, '2017-07-19 00:00:00'),
(1965, 93, '2017-07-19 00:00:00'),
(1966, 93, '2017-07-19 00:00:00'),
(1967, 93, '2017-07-19 00:00:00'),
(1968, 1, '2017-07-19 00:00:00'),
(1969, 93, '2017-07-19 00:00:00'),
(1970, 93, '2017-07-19 00:00:00'),
(1971, 93, '2017-07-19 00:00:00'),
(1972, 93, '2017-07-19 00:00:00'),
(1973, 1, '2017-07-19 00:00:00'),
(1974, 1, '2017-07-19 00:00:00'),
(1975, 1, '2017-07-19 00:00:00'),
(1976, 93, '2017-07-19 00:00:00'),
(1977, 93, '2017-07-19 00:00:00'),
(1978, 93, '2017-07-19 00:00:00'),
(1979, 93, '2017-07-19 00:00:00'),
(1980, 93, '2017-07-19 00:00:00'),
(1981, 93, '2017-07-19 00:00:00'),
(1982, 93, '2017-07-20 00:00:00'),
(1983, 99, '2017-07-20 00:00:00'),
(1984, 101, '2017-07-24 00:00:00'),
(1985, 1, '2017-07-24 00:00:00'),
(1986, 1, '2017-07-24 00:00:00'),
(1987, 101, '2017-07-25 00:00:00'),
(1988, 101, '2017-07-25 00:00:00'),
(1989, 1, '2017-07-25 00:00:00'),
(1990, 1, '2017-07-25 00:00:00'),
(1991, 1, '2017-07-25 00:00:00'),
(1992, 1, '2017-07-25 00:00:00'),
(1993, 93, '2017-07-25 00:00:00'),
(1994, 1, '2017-07-26 00:00:00'),
(1995, 99, '2017-07-27 00:00:00'),
(1996, 102, '2017-07-27 00:00:00'),
(1997, 102, '2017-07-27 00:00:00'),
(1998, 102, '2017-07-27 00:00:00'),
(1999, 93, '2017-07-27 00:00:00'),
(2000, 93, '2017-07-27 00:00:00'),
(2001, 99, '2017-07-28 00:00:00'),
(2002, 99, '2017-07-28 00:00:00'),
(2003, 99, '2017-07-28 00:00:00'),
(2004, 99, '2017-07-28 00:00:00'),
(2005, 99, '2017-07-28 00:00:00'),
(2006, 99, '2017-07-28 00:00:00'),
(2007, 99, '2017-07-28 00:00:00'),
(2008, 99, '2017-07-28 00:00:00'),
(2009, 93, '2017-07-29 00:00:00'),
(2010, 93, '2017-07-29 00:00:00'),
(2011, 99, '2017-07-29 00:00:00'),
(2012, 99, '2017-07-29 00:00:00'),
(2013, 99, '2017-07-29 00:00:00'),
(2014, 98, '2017-07-29 00:00:00'),
(2015, 98, '2017-07-29 00:00:00'),
(2016, 99, '2017-07-29 00:00:00'),
(2017, 98, '2017-07-29 00:00:00'),
(2018, 98, '2017-07-29 00:00:00'),
(2019, 100, '2017-07-29 00:00:00'),
(2020, 99, '2017-07-29 00:00:00'),
(2021, 98, '2017-07-29 00:00:00'),
(2022, 99, '2017-07-29 00:00:00'),
(2023, 100, '2017-07-29 00:00:00'),
(2024, 99, '2017-07-29 00:00:00'),
(2025, 99, '2017-07-29 00:00:00'),
(2026, 101, '2017-07-29 00:00:00'),
(2027, 99, '2017-07-29 00:00:00'),
(2028, 100, '2017-07-30 00:00:00'),
(2029, 98, '2017-07-30 00:00:00'),
(2030, 1, '2017-08-02 00:00:00'),
(2031, 93, '2017-08-02 00:00:00'),
(2032, 93, '2017-08-02 00:00:00'),
(2033, 93, '2017-08-02 00:00:00'),
(2034, 93, '2017-08-02 00:00:00'),
(2035, 93, '2017-08-02 00:00:00'),
(2036, 93, '2017-08-02 00:00:00'),
(2037, 93, '2017-08-02 00:00:00'),
(2038, 93, '2017-08-02 00:00:00'),
(2039, 93, '2017-08-02 00:00:00'),
(2040, 99, '2017-08-02 00:00:00'),
(2041, 98, '2017-08-02 00:00:00'),
(2042, 93, '2017-08-02 00:00:00'),
(2043, 99, '2017-08-02 00:00:00'),
(2044, 99, '2017-08-03 00:00:00'),
(2045, 99, '2017-08-03 00:00:00'),
(2046, 99, '2017-08-03 00:00:00'),
(2047, 98, '2017-08-03 00:00:00'),
(2048, 98, '2017-08-03 00:00:00'),
(2049, 98, '2017-08-03 00:00:00'),
(2050, 98, '2017-08-03 00:00:00'),
(2051, 98, '2017-08-03 00:00:00'),
(2052, 93, '2017-08-03 00:00:00'),
(2053, 99, '2017-08-03 00:00:00'),
(2054, 99, '2017-08-03 00:00:00'),
(2055, 98, '2017-08-03 00:00:00'),
(2056, 93, '2017-08-03 00:00:00'),
(2057, 93, '2017-08-03 00:00:00'),
(2058, 93, '2017-08-03 00:00:00'),
(2059, 2, '2017-08-03 00:00:00'),
(2060, 2, '2017-08-03 00:00:00'),
(2061, 1, '2017-08-03 00:00:00'),
(2062, 99, '2017-08-03 00:00:00'),
(2063, 98, '2017-08-03 00:00:00'),
(2064, 2, '2017-08-03 00:00:00'),
(2065, 2, '2017-08-03 00:00:00'),
(2066, 98, '2017-08-03 00:00:00'),
(2067, 98, '2017-08-03 00:00:00'),
(2068, 99, '2017-08-03 00:00:00'),
(2069, 93, '2017-08-03 00:00:00'),
(2070, 98, '2017-08-03 00:00:00'),
(2071, 99, '2017-08-03 00:00:00'),
(2072, 99, '2017-08-03 00:00:00'),
(2073, 99, '2017-08-03 00:00:00'),
(2074, 99, '2017-08-03 00:00:00'),
(2075, 99, '2017-08-03 00:00:00'),
(2076, 99, '2017-08-03 00:00:00'),
(2077, 2, '2017-08-03 00:00:00'),
(2078, 2, '2017-08-03 00:00:00'),
(2079, 2, '2017-08-03 00:00:00'),
(2080, 99, '2017-08-03 00:00:00'),
(2081, 99, '2017-08-03 00:00:00'),
(2082, 2, '2017-08-03 00:00:00'),
(2083, 2, '2017-08-03 00:00:00'),
(2084, 2, '2017-08-03 00:00:00'),
(2085, 2, '2017-08-03 00:00:00'),
(2086, 2, '2017-08-03 00:00:00'),
(2087, 2, '2017-08-03 00:00:00'),
(2088, 2, '2017-08-03 00:00:00'),
(2089, 2, '2017-08-03 00:00:00'),
(2090, 2, '2017-08-03 00:00:00'),
(2091, 2, '2017-08-03 00:00:00'),
(2092, 2, '2017-08-03 00:00:00'),
(2093, 2, '2017-08-03 00:00:00'),
(2094, 2, '2017-08-03 00:00:00'),
(2095, 2, '2017-08-03 00:00:00'),
(2096, 2, '2017-08-03 00:00:00'),
(2097, 2, '2017-08-03 00:00:00'),
(2098, 2, '2017-08-03 00:00:00'),
(2099, 98, '2017-08-03 00:00:00'),
(2100, 98, '2017-08-03 00:00:00'),
(2101, 98, '2017-08-03 00:00:00'),
(2102, 98, '2017-08-03 00:00:00'),
(2103, 98, '2017-08-03 00:00:00'),
(2104, 98, '2017-08-03 00:00:00'),
(2105, 98, '2017-08-04 00:00:00'),
(2106, 98, '2017-08-04 00:00:00'),
(2107, 93, '2017-08-04 00:00:00'),
(2108, 101, '2017-08-04 00:00:00'),
(2109, 99, '2017-08-04 00:00:00'),
(2110, 99, '2017-08-04 00:00:00'),
(2111, 99, '2017-08-04 00:00:00'),
(2112, 99, '2017-08-04 00:00:00'),
(2113, 99, '2017-08-04 00:00:00'),
(2114, 99, '2017-08-04 00:00:00'),
(2115, 99, '2017-08-04 00:00:00'),
(2116, 99, '2017-08-04 00:00:00'),
(2117, 98, '2017-08-04 00:00:00'),
(2118, 98, '2017-08-04 00:00:00'),
(2119, 99, '2017-08-05 00:00:00'),
(2120, 99, '2017-08-05 00:00:00'),
(2121, 93, '2017-08-07 00:00:00'),
(2122, 99, '2017-08-07 00:00:00'),
(2123, 93, '2017-08-07 00:00:00'),
(2124, 93, '2017-08-07 00:00:00'),
(2125, 93, '2017-08-07 00:00:00'),
(2126, 93, '2017-08-08 00:00:00'),
(2127, 93, '2017-08-08 00:00:00'),
(2128, 93, '2017-08-08 00:00:00'),
(2129, 93, '2017-08-08 00:00:00'),
(2130, 93, '2017-08-08 00:00:00');

-- --------------------------------------------------------

--
-- Table structure for table `jianghu_oppose`
--

CREATE TABLE IF NOT EXISTS `jianghu_oppose` (
  `id` int(10) unsigned NOT NULL AUTO_INCREMENT,
  `user_id` mediumint(8) unsigned NOT NULL,
  `introduce_id` mediumint(8) unsigned NOT NULL,
  `time` datetime NOT NULL,
  PRIMARY KEY (`id`)
) ENGINE=InnoDB  DEFAULT CHARSET=utf8 COMMENT='推荐踩表' AUTO_INCREMENT=28 ;

--
-- Dumping data for table `jianghu_oppose`
--

INSERT INTO `jianghu_oppose` (`id`, `user_id`, `introduce_id`, `time`) VALUES
(1, 1, 101, '2017-02-06 12:50:14'),
(2, 1, 182, '2017-02-06 13:15:57'),
(3, 1, 101, '2017-02-06 13:34:40'),
(4, 1, 154, '2017-02-06 13:34:49'),
(5, 1, 171, '2017-02-06 13:38:00'),
(6, 1, 90, '2017-02-06 16:57:32'),
(7, 1, 10, '2017-02-09 01:37:09'),
(8, 1, 44, '2017-02-09 01:37:26'),
(9, 1, 50, '2017-02-09 01:37:35'),
(10, 1, 52, '2017-02-09 01:37:37'),
(11, 1, 43, '2017-02-11 21:25:22'),
(12, 1, 54, '2017-02-17 00:39:17'),
(13, 1, 193, '2017-02-18 13:14:49'),
(14, 1, 178, '2017-02-18 14:39:00'),
(15, 1, 63, '2017-02-18 15:58:55'),
(16, 1, 42, '2017-02-18 16:00:06'),
(17, 1, 90, '2017-02-19 19:43:37'),
(18, 1, 199, '2017-02-22 20:44:52'),
(19, 1, 204, '2017-03-24 21:08:48'),
(20, 1, 202, '2017-03-24 21:08:54'),
(21, 1, 199, '2017-03-24 21:09:58'),
(22, 1, 8, '2017-03-24 21:10:04'),
(23, 98, 236, '2017-04-25 22:28:19'),
(24, 98, 236, '2017-04-25 22:28:23'),
(25, 98, 236, '2017-04-25 22:28:24'),
(26, 2, 293, '2017-05-22 22:34:39'),
(27, 98, 330, '2017-07-01 09:35:11');

-- --------------------------------------------------------

--
-- Table structure for table `jianghu_poster`
--

CREATE TABLE IF NOT EXISTS `jianghu_poster` (
  `id` tinyint(3) unsigned NOT NULL AUTO_INCREMENT,
  `title` varchar(100) NOT NULL,
  `time` datetime NOT NULL,
  `content_url` text NOT NULL,
  `praisenum` mediumint(8) unsigned NOT NULL COMMENT '点赞数',
  `readnum` mediumint(8) unsigned NOT NULL COMMENT '阅读数',
  `posterurl` varchar(100) NOT NULL COMMENT '海报地址',
  `posterpath` varchar(100) NOT NULL COMMENT '海报路径',
  `state` tinyint(3) unsigned NOT NULL COMMENT '0为运营中，1为到期',
  PRIMARY KEY (`id`)
) ENGINE=InnoDB  DEFAULT CHARSET=utf8 AUTO_INCREMENT=67 ;

--
-- Dumping data for table `jianghu_poster`
--

INSERT INTO `jianghu_poster` (`id`, `title`, `time`, `content_url`, `praisenum`, `readnum`, `posterurl`, `posterpath`, `state`) VALUES
(1, '哈哈哈哈', '2016-11-17 00:25:25', '', 0, 3, '', '', 1),
(2, '第二张', '2016-11-17 00:30:03', '', 0, 0, '', '', 1),
(3, 'test3', '2016-11-17 00:33:26', '', 0, 8, 'http://localhost/jianghu/Uploads/2016-11-17/582c8a5605cbf.png', './Uploads/2016-11-17/582c8a5605cbf.png', 1),
(4, '第四张', '2016-11-17 14:22:07', '', 0, 0, 'http://localhost/jianghu/Uploads/2016-11-17/582d4c8fb2899.png', './Uploads/2016-11-17/582d4c8fb2899.png', 1),
(5, '第五张', '2016-11-17 14:23:08', '', 0, 0, 'http://localhost/jianghu/Uploads/2016-11-17/582d4ccca2129.png', './Uploads/2016-11-17/582d4ccca2129.png', 1),
(6, '第六章', '2016-11-17 16:06:57', '', 0, 0, 'http://localhost/jianghu/Uploads/2016-11-17/582d4dc23afa9.png', './Uploads/2016-11-17/582d4dc23afa9.png', 1),
(7, '7', '2016-11-17 17:09:36', '', 0, 0, 'http://localhost/jianghu/Uploads/2016-11-17/582d73d067783.png', './Uploads/2016-11-17/582d73d067783.png', 1),
(8, '8', '2016-11-17 17:13:05', '', 0, 0, 'http://localhost/jianghu/Uploads/2016-11-17/582d74a17d4fa.png', './Uploads/2016-11-17/582d74a17d4fa.png', 1),
(9, '第九张', '2016-11-19 14:43:34', '', 0, 0, 'http://localhost/jianghu/Uploads/2016-11-19/582ff4965cdc1.jpg', './Uploads/2016-11-19/582ff4965cdc1.jpg', 1),
(10, '第十', '2016-11-19 14:48:01', '', 0, 0, 'http://localhost/jianghu/Uploads/2016-11-19/582ff5a162610.png', './Uploads/2016-11-19/582ff5a162610.png', 1),
(11, '11', '2016-11-19 14:53:07', '', 0, 0, 'http://localhost/jianghu/Uploads/2016-11-19/582ff6d3d3c68.png', './Uploads/2016-11-19/582ff6d3d3c68.png', 1),
(12, '12', '2016-11-19 14:53:48', '', 0, 0, 'http://localhost/jianghu/Uploads/2016-11-19/582ff6fc18579.png', './Uploads/2016-11-19/582ff6fc18579.png', 1),
(13, '12', '2016-11-19 15:06:34', '', 0, 0, 'http://localhost/jianghu/Uploads/2016-11-19/582ff9fa18222.png', './Uploads/2016-11-19/582ff9fa18222.png', 1),
(14, '14', '2016-11-19 15:22:08', '', 0, 0, 'http://localhost/jianghu/Uploads/2016-11-19/582ffda0688e9.png', './Uploads/2016-11-19/582ffda0688e9.png', 1),
(15, '15', '2016-11-19 15:27:00', '', 0, 0, 'http://localhost/jianghu/Uploads/2016-11-19/582ffec47b0c9.png', './Uploads/2016-11-19/582ffec47b0c9.png', 1),
(16, '哈哈哈', '2016-11-19 15:30:45', '', 0, 0, 'http://localhost/jianghu/Uploads/2016-11-19/582fffa5aa6cb.png', './Uploads/2016-11-19/582fffa5aa6cb.png', 1),
(17, '23', '2016-11-19 17:24:39', '', 0, 0, 'http://localhost/jianghu/Uploads/2016-11-19/58301a57052a5.png', './Uploads/2016-11-19/58301a57052a5.png', 1),
(18, '哈哈哈', '2016-11-20 10:57:58', '', 0, 0, 'http://localhost/jianghu/Uploads/2016-11-20/58311136a7b7a.png', './Uploads/2016-11-20/58311136a7b7a.png', 1),
(19, '你你你', '2016-11-20 11:03:54', '', 0, 0, 'http://localhost/jianghu/Uploads/2016-11-20/5831129a81b01.jpg', './Uploads/2016-11-20/5831129a81b01.jpg', 1),
(20, '哈哈哈', '2016-11-20 11:23:44', '', 0, 0, 'http://localhost/jianghu/Uploads/2016-11-20/58311740c96db.jpg', './Uploads/2016-11-20/58311740c96db.jpg', 1),
(21, '嘎嘎嘎', '2016-11-20 11:29:52', '', 0, 0, 'http://localhost/jianghu/Uploads/2016-11-20/583118b07722d.jpg', './Uploads/2016-11-20/583118b07722d.jpg', 1),
(22, '尴尬', '2016-11-20 11:36:01', '', 0, 0, 'http://localhost/jianghu/Uploads/2016-11-20/58311a21adb43.jpg', './Uploads/2016-11-20/58311a21adb43.jpg', 1),
(23, 'jianghu', '2016-11-20 11:45:15', '', 0, 0, 'http://localhost/jianghu/Uploads/2016-11-20/58311c4bbe19e.jpg', './Uploads/2016-11-20/58311c4bbe19e.jpg', 1),
(24, 'fff', '2016-11-20 11:47:01', '', 0, 0, 'http://localhost/jianghu/Uploads/2016-11-20/58311cb59bc9f.jpg', './Uploads/2016-11-20/58311cb59bc9f.jpg', 1),
(25, 'hhhh', '2016-11-20 11:47:47', '', 0, 0, 'http://localhost/jianghu/Uploads/2016-11-20/58311ce338642.jpg', './Uploads/2016-11-20/58311ce338642.jpg', 1),
(26, '啦啦啦啦', '2016-11-20 12:07:23', '', 0, 0, 'http://localhost/jianghu/Uploads/2016-11-20/5831217b99f8d.jpg', './Uploads/2016-11-20/5831217b99f8d.jpg', 1),
(27, '么么么么', '2016-11-20 12:08:23', '', 0, 0, 'http://localhost/jianghu/Uploads/2016-11-20/583121b763327.jpg', './Uploads/2016-11-20/583121b763327.jpg', 1),
(28, '啦啦啦', '2016-11-20 12:12:37', '', 0, 0, 'http://localhost/jianghu/Uploads/2016-11-20/583122b5a7df3.jpg', './Uploads/2016-11-20/583122b5a7df3.jpg', 1),
(29, 'aaa', '2016-11-20 12:14:30', '', 0, 0, 'http://localhost/jianghu/Uploads/2016-11-20/58312326663da.jpg', './Uploads/2016-11-20/58312326663da.jpg', 1),
(30, 'aaaa', '2016-11-20 12:15:13', '', 0, 0, 'http://localhost/jianghu/Uploads/2016-11-20/58312351debf5.jpg', './Uploads/2016-11-20/58312351debf5.jpg', 1),
(31, 'adf', '2016-11-20 12:15:32', '', 0, 0, 'http://localhost/jianghu/Uploads/2016-11-20/58312364b4be6.jpg', './Uploads/2016-11-20/58312364b4be6.jpg', 1),
(32, 'test', '2016-11-20 19:18:28', '', 0, 0, '', '', 1),
(33, '最后一样', '2016-11-20 18:58:56', '', 0, 0, 'http://localhost/jianghu/Uploads/2016-11-20/583181f03cb74.jpg', './Uploads/2016-11-20/583181f03cb74.jpg', 1),
(34, 'lll', '2016-11-20 23:27:44', '', 0, 0, 'http://::1/jianghu/Uploads/2016-11-20/5831c0f029d52.jpg', './Uploads/2016-11-20/5831c0f029d52.jpg', 1),
(35, 'hatp', '2016-11-20 23:51:35', '', 0, 0, 'http://localhost/jianghu/Uploads/2016-11-20/5831c687b889c.jpg', './Uploads/2016-11-20/5831c687b889c.jpg', 1),
(36, 'hhhh', '2016-11-21 17:14:59', '', 0, 25, 'http://121.42.203.85/jianghu/Uploads/2016-11-21/5832bb1393b3d.jpg', './Uploads/2016-11-21/5832bb1393b3d.jpg', 1),
(37, 'nono', '2016-11-24 12:27:46', '', 5, 24, 'http://121.42.203.85/jianghu/Uploads/2016-11-24/58366c42c47ce.jpg', './Uploads/2016-11-24/58366c42c47ce.jpg', 1),
(38, 'dada', '2016-11-24 12:28:14', '', 5, 15, 'http://121.42.203.85/jianghu/Uploads/2016-11-24/58366c5e96832.jpg', './Uploads/2016-11-24/58366c5e96832.jpg', 1),
(39, 'post1', '2017-01-02 11:10:04', '', 0, 4, 'http://121.42.203.85/jianghu/Uploads/2017-01-02/5869c48c05ca0.jpg', './Uploads/2017-01-02/5869c48c05ca0.jpg', 1),
(40, '最新的活动哦', '2017-03-24 22:37:49', '', 0, 10, '', '', 1),
(41, 'hjk', '2017-03-29 21:19:43', '', 0, 7, '', '', 1),
(42, '震惊！！！后台工程师竟然这样！！！', '2017-03-29 21:27:38', '', 0, 17, 'http://121.42.203.85/jianghu/Uploads/2017-03-29/58dbb64aef836.jpg', './Uploads/2017-03-29/58dbb64aef836.jpg', 1),
(43, '这是海报', '2017-04-01 16:54:02', 'http://121.42.203.85/jianghu/Uploads/poster/aef0a246420330c1f22e275f63207db5.html', 0, 0, 'http://121.42.203.85/jianghu/Uploads/2017-04-01/58df6aaa5c4be.jpg', './Uploads/2017-04-01/58df6aaa5c4be.jpg', 1),
(44, '这是海报', '2017-04-01 16:58:57', 'http://121.42.203.85/jianghu/Uploads/poster/21708d1c85499b0b8e0f948105bf378a.html', 0, 0, 'http://121.42.203.85/jianghu/Uploads/2017-04-01/58df6bd1a54c5.png', './Uploads/2017-04-01/58df6bd1a54c5.png', 1),
(45, '也哈也很', '2017-04-01 17:02:32', 'http://121.42.203.85/jianghu/Uploads/poster/6d5ca52253f93dd580a2b7a10489dd78.html', 1, 15, 'http://121.42.203.85/jianghu/Uploads/2017-04-01/58df6ca856a5b.jpg', './Uploads/2017-04-01/58df6ca856a5b.jpg', 1),
(46, '待我看看啊', '2017-04-04 09:44:34', 'http://121.42.203.85/jianghu/Uploads/poster/bd65fe38496130b6bacc7f815f21b0ae.html', 0, 4, 'http://121.42.203.85/jianghu/Uploads/2017-04-04/58e2fa82bce2e.jpg', './Uploads/2017-04-04/58e2fa82bce2e.jpg', 1),
(47, '秀米test', '2017-04-04 15:02:32', 'http://a.xiumi.us/board/v5/34NSu/38705580', 1, 1, 'http://121.42.203.85/jianghu/Uploads/2017-04-04/58e34508ccb32.jpg', './Uploads/2017-04-04/58e34508ccb32.jpg', 1),
(48, 'test3', '2017-04-04 15:02:53', 'http://a.xiumi.us/board/v5/34NSu/38705580', 0, 2, 'http://121.42.203.85/jianghu/Uploads/2017-04-04/58e3451d324ae.jpg', './Uploads/2017-04-04/58e3451d324ae.jpg', 1),
(49, 'test4', '2017-04-04 15:03:09', 'http://a.xiumi.us/board/v5/34NSu/38705580', 0, 2, 'http://121.42.203.85/jianghu/Uploads/2017-04-04/58e3452d872fd.jpg', './Uploads/2017-04-04/58e3452d872fd.jpg', 1),
(50, '广外Quanta', '2017-04-04 21:00:27', 'http://xiumi.us/studio/paper#/for/726712', 0, 4, '', '', 1),
(51, '广外Quanta', '2017-04-04 21:01:27', 'http://c.xiumi.us/board/v3/2c893/726712', 0, 1, 'http://121.42.203.85/jianghu/Uploads/2017-04-04/58e399276c113.jpg', './Uploads/2017-04-04/58e399276c113.jpg', 1),
(52, '广外Quanta', '2017-06-21 17:13:01', 'http://c.xiumi.us/board/v3/2c893/726712', 0, 17, '', '', 1),
(53, '快来看看你还缺少了什么神级app!', '2017-04-04 21:42:18', 'http://d.xiumi.us/board/v3/2c893/793803', 0, 4, '', '', 1),
(54, '清明除了扫墓，还有哪里值得玩？', '2017-04-04 21:41:35', '', 0, 19, 'http://121.42.203.85/jianghu/Uploads/2017-04-04/58e3a28f7b6d3.jpg', './Uploads/2017-04-04/58e3a28f7b6d3.jpg', 1),
(55, '快来看看你还缺少了什么神级app!', '2017-04-04 21:44:09', 'http://d.xiumi.us/board/v3/2c893/793803', 0, 26, 'http://121.42.203.85/jianghu/Uploads/2017-04-04/58e3a329c3df2.png', './Uploads/2017-04-04/58e3a329c3df2.png', 1),
(56, 'fdas', '2017-05-17 20:50:25', 'asdf', 0, 0, 'http://121.42.203.85/jianghu/Uploads/2017-05-17/591c471145d0a.jpg', './Uploads/2017-05-17/591c471145d0a.jpg', 1),
(57, '点点滴滴', '2017-05-22 22:52:43', 'http://d.xiumi.us/board/v3/2c893/793803', 0, 6, 'http://121.42.203.85/jianghu/Uploads/2017-05-22/5922fb3b0dfa4.jpg', './Uploads/2017-05-22/5922fb3b0dfa4.jpg', 1),
(58, '嘻嘻ix', '2017-05-22 22:53:07', 'http://d.xiumi.us/board/v3/2c893/793803', 0, 10, 'http://121.42.203.85/jianghu/Uploads/2017-05-22/5922fb52e54af.jpg', './Uploads/2017-05-22/5922fb52e54af.jpg', 1),
(59, '江湖', '2017-06-21 17:15:57', '', 0, 3, 'http://121.42.203.85/jianghu/Uploads/2017-06-21/594a394d443d8.jpeg', './Uploads/2017-06-21/594a394d443d8.jpeg', 1),
(60, '江湖2', '2017-06-21 17:17:55', '', 0, 1, 'http://121.42.203.85/jianghu/Uploads/2017-06-21/594a39c38c4d6.jpeg', './Uploads/2017-06-21/594a39c38c4d6.jpeg', 1),
(61, '佛', '2017-06-21 17:25:34', '', 0, 11, 'http://121.42.203.85/jianghu/Uploads/2017-06-21/594a3b8e4208d.jpg', './Uploads/2017-06-21/594a3b8e4208d.jpg', 1),
(62, '飞刀又见飞刀', '2017-06-21 17:27:06', '', 0, 23, 'http://121.42.203.85/jianghu/Uploads/2017-06-21/594a3bea160c7.jpg', './Uploads/2017-06-21/594a3bea160c7.jpg', 1),
(63, 'test推送', '2017-07-19 11:16:52', 'http://b.xiumi.us/board/v5/2UEwM/50573026', 0, 4, 'http://121.42.203.85/jianghu/Uploads/2017-07-19/596ecf24c3ae1.jpg', './Uploads/2017-07-19/596ecf24c3ae1.jpg', 1),
(64, '奶茶与乌镇 10年光景，岁月荏苒', '2017-08-04 21:47:40', 'http://b.xiumi.us/board/v5/2Ydxc/52507326', 0, 8, 'http://121.42.203.85/jianghu/Uploads/2017-08-04/59847afc15401.jpg', './Uploads/2017-08-04/59847afc15401.jpg', 0),
(65, '奶茶与乌镇 10年光景,岁月荏苒', '2017-08-04 21:49:30', 'http://b.xiumi.us/board/v5/2Ydxc/52507326', 1, 4, 'http://121.42.203.85/jianghu/Uploads/2017-08-04/59847b6a564c1.jpg', './Uploads/2017-08-04/59847b6a564c1.jpg', 0),
(66, '奶茶与乌镇 10年光景,岁月荏苒', '2017-08-04 21:59:47', 'http://v.xiumi.us/board/v5/2Ydxc/52507326', 0, 1, 'http://121.42.203.85/jianghu/Uploads/2017-08-04/59847dd34c2b5.jpg', './Uploads/2017-08-04/59847dd34c2b5.jpg', 0);

-- --------------------------------------------------------

--
-- Table structure for table `jianghu_poster_praise`
--

CREATE TABLE IF NOT EXISTS `jianghu_poster_praise` (
  `id` mediumint(8) unsigned NOT NULL AUTO_INCREMENT,
  `poster_id` mediumint(8) unsigned NOT NULL,
  `user_id` mediumint(8) unsigned NOT NULL,
  PRIMARY KEY (`id`)
) ENGINE=InnoDB  DEFAULT CHARSET=utf8 COMMENT='海报点赞表' AUTO_INCREMENT=14 ;

--
-- Dumping data for table `jianghu_poster_praise`
--

INSERT INTO `jianghu_poster_praise` (`id`, `poster_id`, `user_id`) VALUES
(1, 38, 1),
(2, 38, 2),
(3, 38, 3),
(4, 38, 4),
(5, 38, 5),
(6, 37, 1),
(7, 37, 2),
(8, 37, 2),
(9, 37, 1),
(10, 37, 1),
(11, 45, 1),
(12, 47, 4),
(13, 65, 99);

-- --------------------------------------------------------

--
-- Table structure for table `jianghu_praise`
--

CREATE TABLE IF NOT EXISTS `jianghu_praise` (
  `id` int(10) unsigned NOT NULL AUTO_INCREMENT,
  `introduce_id` int(10) unsigned NOT NULL,
  `user_id` int(10) unsigned NOT NULL COMMENT '点赞人的id',
  `time` datetime NOT NULL,
  `owner_id` int(10) unsigned NOT NULL COMMENT '推荐所有者的id',
  `state` tinyint(3) unsigned NOT NULL COMMENT '未读则为0，已读则为1',
  PRIMARY KEY (`id`)
) ENGINE=InnoDB  DEFAULT CHARSET=utf8 COMMENT='点赞表' AUTO_INCREMENT=205 ;

--
-- Dumping data for table `jianghu_praise`
--

INSERT INTO `jianghu_praise` (`id`, `introduce_id`, `user_id`, `time`, `owner_id`, `state`) VALUES
(1, 8, 1, '2016-09-26 15:21:55', 0, 0),
(2, 8, 1, '2016-09-27 19:03:48', 0, 0),
(3, 8, 1, '2016-09-27 19:05:52', 0, 0),
(4, 8, 1, '2016-09-27 19:06:33', 0, 0),
(6, 8, 1, '2016-09-27 19:09:16', 0, 0),
(7, 7, 3, '2016-09-28 22:55:00', 0, 0),
(8, 7, 2, '2016-09-28 22:55:10', 0, 0),
(9, 8, 2, '2016-09-29 09:19:02', 4, 1),
(10, 8, 3, '2016-09-29 09:40:14', 4, 1),
(11, 8, 1, '2016-09-29 13:00:59', 4, 1),
(12, 8, 1, '2016-09-29 13:13:24', 4, 1),
(13, 8, 1, '2016-09-29 13:17:04', 4, 1),
(14, 8, 1, '2016-09-29 13:28:59', 4, 1),
(15, 19, 11, '2016-10-11 20:16:35', 3, 1),
(16, 19, 11, '2016-10-11 20:18:36', 3, 1),
(17, 19, 11, '2016-10-11 20:20:13', 3, 1),
(18, 19, 11, '2016-10-11 23:08:44', 3, 1),
(19, 19, 11, '2016-10-11 23:10:27', 3, 1),
(20, 19, 11, '2016-10-11 23:14:24', 3, 1),
(21, 19, 11, '2016-10-11 23:18:06', 3, 1),
(22, 19, 11, '2016-10-11 23:20:33', 3, 1),
(23, 19, 11, '2016-10-11 23:26:02', 3, 1),
(24, 19, 11, '2016-10-11 23:26:44', 3, 1),
(25, 19, 11, '2016-10-11 23:28:23', 3, 1),
(26, 19, 11, '2016-10-11 23:29:11', 3, 1),
(27, 19, 11, '2016-10-11 23:30:34', 3, 1),
(28, 19, 11, '2016-10-11 23:31:40', 3, 1),
(29, 19, 11, '2016-10-11 23:32:20', 3, 1),
(30, 19, 11, '2016-10-11 23:33:55', 3, 1),
(31, 19, 11, '2016-10-11 23:34:31', 3, 1),
(32, 19, 12, '2016-10-11 23:34:53', 3, 1),
(33, 19, 12, '2016-10-11 23:36:42', 3, 1),
(34, 19, 12, '2016-10-11 23:40:01', 3, 1),
(35, 19, 13, '2016-10-11 23:45:32', 3, 1),
(36, 19, 13, '2016-10-11 23:48:45', 3, 1),
(37, 21, 13, '2016-10-12 00:08:10', 1, 1),
(38, 21, 13, '2016-10-12 00:11:09', 1, 1),
(39, 21, 13, '2016-10-12 00:14:21', 1, 1),
(40, 21, 13, '2016-10-12 00:14:34', 1, 1),
(41, 21, 14, '2016-10-12 00:15:32', 1, 1),
(42, 21, 14, '2016-10-12 00:16:38', 1, 1),
(43, 21, 1, '2016-10-12 00:19:18', 1, 1),
(44, 21, 1, '2016-10-12 00:22:33', 1, 1),
(45, 21, 1, '2016-10-12 00:23:06', 1, 1),
(46, 21, 2016, '2016-10-12 00:28:12', 1, 1),
(47, 21, 2, '2016-10-12 00:29:35', 1, 1),
(48, 21, 2, '2016-10-12 00:29:44', 1, 1),
(49, 40, 1, '2016-10-15 00:30:05', 17, 0),
(50, 40, 1, '2016-10-15 09:27:24', 17, 0),
(51, 64, 1, '2016-10-24 15:23:15', 1, 1),
(52, 75, 1, '2016-10-26 23:31:57', 21, 0),
(53, 76, 1, '2016-10-26 23:37:28', 17, 0),
(54, 76, 1, '2016-10-26 23:50:49', 17, 0),
(55, 76, 1, '2016-10-30 14:24:35', 17, 0),
(56, 76, 1, '2016-10-30 14:26:03', 17, 0),
(57, 76, 1, '2016-10-30 14:29:57', 17, 0),
(58, 76, 1, '2016-10-31 22:08:22', 17, 0),
(59, 76, 1, '2016-10-31 22:08:36', 17, 0),
(60, 76, 2, '2016-10-31 22:08:47', 17, 0),
(61, 101, 2, '2016-11-01 21:10:05', 17, 0),
(62, 101, 2, '2016-11-01 21:20:15', 17, 0),
(63, 101, 2, '2016-11-01 21:27:56', 17, 0),
(64, 101, 2, '2016-11-30 19:48:40', 17, 0),
(65, 148, 1, '2016-12-05 15:36:51', 18, 0),
(66, 90, 2, '0000-00-00 00:00:00', 1, 1),
(67, 90, 2, '2016-12-05 22:43:42', 1, 1),
(68, 171, 1, '2016-12-21 21:06:03', 4, 1),
(69, 90, 2, '2016-12-21 21:20:49', 1, 1),
(70, 148, 1, '2016-12-26 15:37:22', 18, 0),
(71, 180, 1, '2017-01-15 02:42:50', 1, 1),
(72, 178, 1, '2017-01-23 17:35:37', 4, 1),
(73, 181, 1, '2017-01-30 20:43:01', 4, 1),
(74, 179, 1, '2017-01-31 15:46:53', 1, 1),
(75, 179, 1, '2017-01-31 15:46:54', 1, 1),
(76, 90, 1, '2017-01-31 15:51:58', 1, 1),
(77, 9, 1, '2017-01-31 15:52:04', 3, 1),
(78, 11, 1, '2017-01-31 15:52:12', 2, 1),
(79, 11, 1, '2017-01-31 15:52:13', 2, 1),
(80, 22, 1, '2017-01-31 15:52:37', 3, 1),
(81, 7, 1, '2017-02-02 12:48:32', 1, 1),
(82, 182, 1, '2017-02-05 20:28:24', 1, 1),
(83, 174, 1, '2017-02-06 16:56:30', 3, 1),
(84, 177, 1, '2017-02-09 01:30:01', 4, 1),
(85, 177, 1, '2017-02-09 01:30:05', 4, 1),
(86, 166, 1, '2017-02-09 01:30:22', 2, 1),
(87, 165, 1, '2017-02-09 01:30:30', 3, 1),
(88, 164, 1, '2017-02-09 01:30:39', 3, 1),
(89, 164, 1, '2017-02-09 01:30:54', 3, 1),
(90, 162, 1, '2017-02-09 01:31:11', 3, 1),
(91, 161, 1, '2017-02-09 01:31:16', 3, 1),
(92, 160, 1, '2017-02-09 01:32:20', 3, 1),
(93, 10, 1, '2017-02-09 01:37:11', 5, 0),
(94, 19, 1, '2017-02-09 01:37:18', 3, 1),
(95, 19, 1, '2017-02-09 01:37:21', 3, 1),
(96, 43, 1, '2017-02-09 01:37:25', 18, 0),
(97, 45, 1, '2017-02-09 01:37:28', 18, 0),
(98, 47, 1, '2017-02-09 01:37:31', 18, 0),
(99, 48, 1, '2017-02-09 01:37:33', 18, 0),
(100, 49, 1, '2017-02-09 01:37:34', 19, 0),
(101, 51, 1, '2017-02-09 01:37:36', 17, 0),
(102, 54, 1, '2017-02-09 01:37:38', 17, 0),
(103, 188, 1, '2017-02-10 21:45:49', 1, 1),
(104, 187, 1, '2017-02-11 20:17:36', 1, 1),
(105, 186, 1, '2017-02-11 20:17:48', 1, 1),
(106, 176, 1, '2017-02-11 20:29:25', 1, 1),
(107, 190, 1, '2017-02-11 21:01:14', 1, 1),
(108, 189, 1, '2017-02-11 21:06:25', 1, 1),
(109, 189, 1, '2017-02-11 21:06:26', 1, 1),
(110, 189, 1, '2017-02-11 21:06:27', 1, 1),
(111, 189, 1, '2017-02-11 21:06:28', 1, 1),
(112, 189, 1, '2017-02-11 21:06:28', 1, 1),
(113, 189, 1, '2017-02-11 21:06:28', 1, 1),
(114, 189, 1, '2017-02-11 21:06:28', 1, 1),
(115, 189, 1, '2017-02-11 21:06:29', 1, 1),
(116, 189, 1, '2017-02-11 21:06:29', 1, 1),
(117, 189, 1, '2017-02-11 21:06:29', 1, 1),
(118, 189, 1, '2017-02-11 21:06:29', 1, 1),
(119, 189, 1, '2017-02-11 21:06:30', 1, 1),
(120, 189, 1, '2017-02-11 21:06:30', 1, 1),
(121, 189, 1, '2017-02-11 21:06:30', 1, 1),
(122, 189, 1, '2017-02-11 21:06:30', 1, 1),
(123, 189, 1, '2017-02-11 21:06:31', 1, 1),
(124, 189, 1, '2017-02-11 21:06:31', 1, 1),
(125, 189, 1, '2017-02-11 21:06:32', 1, 1),
(126, 189, 1, '2017-02-11 21:06:48', 1, 1),
(127, 189, 1, '2017-02-11 21:06:48', 1, 1),
(128, 189, 1, '2017-02-11 21:06:49', 1, 1),
(129, 189, 1, '2017-02-11 21:06:49', 1, 1),
(130, 189, 1, '2017-02-11 21:06:49', 1, 1),
(131, 189, 1, '2017-02-11 21:06:49', 1, 1),
(132, 189, 1, '2017-02-11 21:06:50', 1, 1),
(133, 189, 1, '2017-02-11 21:06:50', 1, 1),
(134, 189, 1, '2017-02-11 21:06:50', 1, 1),
(135, 189, 1, '2017-02-11 21:06:50', 1, 1),
(136, 189, 1, '2017-02-11 21:06:51', 1, 1),
(137, 189, 1, '2017-02-11 21:06:51', 1, 1),
(138, 189, 1, '2017-02-11 21:06:51', 1, 1),
(139, 189, 1, '2017-02-11 21:06:51', 1, 1),
(140, 189, 1, '2017-02-11 21:06:51', 1, 1),
(141, 189, 1, '2017-02-11 21:06:51', 1, 1),
(142, 189, 1, '2017-02-11 21:06:52', 1, 1),
(143, 189, 1, '2017-02-11 21:06:52', 1, 1),
(144, 189, 1, '2017-02-11 21:06:52', 1, 1),
(145, 191, 1, '2017-02-11 21:10:13', 1, 1),
(146, 23, 1, '2017-02-11 21:21:38', 8, 1),
(147, 195, 1, '2017-02-18 13:14:13', 1, 1),
(148, 194, 1, '2017-02-18 13:14:40', 1, 1),
(149, 193, 1, '2017-02-18 13:14:45', 1, 1),
(150, 192, 1, '2017-02-18 13:31:05', 1, 1),
(151, 63, 1, '2017-02-18 15:58:55', 1, 1),
(152, 42, 1, '2017-02-18 16:00:07', 18, 0),
(153, 198, 1, '2017-02-19 20:15:23', 1, 1),
(154, 198, 1, '2017-02-19 20:15:23', 1, 1),
(155, 172, 1, '2017-02-28 09:48:21', 1, 1),
(156, 74, 1, '2017-02-28 11:29:54', 4, 1),
(157, 66, 1, '2017-02-28 11:30:50', 1, 1),
(158, 208, 1, '2017-03-24 21:57:39', 1, 1),
(159, 241, 1, '2017-03-29 22:22:18', 1, 1),
(160, 242, 2, '2017-03-29 22:37:35', 1, 1),
(161, 236, 1, '2017-03-29 22:42:17', 3, 1),
(162, 244, 3, '2017-03-29 22:50:02', 1, 1),
(163, 242, 3, '2017-03-29 22:50:21', 1, 1),
(164, 211, 2, '2017-03-30 21:48:05', 1, 1),
(165, 211, 2, '2017-03-30 23:07:50', 1, 1),
(166, 279, 1, '2017-04-04 09:31:39', 1, 1),
(167, 278, 1, '2017-04-04 09:31:41', 1, 1),
(173, 303, 2, '2017-05-14 21:40:24', 1, 1),
(174, 303, 3, '2017-05-14 23:21:49', 1, 1),
(175, 303, 3, '2017-05-14 23:22:31', 1, 1),
(176, 303, 4, '2017-05-14 23:24:20', 1, 1),
(177, 304, 4, '2017-05-14 23:26:48', 4, 0),
(179, 303, 5, '2017-05-14 23:53:57', 1, 1),
(180, 304, 5, '2017-05-14 23:54:21', 4, 0),
(181, 303, 3, '2017-05-16 17:42:11', 1, 1),
(182, 293, 2, '2017-05-22 22:34:42', 1, 1),
(183, 312, 4, '2017-05-22 22:46:45', 1, 1),
(184, 313, 4, '2017-05-22 22:46:52', 1, 1),
(185, 305, 4, '2017-05-22 22:47:06', 1, 1),
(186, 319, 1, '2017-05-23 16:24:06', 2, 1),
(187, 319, 2, '2017-05-23 16:41:30', 2, 1),
(188, 311, 1, '2017-05-23 16:50:28', 2, 1),
(189, 318, 2, '2017-05-23 19:35:28', 4, 0),
(191, 330, 101, '2017-06-20 20:37:21', 98, 1),
(192, 330, 101, '2017-06-20 20:37:24', 98, 1),
(193, 331, 98, '2017-06-21 09:04:20', 99, 1),
(194, 342, 98, '2017-07-08 15:44:43', 99, 1),
(195, 346, 99, '2017-07-08 16:32:53', 98, 1),
(196, 346, 101, '2017-07-11 07:36:21', 98, 1),
(197, 339, 101, '2017-07-11 07:36:24', 98, 1),
(198, 337, 101, '2017-07-11 07:36:28', 98, 1),
(200, 347, 93, '2017-07-19 14:13:59', 1, 1),
(201, 330, 93, '2017-07-29 10:43:17', 98, 1),
(202, 343, 99, '2017-07-29 15:08:47', 100, 1),
(203, 339, 99, '2017-07-29 15:41:27', 98, 1),
(204, 350, 98, '2017-07-29 16:14:54', 101, 1);

-- --------------------------------------------------------

--
-- Table structure for table `jianghu_sort_praise`
--

CREATE TABLE IF NOT EXISTS `jianghu_sort_praise` (
  `id` mediumint(8) unsigned NOT NULL AUTO_INCREMENT,
  `user_id` mediumint(8) unsigned NOT NULL,
  `sort_user_id` mediumint(8) unsigned NOT NULL COMMENT '被点赞人的id',
  `state` tinyint(4) NOT NULL DEFAULT '0',
  `date` date NOT NULL,
  PRIMARY KEY (`id`)
) ENGINE=InnoDB  DEFAULT CHARSET=utf8 COMMENT='口碑排行点赞表，每周更新一次' AUTO_INCREMENT=52 ;

--
-- Dumping data for table `jianghu_sort_praise`
--

INSERT INTO `jianghu_sort_praise` (`id`, `user_id`, `sort_user_id`, `state`, `date`) VALUES
(1, 2, 1, 0, '0000-00-00'),
(2, 2, 1, 0, '0000-00-00'),
(3, 2, 1, 0, '2016-12-14'),
(4, 2, 1, 0, '2016-12-22'),
(5, 1, 4, 0, '2017-01-15'),
(6, 1, 4, 0, '2017-01-15'),
(7, 1, 4, 0, '2017-01-15'),
(8, 1, 4, 0, '2017-01-15'),
(9, 1, 4, 0, '2017-01-15'),
(10, 1, 4, 0, '2017-01-15'),
(11, 1, 1, 0, '2017-01-15'),
(12, 1, 5, 0, '2017-01-15'),
(13, 1, 2, 0, '2017-02-06'),
(14, 1, 2, 0, '2017-02-06'),
(15, 1, 2, 0, '2017-02-06'),
(16, 1, 2, 0, '2017-02-06'),
(17, 1, 2, 0, '2017-02-06'),
(18, 1, 2, 0, '2017-02-06'),
(19, 1, 2, 0, '2017-02-06'),
(20, 1, 2, 0, '2017-02-06'),
(21, 1, 2, 0, '2017-02-06'),
(22, 1, 2, 0, '2017-02-06'),
(23, 1, 2, 0, '2017-02-06'),
(24, 1, 3, 0, '2017-02-06'),
(25, 1, 3, 0, '2017-02-06'),
(26, 1, 3, 0, '2017-02-06'),
(27, 1, 3, 0, '2017-02-06'),
(28, 1, 3, 0, '2017-02-06'),
(29, 1, 3, 0, '2017-02-06'),
(30, 1, 3, 0, '2017-02-06'),
(31, 1, 3, 0, '2017-02-06'),
(32, 1, 3, 0, '2017-02-06'),
(33, 1, 3, 0, '2017-02-06'),
(34, 1, 18, 0, '2017-02-06'),
(35, 1, 18, 0, '2017-02-06'),
(36, 1, 18, 0, '2017-02-06'),
(37, 1, 18, 0, '2017-02-06'),
(38, 1, 18, 0, '2017-02-06'),
(39, 1, 18, 0, '2017-02-06'),
(40, 1, 18, 0, '2017-02-06'),
(41, 1, 18, 0, '2017-02-06'),
(42, 1, 18, 0, '2017-02-06'),
(43, 1, 18, 0, '2017-02-06'),
(44, 1, 6, 0, '2017-02-07'),
(45, 1, 7, 0, '2017-02-18'),
(46, 1, 20, 0, '2017-03-24'),
(47, 99, 99, 0, '2017-04-26'),
(48, 99, 98, 0, '2017-04-26'),
(49, 99, 100, 0, '2017-04-26'),
(50, 1, 99, 0, '2017-05-23'),
(51, 93, 93, 0, '2017-07-19');

-- --------------------------------------------------------

--
-- Table structure for table `jianghu_tag`
--

CREATE TABLE IF NOT EXISTS `jianghu_tag` (
  `id` int(10) unsigned NOT NULL AUTO_INCREMENT,
  `name` varchar(20) NOT NULL,
  PRIMARY KEY (`id`)
) ENGINE=InnoDB  DEFAULT CHARSET=utf8 COMMENT='标签表' AUTO_INCREMENT=14 ;

--
-- Dumping data for table `jianghu_tag`
--

INSERT INTO `jianghu_tag` (`id`, `name`) VALUES
(3, '运动'),
(4, '贝岗'),
(8, '休闲'),
(9, '钓鱼');

-- --------------------------------------------------------

--
-- Table structure for table `jianghu_test`
--

CREATE TABLE IF NOT EXISTS `jianghu_test` (
  `test` text NOT NULL,
  `id` int(11) NOT NULL AUTO_INCREMENT,
  PRIMARY KEY (`id`)
) ENGINE=InnoDB  DEFAULT CHARSET=utf8 COMMENT='测试表' AUTO_INCREMENT=7 ;

--
-- Dumping data for table `jianghu_test`
--

INSERT INTO `jianghu_test` (`test`, `id`) VALUES
('400', 1),
('300', 2),
('', 3),
('', 4),
('', 5),
('300', 6);

-- --------------------------------------------------------

--
-- Table structure for table `jianghu_token`
--

CREATE TABLE IF NOT EXISTS `jianghu_token` (
  `id` int(10) unsigned NOT NULL AUTO_INCREMENT,
  `user_id` int(10) unsigned NOT NULL COMMENT '用户id',
  `time` datetime NOT NULL COMMENT 'token生成时间',
  `state` tinyint(4) NOT NULL COMMENT 'token状态：1为过期，0为正常',
  `token` text NOT NULL,
  PRIMARY KEY (`id`)
) ENGINE=InnoDB  DEFAULT CHARSET=utf8 COMMENT='token表，用于用户登录验证' AUTO_INCREMENT=1981 ;

--
-- Dumping data for table `jianghu_token`
--

INSERT INTO `jianghu_token` (`id`, `user_id`, `time`, `state`, `token`) VALUES
(1, 4, '2016-10-16 13:33:55', 1, 'c4ca4238a0b923820dcc509a6f75849b'),
(2, 4, '2016-10-16 13:36:13', 1, 'c4ca4238a0b923820dcc509a6f75849b'),
(3, 4, '2016-10-16 13:40:29', 1, 'c4ca4238a0b923820dcc509a6f75849b'),
(4, 4, '2016-10-16 13:43:28', 1, 'a87ff679a2f3e71d9181a67b7542122c'),
(5, 4, '2016-10-16 13:45:06', 1, '6523205cd074195bd9252252b0eab96e'),
(6, 4, '2016-10-16 13:58:29', 1, 'b7fea5e317d8336b1e458aa7dfafc7c7'),
(7, 25, '2016-10-16 23:05:35', 1, '65c9cf42415f8d1300e5ae8e60aa3b8b'),
(8, 25, '2016-10-16 23:13:52', 1, '25e00aec7fae6f93304b085f97b24417'),
(9, 25, '2016-10-21 15:46:49', 0, 'e42d4e872a937802b4665a4f33edfdc0'),
(10, 1, '2016-10-24 14:26:30', 1, '2ea7c6999b86afb0f34bc274e78377fe'),
(11, 26, '2016-10-25 20:32:46', 0, 'c363969593e6a5f5877f57ba39b6c6b8'),
(12, 17, '2016-10-25 20:35:40', 0, '153e5dd29b32336314b501add8c66c22'),
(13, 18, '2016-10-25 21:16:10', 0, 'efce7400634541412d644743d6ac25f6'),
(14, 10, '2016-10-26 20:52:31', 0, '4fc38308296c7e50a6ec639839324839'),
(15, 4, '2016-10-26 21:32:25', 1, 'ad7dce71ebc6555dbd24bb387211f6f0'),
(16, 21, '2016-10-26 21:49:18', 0, 'f0eac881e871f806c946703600ca3c5e'),
(17, 1, '2016-10-30 14:22:07', 1, '0ba4d1d0bc01d2a5b3abdbc36e512e12'),
(19, 20, '2016-11-01 21:38:21', 0, 'ebf55141712bde19cfeffcd95798a195'),
(20, 27, '2016-11-07 15:21:29', 0, 'afc07d52111365a18ac781fec34248a1'),
(21, 28, '2016-11-07 15:22:11', 0, '9208a9e2ac65991453d4141f8b81f60b'),
(22, 29, '2016-11-07 15:24:21', 0, '2ab7a6b1c9a70288a4ad50e9eb365e79'),
(23, 30, '2016-11-07 15:25:28', 0, 'f73d77b6f506942343688f9f08fb6763'),
(24, 31, '2016-11-07 15:27:56', 1, 'b89d9049f35e02b2be57aea2b2c393e7'),
(25, 31, '2016-11-07 15:46:28', 1, 'a7369773cfc392c5516570ee3194fa4a'),
(26, 31, '2016-11-07 15:48:25', 1, '8404f98d15e6d29004dba69258c3df78'),
(27, 33, '2016-11-08 21:05:25', 0, 'f5fbb3cb62813bac844d67538329427c'),
(28, 35, '2016-11-08 21:09:50', 0, '36f9dad86eb76cf3bab210ceb124ff56'),
(29, 36, '2016-11-08 21:30:53', 0, 'd5b62cc95af721dfda31f17894a9588d'),
(30, 37, '2016-11-08 21:31:11', 0, 'f728b6208601578418163ad16b8b820b'),
(31, 38, '2016-11-08 21:32:51', 0, 'a71301bb1e5d448cd5955fe0809bc6c8'),
(32, 39, '2016-11-08 21:41:16', 0, '3a2048f8a7fed285b5c8c23065bfc38b'),
(33, 39, '2016-11-08 21:48:55', 0, 'f6ad918fa6119c9274c0d24f1c721f36'),
(34, 39, '2016-11-08 21:54:03', 0, '5ce8d5e818112df5f9ff8683747fa897'),
(35, 39, '2016-11-21 17:29:37', 0, '5848191469dcdc741db9e59bc64918e8'),
(36, 39, '2016-11-26 09:58:17', 0, 'a3d7f67c4ad85df76040cbfd26bbebdb'),
(37, 39, '2016-11-26 09:59:25', 0, 'f6d8fd657b5787a71944df2ab7a62944'),
(38, 39, '2016-11-26 09:59:26', 0, '9c2ad050429b4e3faf963ffa438bae94'),
(39, 39, '2016-11-26 09:59:27', 0, 'd624917033825fbc54f593a60f9550a9'),
(40, 39, '2016-11-26 16:58:57', 0, '055e1bd4dfd5c75d8c703828872f86ea'),
(41, 41, '2016-11-26 17:05:43', 0, 'a64c21286cfa38d33d968455b9161f49'),
(42, 42, '2016-11-26 17:27:42', 0, '3bf2a1ab3cf583147e8a18bd229c04a1'),
(43, 43, '2016-11-26 17:39:27', 0, '269e814fd83b168bf1e6dd01a79b430b'),
(44, 44, '2016-11-26 17:47:15', 0, 'b6addece4dbb3af3ddbce83d84a00fae'),
(45, 45, '2016-11-26 17:48:23', 0, 'a87b9fbd17794d3020305c6aa5595f91'),
(46, 46, '2016-11-26 17:49:12', 0, '01fb5f6b7b1899aa004f9bb7a1882ea3'),
(47, 47, '2016-11-26 17:53:53', 0, 'd88f865e0df2dd17ca1cc5d3309685d8'),
(48, 48, '2016-11-26 17:54:14', 0, '6bb098181cba7882fd6f5d7742835840'),
(49, 39, '2016-11-26 17:57:32', 0, 'af897e542e6bf98aece10ccd99a4c88b'),
(50, 39, '2016-11-26 17:59:08', 0, 'e7ef677f215ee3766b022ce60170ed6e'),
(51, 39, '2016-11-27 21:36:06', 0, '9a8c2a34067faaf385ebd84914828a86'),
(52, 39, '2016-12-05 14:12:50', 0, '2d461ebf6c5364e366e759f234d9434e'),
(53, 49, '2016-12-05 14:14:19', 0, '043da28f1abe8a9acd757b23384c0537'),
(54, 39, '2016-12-20 12:32:35', 0, '1e98aeda42e57c96878793b97c9faac8'),
(55, 39, '2016-12-20 12:55:57', 0, '87877fee262f276d792c60dfaf83ed91'),
(56, 39, '2016-12-20 22:17:33', 0, 'bab4a2529ada6716d5450c9f53c88479'),
(57, 39, '2016-12-20 22:52:29', 0, '406fff160a49e6ac6ded24fe96da1c24'),
(58, 50, '2016-12-20 22:56:35', 0, '1cdcd39e06d90483ffb0dc73638f3c40'),
(59, 39, '2016-12-20 23:00:58', 0, 'b74d955a2312d1871763e302e0297130'),
(60, 39, '2016-12-20 23:05:55', 0, 'a809c4e49494e95bf07d3f7ef015a8c9'),
(61, 39, '2016-12-24 00:20:20', 0, 'cF2WUPLJeagJ8Ut05oVsX8UO1G2njjZlU3MP4/aI7V/qZiFpRY2Pao3pZip/dmykhQDNhYjFXWp/TIpKbBFpoA=='),
(62, 39, '2016-12-24 00:24:57', 0, 'sn/yv1TijVcqin9FrIPDScUO1G2njjZlU3MP4/aI7V/qZiFpRY2Pajeh5YsSBbLbHrqhvKOBa9l/TIpKbBFpoA=='),
(63, 64, '2016-12-24 01:32:36', 0, 'O55iHms96MgbMyRqdODXmExc9/lkvIiuxrEAKgJzArewWl5GGlBVevB2/4ljvwyumGqvStuf1bQKXZ7oJwesAQ=='),
(64, 65, '2016-12-24 01:37:20', 0, 'NMvKfMq8s39MZg/Lx6+Z7sMhOnV2AhNfLn6K1diH+UR8T0LaK/dVcWFklZ2/8rtyYD4sFGRF9OujpCYXi+iOng=='),
(65, 66, '2017-01-04 16:32:44', 0, 'unxcpY9V6O6JiooRBUXkAfCEIJh2hp1DlHMRBNf6wbNUKfUN7vkRz1gVOqaG0Y/KeuaXr3XF1co='),
(66, 66, '2017-01-04 17:00:01', 0, 'BAb4vPQvzN7fpAsHNTuewPCEIJh2hp1DlHMRBNf6wbNUKfUN7vkRz3NvIxatEqVFeuaXr3XF1co='),
(67, 66, '2017-01-04 17:24:06', 0, '8G1z7kT2+/Ee6mKqzymR2wfQTXCRgijLj0hslw33O9x6ohVRg0A0n/mqGFAppRKC5NmRjwN0AJQ='),
(68, 66, '2017-01-04 17:31:19', 0, 'zsQFgDXRR2RH39HduJZrScMhOnV2AhNfLn6K1diH+UR8T0LaK/dVcW77mYl+6FaZJ2dKHVGD36+jpCYXi+iOng=='),
(69, 66, '2017-01-04 17:33:22', 0, 'r0rPfHjojpsNnhff7i8F7hpVb0MTbG+YVrsBrSwvdz/2Gz+wvu8I2uTlsIXcscScx6wuZJqW1217rIcx2w0tDw=='),
(70, 66, '2017-01-04 19:59:34', 0, 'Ns/OfWZD6PRDAVvLCyfiUcMhOnV2AhNfLn6K1diH+UR8T0LaK/dVcfk94sGBeWWz3WEIGvLIkC2jpCYXi+iOng=='),
(71, 66, '2017-01-04 20:25:16', 0, 'PtMDsJW1hZtxxLcFnbxuYRpVb0MTbG+YVrsBrSwvdz/2Gz+wvu8I2gCoCRR2H+yg9PeNoT1vaAF7rIcx2w0tDw=='),
(72, 66, '2017-01-04 20:38:50', 0, 'ax8aiH0YUt+Csx9i8t/6+BpVb0MTbG+YVrsBrSwvdz/2Gz+wvu8I2mHyTzM8FmAy/fSAS7vWohF7rIcx2w0tDw=='),
(73, 1, '2017-01-04 20:45:08', 1, '2YVL+t4RLTB3t/f6piiwlcMhOnV2AhNfLn6K1diH+UR8T0LaK/dVcZ75mvQhlhQi0FY5CNZAmiujpCYXi+iOng=='),
(74, 1, '2017-01-04 20:51:11', 1, 'tqvnIQdq1JxXc2xS0dFlk8MhOnV2AhNfLn6K1diH+UR8T0LaK/dVcdAAjXehDx1990o5gvoUp7yjpCYXi+iOng=='),
(75, 1, '2017-01-04 21:02:05', 1, 'xIZkPR107ky7RcaZDmPqXsMhOnV2AhNfLn6K1diH+UR8T0LaK/dVcZVBCjv8SvqnceueryWXW72jpCYXi+iOng=='),
(76, 1, '2017-01-04 21:06:39', 1, 'hRmNKodChhEiFN+VOharr8MhOnV2AhNfLn6K1diH+UR8T0LaK/dVcejXKKibHKFkQbB79pRSMHujpCYXi+iOng=='),
(77, 1, '2017-01-04 21:15:03', 1, 'g8wfG9zbIKS8wY4882B1HxpVb0MTbG+YVrsBrSwvdz/2Gz+wvu8I2kb4jF7UWpxw2vjG//N2EMl7rIcx2w0tDw=='),
(78, 1, '2017-01-04 21:18:24', 1, 'x0tBM0UOu8bjBIUQk90o6MMhOnV2AhNfLn6K1diH+UR8T0LaK/dVca6A8gqpBQqsdnuP0Zra5dKjpCYXi+iOng=='),
(79, 67, '2017-01-04 23:26:57', 0, 'Y33uVQx4Ml7rYHKFA3sbpxpVb0MTbG+YVrsBrSwvdz/2Gz+wvu8I2rlRRG/lkNWALcsBzpF5Bq17rIcx2w0tDw=='),
(80, 68, '2017-01-04 23:27:50', 0, 'Tdrb6msnp4OEbPQH12hL4sMhOnV2AhNfLn6K1diH+UR8T0LaK/dVceafYWfAmslm54Jaz5u2aCujpCYXi+iOng=='),
(81, 69, '2017-01-04 23:28:47', 0, 'qycqazZ8X2h39pd+gVKABsMhOnV2AhNfLn6K1diH+UR8T0LaK/dVcVTGgQj+j5RBRw7MPB3LhdqjpCYXi+iOng=='),
(82, 70, '2017-01-04 23:29:35', 0, '2aFqseqFyGtA7ZbI0v1W+hpVb0MTbG+YVrsBrSwvdz/2Gz+wvu8I2qLuQ/QRULm0yQRXairXUud7rIcx2w0tDw=='),
(83, 71, '2017-01-04 23:31:07', 0, 'wzPWiPhYg1Ld67ovyeG4K8MhOnV2AhNfLn6K1diH+UR8T0LaK/dVcZMGrlg7bYSJOm08c/ECFoKjpCYXi+iOng=='),
(84, 1, '2017-01-05 00:23:46', 1, 'tjcVN0jEy6214f1FKyk4BsMhOnV2AhNfLn6K1diH+UR8T0LaK/dVcW3Uy4bbeOsFsyrQvcyHSs6jpCYXi+iOng=='),
(85, 1, '2017-01-05 00:24:05', 1, 'uFIbUmdTCJOaKKuu5QyS/vCEIJh2hp1DlHMRBNf6wbNUKfUN7vkRz7PkqAUYU0UeQ2vuIbgVtAI='),
(86, 1, '2017-01-05 00:24:15', 1, 'MAW5z+jZ9GPLpwkWjVAx78MhOnV2AhNfLn6K1diH+UR8T0LaK/dVcQOyx5B/FZy4pgToi9503JejpCYXi+iOng=='),
(87, 1, '2017-01-05 00:25:39', 1, 'Ia86+HsoxQBx2V9Cip9xrxpVb0MTbG+YVrsBrSwvdz/2Gz+wvu8I2uaU0mP2eRhvAxa65VqdYJx7rIcx2w0tDw=='),
(88, 1, '2017-01-05 00:26:12', 1, 'udttIf/xle7iSUQnZ665rBpVb0MTbG+YVrsBrSwvdz/2Gz+wvu8I2pt0HxneOYode+BWIvokDvB7rIcx2w0tDw=='),
(89, 1, '2017-01-05 00:26:29', 1, '1EibP6QXHCCgJ/Oi+R6OT8MhOnV2AhNfLn6K1diH+UR8T0LaK/dVcWqyVQ3qlEK0izEjLh98lE6jpCYXi+iOng=='),
(90, 1, '2017-01-05 00:26:41', 1, 'OpvUxMtk49yCsx9i8t/6+BpVb0MTbG+YVrsBrSwvdz/2Gz+wvu8I2taoSZvF8p9gLqPpQXr6sXZ7rIcx2w0tDw=='),
(91, 1, '2017-01-05 00:27:59', 1, '1xSLYiLtTc3GqPpI5FhLCRpVb0MTbG+YVrsBrSwvdz/2Gz+wvu8I2gLJU/iJoDene+BWIvokDvB7rIcx2w0tDw=='),
(92, 1, '2017-01-05 00:28:14', 1, 'xh76aDwNphdJtuInOPcPkBpVb0MTbG+YVrsBrSwvdz/2Gz+wvu8I2pqv9Ih81RK49gOraSU1B9V7rIcx2w0tDw=='),
(93, 1, '2017-01-05 00:31:13', 1, 'DN9YhW0vqB8u8Yd3xjV6msMhOnV2AhNfLn6K1diH+UR8T0LaK/dVcTibjYUt0uEFNKms2enI54WjpCYXi+iOng=='),
(94, 1, '2017-01-05 00:39:38', 1, 'SgagRLsecdGcdc1KGNdUmfCEIJh2hp1DlHMRBNf6wbNUKfUN7vkRzxWAzqPJ90mGQ2vuIbgVtAI='),
(95, 1, '2017-01-05 00:40:30', 1, 'ssZfSecfUkTs4kK75iMnQRpVb0MTbG+YVrsBrSwvdz/2Gz+wvu8I2ruCEilXM/kvo6RMWM88+g17rIcx2w0tDw=='),
(96, 1, '2017-01-05 00:41:57', 1, 'X4IzpNl/OLAW9qeW5aUc8cMhOnV2AhNfLn6K1diH+UR8T0LaK/dVcfSXMlVk0NElcLmUKOH6sw6jpCYXi+iOng=='),
(97, 1, '2017-01-05 00:43:45', 1, 'nREJh55HtB9kefh37n0QAPCEIJh2hp1DlHMRBNf6wbNUKfUN7vkRz1PmZrEQzk1iQ2vuIbgVtAI='),
(98, 1, '2017-01-05 00:47:05', 1, '2JeZvkGb6P7jBIUQk90o6MMhOnV2AhNfLn6K1diH+UR8T0LaK/dVcQTDfWbPLyb5Pg1aBIz4G3ijpCYXi+iOng=='),
(99, 1, '2017-01-05 00:50:17', 1, 'Hikj8UgHXN44DxjkJRsktBpVb0MTbG+YVrsBrSwvdz/2Gz+wvu8I2nOYdqNI/2InLqPpQXr6sXZ7rIcx2w0tDw=='),
(100, 1, '2017-01-05 00:52:52', 1, '6SGU/S6j6VVuoxqssbrgLBpVb0MTbG+YVrsBrSwvdz/2Gz+wvu8I2orpF27jE3fefXcyrElWFOp7rIcx2w0tDw=='),
(101, 1, '2017-01-05 00:53:17', 1, '5qbbPPUIzcV2Elwr5YKgwBpVb0MTbG+YVrsBrSwvdz/2Gz+wvu8I2msnigseq9ue9gOraSU1B9V7rIcx2w0tDw=='),
(102, 1, '2017-01-05 00:53:31', 1, 'aVgQXxZF3uHGqPpI5FhLCRpVb0MTbG+YVrsBrSwvdz/2Gz+wvu8I2rk0vgNg5psojgieV96+Sgt7rIcx2w0tDw=='),
(103, 1, '2017-01-05 00:56:54', 1, '2bA5iOwOAndWjtume09gFxpVb0MTbG+YVrsBrSwvdz/2Gz+wvu8I2qcLhCZ18dHCo6RMWM88+g17rIcx2w0tDw=='),
(104, 1, '2017-01-05 01:03:34', 1, 'v4v6yO46mV5YofM/YvePKcMhOnV2AhNfLn6K1diH+UR8T0LaK/dVcQqVLIsX2KcsTTQ1hCUp0dSjpCYXi+iOng=='),
(105, 1, '2017-01-05 09:46:43', 1, 'ZDE5XbO0Jt2JfLxGYS685MMhOnV2AhNfLn6K1diH+UR8T0LaK/dVcWFElHLhJ0uFWQpV1GHOwB2jpCYXi+iOng=='),
(106, 1, '2017-01-05 10:05:07', 1, 'zHonOdnokJaJiooRBUXkAfCEIJh2hp1DlHMRBNf6wbNUKfUN7vkRz+UrA6ZYTOuzQ2vuIbgVtAI='),
(107, 1, '2017-01-05 10:08:55', 1, '8SowxeX1vMJRwamTgL41ohpVb0MTbG+YVrsBrSwvdz/2Gz+wvu8I2iuGDoo6A5CM2vjG//N2EMl7rIcx2w0tDw=='),
(108, 1, '2017-01-05 10:13:00', 1, 'VNewsRkAHRmq75rNNuPfgsMhOnV2AhNfLn6K1diH+UR8T0LaK/dVcZ+CEmRoG7naf8LSVvtRusWjpCYXi+iOng=='),
(109, 1, '2017-01-05 10:19:56', 1, 'zOqnYsX6Yc+f5szJ3HvdNhpVb0MTbG+YVrsBrSwvdz/2Gz+wvu8I2qgGn0WFTvuee+BWIvokDvB7rIcx2w0tDw=='),
(110, 1, '2017-01-05 10:28:19', 1, 'QSqm5q7iZa5WnSwG/16FoMMhOnV2AhNfLn6K1diH+UR8T0LaK/dVcdpx6whNHTjPL5XX7t+Yh2qjpCYXi+iOng=='),
(111, 1, '2017-01-05 10:30:22', 1, '3q0COcgHt3dA7ZbI0v1W+hpVb0MTbG+YVrsBrSwvdz/2Gz+wvu8I2k6RLMR7uWRDa5sr9eEzTtx7rIcx2w0tDw=='),
(112, 1, '2017-01-05 10:32:15', 1, 'yRJaOhlDKj1vJ4/BvNQ4TPCEIJh2hp1DlHMRBNf6wbNUKfUN7vkRz2pGFYIYpbvfQ2vuIbgVtAI='),
(113, 1, '2017-01-05 10:33:51', 1, 'BE+x3XoQ/FwoAXhTEdhBFRpVb0MTbG+YVrsBrSwvdz/2Gz+wvu8I2tFnl0pzVy9DjgieV96+Sgt7rIcx2w0tDw=='),
(114, 1, '2017-01-05 10:37:38', 1, 'cnYgYa2zfOffpAsHNTuewPCEIJh2hp1DlHMRBNf6wbNUKfUN7vkRzxfaAhpC8FKgQ2vuIbgVtAI='),
(115, 1, '2017-01-05 10:45:28', 1, '/+hJ5NGS2Bnja4TTMBj42sMhOnV2AhNfLn6K1diH+UR8T0LaK/dVcXv64LyXLvE33fmCNZfg/bCjpCYXi+iOng=='),
(116, 1, '2017-01-05 10:47:11', 1, 'jn1T+ckIMn5hRyyoIxpwV8MhOnV2AhNfLn6K1diH+UR8T0LaK/dVcUfsw4KrRNmoAO+hDYEg9zGjpCYXi+iOng=='),
(117, 1, '2017-01-05 10:48:29', 1, 'Xr0qMrc10/MJJPpJkJu6xxpVb0MTbG+YVrsBrSwvdz/2Gz+wvu8I2pS3Mb+7+KpMo6RMWM88+g17rIcx2w0tDw=='),
(118, 1, '2017-01-05 10:51:55', 1, 'YAXaDd0JpPeaKKuu5QyS/vCEIJh2hp1DlHMRBNf6wbNUKfUN7vkRzzqdHBkMDDkbQ2vuIbgVtAI='),
(119, 1, '2017-01-05 10:52:14', 1, 'qC+0El41qUqEc5L6Ui2dnhpVb0MTbG+YVrsBrSwvdz/2Gz+wvu8I2rgVDaNfX2jomZE95gFhV357rIcx2w0tDw=='),
(120, 1, '2017-01-05 10:55:27', 1, 'i8KAzjW/wlqfcmGgzfLo8MMhOnV2AhNfLn6K1diH+UR8T0LaK/dVcX1hD4PNEDPJK1e2njF+O1GjpCYXi+iOng=='),
(121, 1, '2017-01-05 10:59:45', 1, 'pAYCH+hZ5WYNnhff7i8F7hpVb0MTbG+YVrsBrSwvdz/2Gz+wvu8I2mZljovvyM1ojgieV96+Sgt7rIcx2w0tDw=='),
(122, 1, '2017-01-05 11:00:53', 1, 'Z+fgqNvkRM8lu6q2s/ikscMhOnV2AhNfLn6K1diH+UR8T0LaK/dVcW5koxsBtyt5AO+hDYEg9zGjpCYXi+iOng=='),
(123, 1, '2017-01-05 11:03:14', 1, 'JfAZIlNDdxj8NQjRLXMKzhpVb0MTbG+YVrsBrSwvdz/2Gz+wvu8I2lY86X0nibOG9gOraSU1B9V7rIcx2w0tDw=='),
(124, 1, '2017-01-05 11:09:49', 1, 'sQ6CAgnlIykbo0l5MrXSQBpVb0MTbG+YVrsBrSwvdz/2Gz+wvu8I2syjIQRlYVTv9gOraSU1B9V7rIcx2w0tDw=='),
(125, 1, '2017-01-05 11:11:17', 1, 'Y7tbXcMd23Ar3sYbBLmObhpVb0MTbG+YVrsBrSwvdz/2Gz+wvu8I2mFhBMsZmZfrAxa65VqdYJx7rIcx2w0tDw=='),
(126, 1, '2017-01-05 11:15:11', 1, 'hj9dAjmobvs2cUGCHYbxR8MhOnV2AhNfLn6K1diH+UR8T0LaK/dVcXILCAO8xDYpWUno33TDo3ejpCYXi+iOng=='),
(127, 1, '2017-01-05 11:17:26', 1, 'ESC9D2n4pbzybjtgCiImgMMhOnV2AhNfLn6K1diH+UR8T0LaK/dVce+PjpJ89LJ8WUno33TDo3ejpCYXi+iOng=='),
(128, 1, '2017-01-05 11:20:09', 1, 'WG2aZzCkUGMaiUqH5wMfSMMhOnV2AhNfLn6K1diH+UR8T0LaK/dVcYoAWXw5SabrIbUuBX/0o+ajpCYXi+iOng=='),
(129, 1, '2017-01-05 11:20:27', 1, '9ocLfA8RZwE4azgRnmar+vCEIJh2hp1DlHMRBNf6wbNUKfUN7vkRz45UsgnftLIyQ2vuIbgVtAI='),
(130, 1, '2017-01-05 11:20:50', 1, 'zv29Ja6OXjSLVpiNAS9pOxpVb0MTbG+YVrsBrSwvdz/2Gz+wvu8I2g2WhkWRrFqHo6RMWM88+g17rIcx2w0tDw=='),
(131, 1, '2017-01-05 11:21:22', 1, 'k5J09c9yulYe6mKqzymR2wfQTXCRgijLj0hslw33O9yj6Skr/eGXO6JDVhhZdJJi1RXzzLIInfI='),
(132, 1, '2017-01-05 11:25:35', 1, 'RMOmEN8YlX/ian9uYoHJpsMhOnV2AhNfLn6K1diH+UR8T0LaK/dVcdRkIb0M0BWUHSLdlsxvEQSjpCYXi+iOng=='),
(133, 1, '2017-01-05 11:26:06', 1, 'I2qETU+22veyBbc+anhophpVb0MTbG+YVrsBrSwvdz/2Gz+wvu8I2h02zFDpSEjbo6RMWM88+g17rIcx2w0tDw=='),
(134, 1, '2017-01-05 11:29:50', 1, 'etvvlyuntj/FgIRuyhR9bcMhOnV2AhNfLn6K1diH+UR8T0LaK/dVcYsSdYegi3velxclH05QLLOjpCYXi+iOng=='),
(135, 1, '2017-01-05 11:34:12', 1, 'RQn9S3C9/0ZH1WD61bnMghpVb0MTbG+YVrsBrSwvdz/2Gz+wvu8I2q2sIg1VGFnqe+BWIvokDvB7rIcx2w0tDw=='),
(136, 1, '2017-01-05 11:36:39', 1, 'Et0ZZPnZmjP2ybn3DaguWBpVb0MTbG+YVrsBrSwvdz/2Gz+wvu8I2g76cjyE7P/G9gOraSU1B9V7rIcx2w0tDw=='),
(137, 72, '2017-01-05 11:38:34', 0, 'EXhlW1NHzwcAZhipsEYfMcMhOnV2AhNfLn6K1diH+UR8T0LaK/dVcQmFj1y9sLfI5KsmcsgEvyijpCYXi+iOng=='),
(138, 1, '2017-01-05 11:38:37', 1, 'vRu9eQGUYS9kefh37n0QAPCEIJh2hp1DlHMRBNf6wbNUKfUN7vkRz5DxgQCXIj/hQ2vuIbgVtAI='),
(139, 73, '2017-01-05 11:40:04', 0, 'WTKe6IqS4hKoSQen4UkUgMMhOnV2AhNfLn6K1diH+UR8T0LaK/dVcdR4PWDoqfUw0PX8QJpdkBmjpCYXi+iOng=='),
(140, 1, '2017-01-05 11:40:18', 1, 'zBR55JSq9v78NQjRLXMKzhpVb0MTbG+YVrsBrSwvdz/2Gz+wvu8I2px/p8+IirSnfXcyrElWFOp7rIcx2w0tDw=='),
(141, 74, '2017-01-05 11:40:48', 0, 'y2VaLHUX+dv57vV5k2ZKOPCEIJh2hp1DlHMRBNf6wbNUKfUN7vkRzx6LDIWbCOldxuG6Dud91vI='),
(142, 1, '2017-01-05 11:52:43', 1, 'sgfcKudlvvGcdc1KGNdUmfCEIJh2hp1DlHMRBNf6wbNUKfUN7vkRz/yktE7OiQvBQ2vuIbgVtAI='),
(143, 1, '2017-01-05 11:54:04', 1, 'yfQkRQ/ZuRLfpAsHNTuewPCEIJh2hp1DlHMRBNf6wbNUKfUN7vkRz3GrnkKNJTdEQ2vuIbgVtAI='),
(144, 1, '2017-01-05 11:57:46', 1, 'DyQHnOVUPs8FvJqf4Oqo2vCEIJh2hp1DlHMRBNf6wbNUKfUN7vkRz2+xw7oeLcWFQ2vuIbgVtAI='),
(145, 1, '2017-01-05 11:58:22', 1, 'EX08cEyc+Fx/bqXIWGfJsMMhOnV2AhNfLn6K1diH+UR8T0LaK/dVceUsVtCPIEOVDlzZKOxeX8WjpCYXi+iOng=='),
(146, 1, '2017-01-05 11:58:44', 1, 'cacXAbWCnxXm2hqRa6YemhpVb0MTbG+YVrsBrSwvdz/2Gz+wvu8I2mlRkmNlvPwu2vjG//N2EMl7rIcx2w0tDw=='),
(147, 1, '2017-01-05 11:58:55', 1, 'o6jupyocSzue+iDim4HJfRpVb0MTbG+YVrsBrSwvdz/2Gz+wvu8I2o6uf1trSTfRLqPpQXr6sXZ7rIcx2w0tDw=='),
(148, 1, '2017-01-05 12:01:11', 1, 'ks6qFMQkNqXGqPpI5FhLCRpVb0MTbG+YVrsBrSwvdz/2Gz+wvu8I2g9hd25rqlGrfXcyrElWFOp7rIcx2w0tDw=='),
(149, 1, '2017-01-05 12:01:36', 1, 'btWJ/QmGV35fj7b0vg7JFMMhOnV2AhNfLn6K1diH+UR8T0LaK/dVce8PSbUrB9xMHSLdlsxvEQSjpCYXi+iOng=='),
(150, 1, '2017-01-05 12:02:59', 1, 'xzk6JFAl2EJvJ4/BvNQ4TPCEIJh2hp1DlHMRBNf6wbNUKfUN7vkRz5NhwXq+rRNsQ2vuIbgVtAI='),
(151, 1, '2017-01-05 12:04:31', 1, 'KTW7YWnAzM3H2I8Zjo3YshpVb0MTbG+YVrsBrSwvdz/2Gz+wvu8I2l35CrWZLPmYe+BWIvokDvB7rIcx2w0tDw=='),
(152, 1, '2017-01-05 12:05:27', 1, '5caDzP6akW9oCuY4aMlTIxpVb0MTbG+YVrsBrSwvdz/2Gz+wvu8I2v+jsZHV35yG2vjG//N2EMl7rIcx2w0tDw=='),
(153, 1, '2017-01-05 12:05:39', 1, 'E5qthLuXBs8CmjuCZjiYZxpVb0MTbG+YVrsBrSwvdz/2Gz+wvu8I2hR7siY2aq33fXcyrElWFOp7rIcx2w0tDw=='),
(154, 1, '2017-01-05 12:06:51', 1, 'kNc45sCdQ/HH4cdbq8m2XhpVb0MTbG+YVrsBrSwvdz/2Gz+wvu8I2o1+lFhzxJuW9gOraSU1B9V7rIcx2w0tDw=='),
(155, 1, '2017-01-05 12:07:15', 1, '/IZMwr/CObBHc2mMiUiXpsMhOnV2AhNfLn6K1diH+UR8T0LaK/dVcVA4qwXWkJbJIEkdJhAxTnajpCYXi+iOng=='),
(156, 1, '2017-01-05 12:09:44', 1, 'vgR5VFh1zoM4azgRnmar+vCEIJh2hp1DlHMRBNf6wbNUKfUN7vkRz61F1YAKH2GjQ2vuIbgVtAI='),
(157, 1, '2017-01-05 12:13:25', 1, 'vZik49wG20gJJPpJkJu6xxpVb0MTbG+YVrsBrSwvdz/2Gz+wvu8I2mgB3AHUPTHNAxa65VqdYJx7rIcx2w0tDw=='),
(158, 1, '2017-01-05 12:14:58', 1, 'i737Va7TfmaRNlAWk3DsaRpVb0MTbG+YVrsBrSwvdz/2Gz+wvu8I2lxHger6IYYue+BWIvokDvB7rIcx2w0tDw=='),
(159, 1, '2017-01-05 12:18:39', 1, 'kH1GXWDwz+8OxK+Y428j/xpVb0MTbG+YVrsBrSwvdz/2Gz+wvu8I2s6owgB6gvthjgieV96+Sgt7rIcx2w0tDw=='),
(160, 1, '2017-01-05 12:18:56', 1, 'xL6oX4GYmaIiq1iZtkQPYxpVb0MTbG+YVrsBrSwvdz/2Gz+wvu8I2mWSYChnDqAijgieV96+Sgt7rIcx2w0tDw=='),
(161, 1, '2017-01-05 12:23:03', 1, 'yXvdnYnDymWaKKuu5QyS/vCEIJh2hp1DlHMRBNf6wbNUKfUN7vkRz3esWMZXPxjAQ2vuIbgVtAI='),
(162, 1, '2017-01-05 12:23:12', 1, '+HEBvQ8MU9E0khjQp0/dGRpVb0MTbG+YVrsBrSwvdz/2Gz+wvu8I2mzhZiNpN7wPAxa65VqdYJx7rIcx2w0tDw=='),
(163, 1, '2017-01-05 12:25:26', 1, 'u33J2gs7xVkjwwLnuLhMqRpVb0MTbG+YVrsBrSwvdz/2Gz+wvu8I2pSH59Wx8USVjgieV96+Sgt7rIcx2w0tDw=='),
(164, 1, '2017-01-05 12:26:58', 1, 'jky5/B3aVf5wi25NF28008MhOnV2AhNfLn6K1diH+UR8T0LaK/dVcVqLRGH6T9XTzIqYA+cFJJyjpCYXi+iOng=='),
(165, 1, '2017-01-05 12:30:22', 1, 'sdOJCNSoQmTm2hqRa6YemhpVb0MTbG+YVrsBrSwvdz/2Gz+wvu8I2gAT3FdeeBGd2vjG//N2EMl7rIcx2w0tDw=='),
(166, 1, '2017-01-05 12:31:07', 1, 'ckTNv7gVVOZcB4xEGOAABBpVb0MTbG+YVrsBrSwvdz/2Gz+wvu8I2lMu+NYpevxDAxa65VqdYJx7rIcx2w0tDw=='),
(167, 1, '2017-01-05 12:32:29', 1, 'e2fW3YgIVO8Yd6EQ4aWFGMMhOnV2AhNfLn6K1diH+UR8T0LaK/dVcbjI4u8OeG6dI23vm1Teg9GjpCYXi+iOng=='),
(168, 1, '2017-01-05 12:37:58', 1, 'LygCWhM2lmmva6qDT3PBu8MhOnV2AhNfLn6K1diH+UR8T0LaK/dVcQcx+1qGnjF3DlzZKOxeX8WjpCYXi+iOng=='),
(169, 1, '2017-01-05 12:41:15', 1, 'dGiqFNRbc7AiQcglcbK75sMhOnV2AhNfLn6K1diH+UR8T0LaK/dVcXpd0ociK+t1/X9NjzqtYjKjpCYXi+iOng=='),
(170, 1, '2017-01-05 12:48:20', 1, '5Srb9J94ghrZJbbDbXot+8MhOnV2AhNfLn6K1diH+UR8T0LaK/dVcby62qUTia3s/PrHNyeaUVGjpCYXi+iOng=='),
(171, 1, '2017-01-05 12:53:11', 1, 'ejwOqT4IjW8FEVEOscU6/hpVb0MTbG+YVrsBrSwvdz/2Gz+wvu8I2vGHekCoDU93fXcyrElWFOp7rIcx2w0tDw=='),
(172, 84, '2017-01-05 12:53:40', 0, '+4f+F2/okt8cWsSZvkiztMMhOnV2AhNfLn6K1diH+UR8T0LaK/dVcXJGonDgGLmuNm+4AbkDQ7ejpCYXi+iOng=='),
(173, 1, '2017-01-05 12:55:26', 1, '1vU18nHp8QQe6mKqzymR2wfQTXCRgijLj0hslw33O9wkBawB1LpTUOncTzsJKmj11RXzzLIInfI='),
(174, 1, '2017-01-05 12:56:13', 1, 'VX1YS0QsBZtgiV3gQmFj/MMhOnV2AhNfLn6K1diH+UR8T0LaK/dVcT/Xpyx52v09oLRW3O0uJDujpCYXi+iOng=='),
(175, 1, '2017-01-05 12:56:50', 1, 'wY5uV7TEmrZ2Elwr5YKgwBpVb0MTbG+YVrsBrSwvdz/2Gz+wvu8I2mrHD0/DI7wtAxa65VqdYJx7rIcx2w0tDw=='),
(176, 1, '2017-01-05 13:04:44', 1, 'eD3d5fbiGx+lrOpOKGYOnhpVb0MTbG+YVrsBrSwvdz/2Gz+wvu8I2oKpGlGHehuP9gOraSU1B9V7rIcx2w0tDw=='),
(177, 1, '2017-01-05 13:04:49', 1, 'qJPQloTvPkpuoxqssbrgLBpVb0MTbG+YVrsBrSwvdz/2Gz+wvu8I2gJsZkuENI8lo6RMWM88+g17rIcx2w0tDw=='),
(178, 1, '2017-01-05 13:04:53', 1, 'Tu3p3nQ/VGUe6mKqzymR2wfQTXCRgijLj0hslw33O9wkBawB1LpTUCmpFsCQ3DPq1RXzzLIInfI='),
(179, 1, '2017-01-05 13:07:08', 1, 'f667jd+mdN1VI3WZ5cSkR8MhOnV2AhNfLn6K1diH+UR8T0LaK/dVcUR248i2e6aY2tHLCnsBUf+jpCYXi+iOng=='),
(180, 1, '2017-01-05 13:07:13', 1, 'TPdGjnaro7U4azgRnmar+vCEIJh2hp1DlHMRBNf6wbNUKfUN7vkRzxvEJV+J5aNUQ2vuIbgVtAI='),
(181, 1, '2017-01-05 13:08:28', 1, 'jsaDLvu6lILBqnScqOQ+GBpVb0MTbG+YVrsBrSwvdz/2Gz+wvu8I2sxNfJVwANpOe+BWIvokDvB7rIcx2w0tDw=='),
(182, 1, '2017-01-05 13:08:37', 1, 'oScdPeygO6ef5szJ3HvdNhpVb0MTbG+YVrsBrSwvdz/2Gz+wvu8I2gI9aHCrSmaxmZE95gFhV357rIcx2w0tDw=='),
(183, 1, '2017-01-05 13:09:33', 1, 'poaTsTgR92Zkefh37n0QAPCEIJh2hp1DlHMRBNf6wbNUKfUN7vkRzwD/pIWr1MvxQ2vuIbgVtAI='),
(184, 1, '2017-01-05 13:15:08', 1, 'IypktSPMxFbH2I8Zjo3YshpVb0MTbG+YVrsBrSwvdz/2Gz+wvu8I2jt/MDQ/DsSxmZE95gFhV357rIcx2w0tDw=='),
(185, 1, '2017-01-05 13:21:35', 1, 'sukj5hzeIJUq0nNVHSYpLMMhOnV2AhNfLn6K1diH+UR8T0LaK/dVcQ52/LEoY/SpINzTC0M3RECjpCYXi+iOng=='),
(186, 1, '2017-01-05 13:24:07', 1, 'c5W3aMz/AE0bo0l5MrXSQBpVb0MTbG+YVrsBrSwvdz/2Gz+wvu8I2qao6xp+O3HafXcyrElWFOp7rIcx2w0tDw=='),
(187, 1, '2017-01-05 13:27:46', 1, 'VMLB8cl9mYL57vV5k2ZKOPCEIJh2hp1DlHMRBNf6wbNUKfUN7vkRz33ammMiStBqQ2vuIbgVtAI='),
(188, 1, '2017-01-05 13:29:22', 1, 'Mw0TQSZfiZ/fpAsHNTuewPCEIJh2hp1DlHMRBNf6wbNUKfUN7vkRzydhmmAn4AnwQ2vuIbgVtAI='),
(189, 1, '2017-01-05 13:30:32', 1, 'FsNJISJ3jyDmwjj1ocfhuxpVb0MTbG+YVrsBrSwvdz/2Gz+wvu8I2ngVyCYavifImZE95gFhV357rIcx2w0tDw=='),
(190, 1, '2017-01-05 13:32:40', 1, 'YokCJVPIFi7adP7whul7OxpVb0MTbG+YVrsBrSwvdz/2Gz+wvu8I2jRztfJKNKod9gOraSU1B9V7rIcx2w0tDw=='),
(191, 1, '2017-01-05 13:36:35', 1, 'eemztQl5FwvfpAsHNTuewPCEIJh2hp1DlHMRBNf6wbNUKfUN7vkRz/RhwD7kkTpHQ2vuIbgVtAI='),
(192, 1, '2017-01-05 13:38:15', 1, 'VxXkOtZSKlItYIblNbypXRpVb0MTbG+YVrsBrSwvdz/2Gz+wvu8I2jk4sFGEi59SLqPpQXr6sXZ7rIcx2w0tDw=='),
(193, 1, '2017-01-05 13:46:22', 1, 'OD7o+DS30REvXu76rewWScMhOnV2AhNfLn6K1diH+UR8T0LaK/dVcc/rie17EF8rJBuML+7nPnOjpCYXi+iOng=='),
(194, 1, '2017-01-05 13:52:03', 1, 'bsa69RRlqP8oAXhTEdhBFRpVb0MTbG+YVrsBrSwvdz/2Gz+wvu8I2tWQWrv7hOmtjgieV96+Sgt7rIcx2w0tDw=='),
(195, 1, '2017-01-05 14:00:56', 1, 'nPP8ujDaCSfJQXnIdxqzvhpVb0MTbG+YVrsBrSwvdz/2Gz+wvu8I2pJm/IcIWKHJ2vjG//N2EMl7rIcx2w0tDw=='),
(196, 1, '2017-01-05 14:01:53', 1, 'smVv46trZmTfpAsHNTuewPCEIJh2hp1DlHMRBNf6wbNUKfUN7vkRz1Jp5aCzuWCFQ2vuIbgVtAI='),
(197, 1, '2017-01-05 14:57:24', 1, 'LAy1h2RCDRuS+YQp0FdqVcMhOnV2AhNfLn6K1diH+UR8T0LaK/dVcbRTno2Fw+UpAO+hDYEg9zGjpCYXi+iOng=='),
(198, 1, '2017-01-05 14:59:00', 1, 'xfiMZxxTP+AFvJqf4Oqo2vCEIJh2hp1DlHMRBNf6wbNUKfUN7vkRz+5ZL3EiNDL2Q2vuIbgVtAI='),
(199, 1, '2017-01-05 15:02:40', 1, 'yZvK98ZQOf6aKKuu5QyS/vCEIJh2hp1DlHMRBNf6wbNUKfUN7vkRz/D82TRCcO3+Q2vuIbgVtAI='),
(200, 1, '2017-01-05 15:06:52', 1, 'mAumL0gZbImPqx6Xker1XBpVb0MTbG+YVrsBrSwvdz/2Gz+wvu8I2otTbb9EXfm6LqPpQXr6sXZ7rIcx2w0tDw=='),
(201, 1, '2017-01-05 15:09:20', 1, 'VrUymxI6YBrrEO5kFOzA5hpVb0MTbG+YVrsBrSwvdz/2Gz+wvu8I2p3YZ76tOllsLqPpQXr6sXZ7rIcx2w0tDw=='),
(202, 1, '2017-01-05 15:10:47', 1, 'BQ1/lAh2HBqLIoRMpKui8sMhOnV2AhNfLn6K1diH+UR8T0LaK/dVcfuYWtYUZwDGqOu0Sp54fgSjpCYXi+iOng=='),
(203, 1, '2017-01-05 15:17:11', 1, 'cPRQ68qLZtg9orIpLCj23cMhOnV2AhNfLn6K1diH+UR8T0LaK/dVcZgCCGGfVnX6WQpV1GHOwB2jpCYXi+iOng=='),
(204, 1, '2017-01-05 15:17:41', 1, 'CAZr/tnf8RvPJSvU+Lui6RpVb0MTbG+YVrsBrSwvdz/2Gz+wvu8I2uie98xoGKWyo6RMWM88+g17rIcx2w0tDw=='),
(205, 1, '2017-01-05 15:23:59', 1, 'a7kAhrn2OA8e6mKqzymR2wfQTXCRgijLj0hslw33O9ydU07zXMIa/2qLkPKw9zVI1RXzzLIInfI='),
(206, 1, '2017-01-05 15:24:55', 1, 'L4nrsq1KvJkFvJqf4Oqo2vCEIJh2hp1DlHMRBNf6wbMmujHblMQDjdHFMsSTuNVcQ2vuIbgVtAI='),
(207, 1, '2017-01-05 15:27:46', 1, 'bqYcHVMrmBNxxLcFnbxuYRpVb0MTbG+YVrsBrSwvdz/2Gz+wvu8I2ne0UuY9B3Ai2vjG//N2EMl7rIcx2w0tDw=='),
(208, 1, '2017-01-05 15:29:03', 1, 'yMtlcxK3COhaf40LUB8hohpVb0MTbG+YVrsBrSwvdz/2Gz+wvu8I2kYgJeYdPJRfo6RMWM88+g17rIcx2w0tDw=='),
(209, 1, '2017-01-05 15:29:16', 1, 'tKX3GyzZG2yhvtHvDV7gnhpVb0MTbG+YVrsBrSwvdz/2Gz+wvu8I2mLlM1hqRmCN9gOraSU1B9V7rIcx2w0tDw=='),
(210, 1, '2017-01-05 15:29:50', 1, '17llu/GYjLG8GZhmOdlkeBpVb0MTbG+YVrsBrSwvdz/2Gz+wvu8I2hHv6O/BBx3Pa5sr9eEzTtx7rIcx2w0tDw=='),
(211, 1, '2017-01-05 15:36:00', 1, 'bbCc+HHRbWIsM19UVellBRpVb0MTbG+YVrsBrSwvdz/2Gz+wvu8I2jla45WXjJNsfXcyrElWFOp7rIcx2w0tDw=='),
(212, 1, '2017-01-05 15:42:31', 1, 'wp/8V1cAaouaKKuu5QyS/vCEIJh2hp1DlHMRBNf6wbMmujHblMQDjewBOfM4UOBGQ2vuIbgVtAI='),
(213, 1, '2017-01-05 15:52:24', 1, 'UNwXECO/aA6noBAEOR+dSRpVb0MTbG+YVrsBrSwvdz/2Gz+wvu8I2qBdf5WPujWejgieV96+Sgt7rIcx2w0tDw=='),
(214, 1, '2017-01-05 15:53:58', 1, 'UPZZUDSDi7VO00LYDvHN+8MhOnV2AhNfLn6K1diH+UR8T0LaK/dVcWGk0VTa7dY96KQBCOiQxIajpCYXi+iOng=='),
(215, 1, '2017-01-05 15:57:53', 1, 'hCnQCvsstf5FX7cp/bX/dvCEIJh2hp1DlHMRBNf6wbMmujHblMQDjY5jEZjKUazYQ2vuIbgVtAI='),
(216, 1, '2017-01-05 16:08:58', 1, 'ZGi7h90YQt+kPWgB6Nnu5RpVb0MTbG+YVrsBrSwvdz/2Gz+wvu8I2rkmJnwXKMEYa5sr9eEzTtx7rIcx2w0tDw=='),
(217, 1, '2017-01-05 16:11:47', 1, 'Eq2yZMSfMIIKdxPAUrY4NxpVb0MTbG+YVrsBrSwvdz/2Gz+wvu8I2vMgpUraXhYl9gOraSU1B9V7rIcx2w0tDw=='),
(218, 1, '2017-01-05 16:15:37', 1, 'tQ4CR1H+Fz4e6mKqzymR2wfQTXCRgijLj0hslw33O9ydU07zXMIa/4k1dswzNR1q1RXzzLIInfI='),
(219, 1, '2017-01-05 16:22:36', 1, 'ItWgo9lQF2KJiooRBUXkAfCEIJh2hp1DlHMRBNf6wbMmujHblMQDjfT8oquEHenYQ2vuIbgVtAI='),
(220, 1, '2017-01-05 16:23:55', 1, 'YM5dYu9mawLtq8DIELr0YhpVb0MTbG+YVrsBrSwvdz/2Gz+wvu8I2gjweO0jKGd3LqPpQXr6sXZ7rIcx2w0tDw=='),
(221, 1, '2017-01-05 16:24:27', 1, 'pihIvqmiXMjGqPpI5FhLCRpVb0MTbG+YVrsBrSwvdz/2Gz+wvu8I2jCUggJu6HLxa5sr9eEzTtx7rIcx2w0tDw=='),
(222, 1, '2017-01-05 16:25:34', 1, '8WP1UfxXD5MFEVEOscU6/hpVb0MTbG+YVrsBrSwvdz/2Gz+wvu8I2oHYMScrRiPRmZE95gFhV357rIcx2w0tDw=='),
(223, 1, '2017-01-05 16:29:50', 1, 'n9mmP3MIfD9HZ1t2PAb/fRpVb0MTbG+YVrsBrSwvdz/2Gz+wvu8I2i4h3RNAQm5I9gOraSU1B9V7rIcx2w0tDw=='),
(224, 1, '2017-01-05 16:34:14', 1, 'TstKp9+3KzIe6mKqzymR2wfQTXCRgijLj0hslw33O9ydU07zXMIa/+ubbb5zbYx41RXzzLIInfI='),
(225, 1, '2017-01-05 18:04:31', 1, 'AbtYTAo7Rd6aKKuu5QyS/vCEIJh2hp1DlHMRBNf6wbMmujHblMQDjTp2uCllNlUdQ2vuIbgVtAI='),
(226, 1, '2017-01-05 18:10:04', 1, 'KXofb+0TwlEvCQ7quj+1lxpVb0MTbG+YVrsBrSwvdz/2Gz+wvu8I2lIGJGLuYf8DfXcyrElWFOp7rIcx2w0tDw=='),
(227, 1, '2017-01-05 18:10:53', 1, 'MScJ1YvfFidxxLcFnbxuYRpVb0MTbG+YVrsBrSwvdz/2Gz+wvu8I2mGCZqdFbDGuAxa65VqdYJx7rIcx2w0tDw=='),
(228, 1, '2017-01-05 18:12:16', 1, 'cSW9dDHdg+tZ94bCv/vDUMMhOnV2AhNfLn6K1diH+UR8T0LaK/dVcWY4evp+xEbcYTC+R+dd5tajpCYXi+iOng=='),
(229, 1, '2017-01-05 18:15:53', 1, '5FpnJifXRdm7hFe8X/Tx0cMhOnV2AhNfLn6K1diH+UR8T0LaK/dVcb3msBINf4QTJBuML+7nPnOjpCYXi+iOng=='),
(230, 1, '2017-01-05 18:17:13', 1, 'mnr28HL5Dn0SIoWQEQZgRsMhOnV2AhNfLn6K1diH+UR8T0LaK/dVcUwCQBqWpljIDlzZKOxeX8WjpCYXi+iOng=='),
(231, 1, '2017-01-05 18:19:20', 1, 'A53dydiDfbWAZSoh2obdLhpVb0MTbG+YVrsBrSwvdz/2Gz+wvu8I2jszFpRxHAUD2vjG//N2EMl7rIcx2w0tDw=='),
(232, 1, '2017-01-05 18:24:43', 1, '+bABP2y2Jv+aKKuu5QyS/vCEIJh2hp1DlHMRBNf6wbMmujHblMQDjbNw9i4+nr7HQ2vuIbgVtAI='),
(233, 1, '2017-01-05 18:26:39', 1, 'Up0EbUbwoXEFvJqf4Oqo2vCEIJh2hp1DlHMRBNf6wbMmujHblMQDjYJGTAxNwIueQ2vuIbgVtAI='),
(234, 82, '2017-01-05 19:02:16', 0, 'KFGrw8ltXgmAZSoh2obdLhpVb0MTbG+YVrsBrSwvdz/2Gz+wvu8I2q0H9idnoxHt5zPB9nclcwx7rIcx2w0tDw=='),
(235, 83, '2017-01-05 19:03:19', 0, 'xksBtVNKywbGqPpI5FhLCRpVb0MTbG+YVrsBrSwvdz/2Gz+wvu8I2szjLEK+k/XtoLstKTgCRVl7rIcx2w0tDw=='),
(236, 83, '2017-01-05 19:03:35', 0, 'Q1L9887sJIqyBbc+anhophpVb0MTbG+YVrsBrSwvdz/2Gz+wvu8I2g2JI6NQtH50oLstKTgCRVl7rIcx2w0tDw=='),
(237, 88, '2017-01-05 19:05:14', 0, 'dN6c3Suf8lzfpAsHNTuewPCEIJh2hp1DlHMRBNf6wbMmujHblMQDjT2aXRmyO/n0OQ30oMwM12o='),
(238, 89, '2017-01-05 19:08:07', 0, 'IJl+IPTX1nhaf40LUB8hohpVb0MTbG+YVrsBrSwvdz/2Gz+wvu8I2gETIbR1TVbV0dKfgS0TeAl7rIcx2w0tDw=='),
(239, 1, '2017-01-05 20:05:30', 1, 'kGEISJmsuXbs4kK75iMnQRpVb0MTbG+YVrsBrSwvdz/2Gz+wvu8I2tvStiRf/17xo6RMWM88+g17rIcx2w0tDw=='),
(240, 1, '2017-01-05 20:06:51', 1, 'px60JgxV8kHfpAsHNTuewPCEIJh2hp1DlHMRBNf6wbMmujHblMQDjZa0VULRecetQ2vuIbgVtAI='),
(241, 1, '2017-01-05 20:10:01', 1, '4zQbY8t+vX5vJ4/BvNQ4TPCEIJh2hp1DlHMRBNf6wbMmujHblMQDjQoc/zYdE6L8Q2vuIbgVtAI='),
(242, 1, '2017-01-05 20:11:17', 1, 'h4w2Lg/eaSvnj6VKPQNc3cMhOnV2AhNfLn6K1diH+UR8T0LaK/dVcQzD0iKlgIzre/8vwX4yfEejpCYXi+iOng=='),
(243, 1, '2017-01-05 20:12:07', 1, 'gqq6b1oDpa0Sj9ERboWl+sMhOnV2AhNfLn6K1diH+UR8T0LaK/dVcRNwmY2tGp2eWQpV1GHOwB2jpCYXi+iOng=='),
(244, 1, '2017-01-05 20:13:22', 1, '4lV5qCFzg8oFvJqf4Oqo2vCEIJh2hp1DlHMRBNf6wbMmujHblMQDjYgyfdvXXiKIQ2vuIbgVtAI='),
(245, 1, '2017-01-05 20:14:53', 1, 'Ruj+ABuqLtjLhfMP/iTVl8MhOnV2AhNfLn6K1diH+UR8T0LaK/dVcX0g0Px8qCwKGq6iNRHejTOjpCYXi+iOng=='),
(246, 1, '2017-01-05 20:22:40', 1, 'xYVDi5xgB3YoAXhTEdhBFRpVb0MTbG+YVrsBrSwvdz/2Gz+wvu8I2kUBFvlxCPlOo6RMWM88+g17rIcx2w0tDw=='),
(247, 1, '2017-01-05 20:30:02', 1, 'yUofEzoik7JA7ZbI0v1W+hpVb0MTbG+YVrsBrSwvdz/2Gz+wvu8I2hi8QplsD6sse+BWIvokDvB7rIcx2w0tDw=='),
(248, 1, '2017-01-05 20:45:07', 1, 'OTllOh7ajhAoAXhTEdhBFRpVb0MTbG+YVrsBrSwvdz/2Gz+wvu8I2lP7D1zOo+iK2vjG//N2EMl7rIcx2w0tDw=='),
(249, 1, '2017-01-05 20:46:39', 1, 'M9VtoN13vxL2ybn3DaguWBpVb0MTbG+YVrsBrSwvdz/2Gz+wvu8I2qrz+ypysSxt2vjG//N2EMl7rIcx2w0tDw=='),
(250, 1, '2017-01-05 20:51:33', 1, '1S/ohOciKZpCIr9J/GerUhpVb0MTbG+YVrsBrSwvdz/2Gz+wvu8I2mFGUO/CrZZv9gOraSU1B9V7rIcx2w0tDw=='),
(251, 1, '2017-01-05 20:53:22', 1, 'BuP8qLYjbRRmb8isjba+G8MhOnV2AhNfLn6K1diH+UR8T0LaK/dVcdELzOIJfMnkZa2CQ4CSthijpCYXi+iOng=='),
(252, 1, '2017-01-05 20:59:04', 1, 'Y06pgEfzuUF5XhPvH0cdbBpVb0MTbG+YVrsBrSwvdz/2Gz+wvu8I2mbNi+PLcBoie+BWIvokDvB7rIcx2w0tDw=='),
(253, 1, '2017-01-05 21:02:59', 1, 'Wy1xLwXEkX8ysEOfuX70bMMhOnV2AhNfLn6K1diH+UR8T0LaK/dVcVMdZNZ77/bUdCzRslRd1qujpCYXi+iOng=='),
(254, 1, '2017-01-05 21:04:49', 1, 'inoeh1X7yWikPWgB6Nnu5RpVb0MTbG+YVrsBrSwvdz/2Gz+wvu8I2kGBkRQ4SQPO2vjG//N2EMl7rIcx2w0tDw=='),
(255, 1, '2017-01-05 21:06:10', 1, 'XfSyf58tpU2e+iDim4HJfRpVb0MTbG+YVrsBrSwvdz/2Gz+wvu8I2sTfvaYQRLW3LqPpQXr6sXZ7rIcx2w0tDw=='),
(256, 1, '2017-01-05 21:07:48', 1, 'MylH3CluyArfpAsHNTuewPCEIJh2hp1DlHMRBNf6wbMmujHblMQDjWcDadYZ/XqFQ2vuIbgVtAI='),
(257, 1, '2017-01-05 21:08:59', 1, 'MT6iYnFo95qaKKuu5QyS/vCEIJh2hp1DlHMRBNf6wbMmujHblMQDjZsdLwDsfmeZQ2vuIbgVtAI='),
(258, 1, '2017-01-05 21:13:53', 1, '1zxfMvCKdeXV/BFiUptyoRpVb0MTbG+YVrsBrSwvdz/2Gz+wvu8I2nVZHjhukI+Ue+BWIvokDvB7rIcx2w0tDw=='),
(259, 1, '2017-01-05 21:15:36', 1, 'Yr5+Dr3cSQYecd+u9hIaW8MhOnV2AhNfLn6K1diH+UR8T0LaK/dVcZCt4WC7yHR0SyJ8yVrVMVGjpCYXi+iOng=='),
(260, 1, '2017-01-05 21:17:57', 1, 'fgJH5tgLIcWaKKuu5QyS/vCEIJh2hp1DlHMRBNf6wbMmujHblMQDjd9b778lFHh8Q2vuIbgVtAI='),
(261, 1, '2017-01-05 21:21:15', 1, '5pzMINSc8o68wY4882B1HxpVb0MTbG+YVrsBrSwvdz/2Gz+wvu8I2vuWAUnOupz+fXcyrElWFOp7rIcx2w0tDw=='),
(262, 1, '2017-01-05 21:25:06', 1, '2m6bnJ/m5d50GXxWDQ4ZTMMhOnV2AhNfLn6K1diH+UR8T0LaK/dVcaZC7dXGBWcDskweygAW2DWjpCYXi+iOng=='),
(263, 1, '2017-01-05 21:26:15', 1, 'nByPp7VKqfDV/BFiUptyoRpVb0MTbG+YVrsBrSwvdz/2Gz+wvu8I2rkTfYVPLaY2o6RMWM88+g17rIcx2w0tDw=='),
(264, 1, '2017-01-05 21:29:43', 1, '57fw8pjoYRtfk9hdf84aTMMhOnV2AhNfLn6K1diH+UR8T0LaK/dVcdN0pVX2p+U4L5XX7t+Yh2qjpCYXi+iOng=='),
(265, 1, '2017-01-05 21:32:34', 1, 'pX3Qf01hTpyaKKuu5QyS/vCEIJh2hp1DlHMRBNf6wbMmujHblMQDjbGU5lhyPYdFQ2vuIbgVtAI='),
(266, 1, '2017-01-05 21:36:10', 1, 'N4DB28JPkC1cB4xEGOAABBpVb0MTbG+YVrsBrSwvdz/2Gz+wvu8I2nigjQUDozGho6RMWM88+g17rIcx2w0tDw=='),
(267, 1, '2017-01-05 21:38:36', 1, 'Y7Sr77CJSj4fdfIYZnJFiRpVb0MTbG+YVrsBrSwvdz/2Gz+wvu8I2pn3oexcUQdZa5sr9eEzTtx7rIcx2w0tDw=='),
(268, 1, '2017-01-05 21:39:54', 1, 'nrXcd4AeJPzrEO5kFOzA5hpVb0MTbG+YVrsBrSwvdz/2Gz+wvu8I2tjxu14YmBAOfXcyrElWFOp7rIcx2w0tDw=='),
(269, 1, '2017-01-05 21:41:15', 1, 'NtMo66IoucqEg6qaQNkDlcMhOnV2AhNfLn6K1diH+UR8T0LaK/dVcXOLfK9ptSPWI23vm1Teg9GjpCYXi+iOng=='),
(270, 1, '2017-01-05 21:43:32', 1, 'N+OWB24u8Y2kPWgB6Nnu5RpVb0MTbG+YVrsBrSwvdz/2Gz+wvu8I2vUnjlLhf9IImZE95gFhV357rIcx2w0tDw=='),
(271, 1, '2017-01-05 21:45:42', 1, 'YaFVSArIQi0y9a5pdax1qMMhOnV2AhNfLn6K1diH+UR8T0LaK/dVcYq7rPnLzQlo493rjEIfLWmjpCYXi+iOng=='),
(272, 1, '2017-01-05 21:47:57', 1, '23m4n2ZEPNKcdc1KGNdUmfCEIJh2hp1DlHMRBNf6wbMmujHblMQDjZ1sNCYBQXHVQ2vuIbgVtAI='),
(273, 1, '2017-01-05 21:52:09', 1, 'WRzaOqkj5TxCIr9J/GerUhpVb0MTbG+YVrsBrSwvdz/2Gz+wvu8I2ts50+6h/A5RjgieV96+Sgt7rIcx2w0tDw=='),
(274, 1, '2017-01-05 22:08:07', 1, 'MCcG5QJDLZoFvJqf4Oqo2vCEIJh2hp1DlHMRBNf6wbMmujHblMQDjb/EoYTVkg3cQ2vuIbgVtAI='),
(275, 1, '2017-01-05 22:09:46', 1, 'U1nEvnvl2RAe6mKqzymR2wfQTXCRgijLj0hslw33O9yuv8nbVefuhRKed0QJg+8E1RXzzLIInfI='),
(276, 1, '2017-01-05 22:11:33', 1, '29PS5+nARGScdc1KGNdUmfCEIJh2hp1DlHMRBNf6wbMmujHblMQDjYLB41hWJJGBQ2vuIbgVtAI='),
(277, 1, '2017-01-05 22:11:59', 1, 'FIAkBA7Y8WvOPUIjdYDnchpVb0MTbG+YVrsBrSwvdz/2Gz+wvu8I2oM1mti2eWFTmZE95gFhV357rIcx2w0tDw=='),
(278, 1, '2017-01-05 22:13:55', 1, 'nJkGftzv5j0FvJqf4Oqo2vCEIJh2hp1DlHMRBNf6wbMmujHblMQDja2xtlOo9VR3Q2vuIbgVtAI='),
(279, 1, '2017-01-05 23:03:06', 1, '4QB5XqpTAzQyYJCs/spVBMMhOnV2AhNfLn6K1diH+UR8T0LaK/dVcQMeBXTxOE8ZFPnXfjIeOXSjpCYXi+iOng=='),
(280, 1, '2017-01-05 23:06:28', 1, 'vgyEbxGfvsU6q+v9s9iLo8MhOnV2AhNfLn6K1diH+UR8T0LaK/dVcZ3g2POFEKJaO/XZtRdvnUKjpCYXi+iOng=='),
(281, 1, '2017-01-06 10:03:43', 1, 'JThKAUzgJ/HH4cdbq8m2XhpVb0MTbG+YVrsBrSwvdz/2Gz+wvu8I2tEcysgpMHC9o6RMWM88+g17rIcx2w0tDw=='),
(282, 1, '2017-01-06 10:04:12', 1, 'kKRdQck0/BwOxK+Y428j/xpVb0MTbG+YVrsBrSwvdz/2Gz+wvu8I2to1ac3zNiIMo6RMWM88+g17rIcx2w0tDw=='),
(283, 1, '2017-01-06 10:08:54', 1, 'yMQBZ0/BKEzVRDElszPJOMMhOnV2AhNfLn6K1diH+UR8T0LaK/dVcXX/S+1zA1zrHSLdlsxvEQSjpCYXi+iOng=='),
(284, 1, '2017-01-06 10:10:56', 1, 'YKVwBFGdC3NA7ZbI0v1W+hpVb0MTbG+YVrsBrSwvdz/2Gz+wvu8I2jpJXBz++kvOmZE95gFhV357rIcx2w0tDw=='),
(285, 1, '2017-01-06 10:11:39', 1, 'UXLMbMMagxgiO3dkANpqhcMhOnV2AhNfLn6K1diH+UR8T0LaK/dVcdFt4xdCAlEIZL8S2MFEby6jpCYXi+iOng=='),
(286, 1, '2017-01-06 10:17:37', 1, 'u7pQSEdEHJr8NQjRLXMKzhpVb0MTbG+YVrsBrSwvdz/2Gz+wvu8I2ptLn1J1SEJyLqPpQXr6sXZ7rIcx2w0tDw=='),
(287, 1, '2017-01-06 10:25:34', 1, 'zuSaC3QKIExaf40LUB8hohpVb0MTbG+YVrsBrSwvdz/2Gz+wvu8I2jPjZnQZ+ElCe+BWIvokDvB7rIcx2w0tDw=='),
(288, 1, '2017-01-06 10:30:21', 1, 'xkgJVXf25/nfpAsHNTuewPCEIJh2hp1DlHMRBNf6wbMmujHblMQDjbIlKtWp1uY2Q2vuIbgVtAI='),
(289, 1, '2017-01-06 10:48:30', 1, 'q0u2+3nRfBjBIeq6r/X8ThpVb0MTbG+YVrsBrSwvdz/2Gz+wvu8I2plLKjJBdtsA9gOraSU1B9V7rIcx2w0tDw=='),
(290, 1, '2017-01-06 10:53:30', 1, '2EfB1XZoPjrJa+FgohvSfRpVb0MTbG+YVrsBrSwvdz/2Gz+wvu8I2juYblVrzG0Zo6RMWM88+g17rIcx2w0tDw=='),
(291, 1, '2017-01-06 10:55:42', 1, 'aIX8Wc57rDiGlPogFDVf5hpVb0MTbG+YVrsBrSwvdz/2Gz+wvu8I2hCr325ZdDb9fXcyrElWFOp7rIcx2w0tDw=='),
(292, 1, '2017-01-06 10:57:22', 1, 'gQ3RPgq3wHBvJ4/BvNQ4TPCEIJh2hp1DlHMRBNf6wbMmujHblMQDjRM5AkqkK48EQ2vuIbgVtAI='),
(293, 1, '2017-01-06 10:58:47', 1, 'r6MwvSZIIsxVJCsMwjAkFMMhOnV2AhNfLn6K1diH+UR8T0LaK/dVcbleMVjMRQ84izEjLh98lE6jpCYXi+iOng=='),
(294, 1, '2017-01-06 11:01:34', 1, 'STNVrOh5IFe49Vhz/t4MGsMhOnV2AhNfLn6K1diH+UR8T0LaK/dVcZgyyn/Gnlcki4pOFEaZBmqjpCYXi+iOng=='),
(295, 1, '2017-01-06 11:03:12', 1, 'NYAwIbUEQW/fpAsHNTuewPCEIJh2hp1DlHMRBNf6wbMmujHblMQDjcBf+c9jW3eAQ2vuIbgVtAI='),
(296, 1, '2017-01-06 11:06:38', 1, 'Jaig3pOYnF8e6mKqzymR2wfQTXCRgijLj0hslw33O9zqcpOy+89ahdnTeb9H244L1RXzzLIInfI='),
(297, 1, '2017-01-06 11:10:15', 1, 'bDwUtct3mrqdvFKFL1q7qMMhOnV2AhNfLn6K1diH+UR8T0LaK/dVcSkq8YwZH3fVOZDJubqrw4WjpCYXi+iOng=='),
(298, 1, '2017-01-06 11:12:02', 1, 'UTZh02dRB4wFvJqf4Oqo2vCEIJh2hp1DlHMRBNf6wbMmujHblMQDjXs18Lbw9n4CQ2vuIbgVtAI='),
(299, 1, '2017-01-06 11:15:00', 1, '3x9sukJc9Sme+iDim4HJfRpVb0MTbG+YVrsBrSwvdz/2Gz+wvu8I2pUDLMj+6qJ/LqPpQXr6sXZ7rIcx2w0tDw=='),
(300, 1, '2017-01-06 11:17:12', 1, 'G1InVgWvtVQ4azgRnmar+vCEIJh2hp1DlHMRBNf6wbMmujHblMQDjYqBqy8WSoyPQ2vuIbgVtAI='),
(301, 1, '2017-01-06 11:18:56', 1, 'E9iREW7rOSqaKKuu5QyS/vCEIJh2hp1DlHMRBNf6wbMmujHblMQDjRsWVC1zlwoqQ2vuIbgVtAI='),
(302, 1, '2017-01-06 11:21:35', 1, '8aav/WaJtrR/4Wzm8268vhpVb0MTbG+YVrsBrSwvdz/2Gz+wvu8I2nBGDy0g9pOWo6RMWM88+g17rIcx2w0tDw=='),
(303, 1, '2017-01-06 11:22:48', 1, 'mk9PFG30770jwwLnuLhMqRpVb0MTbG+YVrsBrSwvdz/2Gz+wvu8I2gSdkT3M6EO9o6RMWM88+g17rIcx2w0tDw=='),
(304, 1, '2017-01-06 11:23:15', 1, 'UUXKS21SbOz57vV5k2ZKOPCEIJh2hp1DlHMRBNf6wbMmujHblMQDjWXM2noVjxRmQ2vuIbgVtAI='),
(305, 1, '2017-01-06 11:25:46', 1, '/FS+62qV3Ldkefh37n0QAPCEIJh2hp1DlHMRBNf6wbMmujHblMQDjfzIMYOGGstGQ2vuIbgVtAI='),
(306, 1, '2017-01-06 11:27:25', 1, 'SW5ovQa9uXeaKKuu5QyS/vCEIJh2hp1DlHMRBNf6wbMmujHblMQDjRvpakf+s48mQ2vuIbgVtAI='),
(307, 1, '2017-01-06 11:36:14', 1, '/Htn2apuKSF2Elwr5YKgwBpVb0MTbG+YVrsBrSwvdz/2Gz+wvu8I2lHtSO02GZ/AAxa65VqdYJx7rIcx2w0tDw=='),
(308, 1, '2017-01-06 11:43:25', 1, 'CVbtz1YbC2UJJPpJkJu6xxpVb0MTbG+YVrsBrSwvdz/2Gz+wvu8I2kmOOLrOWJQjjgieV96+Sgt7rIcx2w0tDw=='),
(309, 1, '2017-01-06 19:25:13', 1, 'HW7SdPQ8FeIFEVEOscU6/hpVb0MTbG+YVrsBrSwvdz/2Gz+wvu8I2nmICPKQ4R1/fXcyrElWFOp7rIcx2w0tDw=='),
(310, 1, '2017-01-06 19:51:05', 1, 'UhbCQiv7e/mhSK1K9iuyVsMhOnV2AhNfLn6K1diH+UR8T0LaK/dVcVMvY8GLD+isZhObntmz4xijpCYXi+iOng=='),
(311, 1, '2017-01-06 19:59:41', 1, '2GF+/8ecusdFX7cp/bX/dvCEIJh2hp1DlHMRBNf6wbOiRHbIKywB2EAjD6NBRMaOQ2vuIbgVtAI='),
(312, 1, '2017-01-06 20:21:40', 1, 'MYLN39vDQvxaf40LUB8hohpVb0MTbG+YVrsBrSwvdz/2Gz+wvu8I2ofxYUe8B46nLqPpQXr6sXZ7rIcx2w0tDw=='),
(313, 1, '2017-01-06 20:26:07', 1, 'KZMqQhGVuH2lW3Zi3qmXpMMhOnV2AhNfLn6K1diH+UR8T0LaK/dVcVfkTz7f7wNlqOu0Sp54fgSjpCYXi+iOng=='),
(314, 1, '2017-01-07 00:26:07', 1, 'M49Tmv3uuRIe6mKqzymR2wfQTXCRgijLj0hslw33O9zzydYNMl+iLY9NGpg/BJgn1RXzzLIInfI='),
(315, 1, '2017-01-07 00:45:05', 1, 'OkGWiEBwTH6kPWgB6Nnu5RpVb0MTbG+YVrsBrSwvdz/2Gz+wvu8I2ln6Sx/L1pd2jgieV96+Sgt7rIcx2w0tDw=='),
(316, 1, '2017-01-07 00:45:46', 1, '9vKHPGFggzGcdc1KGNdUmfCEIJh2hp1DlHMRBNf6wbOiRHbIKywB2GxOWkZD+QcbQ2vuIbgVtAI='),
(317, 1, '2017-01-07 00:47:54', 1, 'Cm6o7biU4iAMqEb7as1p58MhOnV2AhNfLn6K1diH+UR8T0LaK/dVcfxd+p4epJULs9JVCsfHDjujpCYXi+iOng=='),
(318, 1, '2017-01-07 00:49:14', 1, 'o0/HMagvtpmaKKuu5QyS/vCEIJh2hp1DlHMRBNf6wbOiRHbIKywB2OibfuJH3lgwQ2vuIbgVtAI='),
(319, 1, '2017-01-07 00:49:31', 1, 'zO1kf81Yi7ZjhbCgf06jihpVb0MTbG+YVrsBrSwvdz/2Gz+wvu8I2hN3Py+M7pxJ2vjG//N2EMl7rIcx2w0tDw=='),
(320, 1, '2017-01-07 00:51:48', 1, '6+BtBPkwok4er3q+dl+FpRpVb0MTbG+YVrsBrSwvdz/2Gz+wvu8I2sGIWuQRjoHUAxa65VqdYJx7rIcx2w0tDw=='),
(321, 1, '2017-01-07 00:56:47', 1, 'toCDjSkYjismAcCw+Jg+lMMhOnV2AhNfLn6K1diH+UR8T0LaK/dVcWKGUFfUdlMW5TTEzpr+zr6jpCYXi+iOng=='),
(322, 1, '2017-01-07 00:57:34', 1, 'DZnvLcdbI+GJiooRBUXkAfCEIJh2hp1DlHMRBNf6wbOiRHbIKywB2Ps5K3dJav/EQ2vuIbgVtAI='),
(323, 1, '2017-01-07 00:58:35', 1, '0f0BiLg04FX+wMMfoi19kMMhOnV2AhNfLn6K1diH+UR8T0LaK/dVcda+VL6R48m0JBuML+7nPnOjpCYXi+iOng=='),
(324, 1, '2017-01-07 01:11:40', 1, 'KJZyMFBCVTlFX7cp/bX/dvCEIJh2hp1DlHMRBNf6wbOiRHbIKywB2Jeyc1z9Id2xQ2vuIbgVtAI='),
(325, 1, '2017-01-07 01:15:31', 1, 'zVUenfx7esecdc1KGNdUmfCEIJh2hp1DlHMRBNf6wbOiRHbIKywB2FRhxDfpZkddQ2vuIbgVtAI='),
(326, 1, '2017-01-07 01:20:59', 1, 'q7eH2ke3BKBPBaoPZ5T8y8MhOnV2AhNfLn6K1diH+UR8T0LaK/dVcU83akfF1x68AFMR4DND6bejpCYXi+iOng=='),
(327, 1, '2017-01-07 01:22:40', 1, 'VpATIuvsveAe6mKqzymR2wfQTXCRgijLj0hslw33O9yzQHvjPWj1McQw8aEMI96P1RXzzLIInfI='),
(328, 1, '2017-01-07 01:25:47', 1, 'Ez3ZFHqaZbM4/7XG/sLNBBpVb0MTbG+YVrsBrSwvdz/2Gz+wvu8I2gtJEk1uNXnMe+BWIvokDvB7rIcx2w0tDw=='),
(329, 1, '2017-01-07 01:39:48', 1, 'cv6XPrrAHnysUzkfaLRU5sMhOnV2AhNfLn6K1diH+UR8T0LaK/dVcXMc1ztcw/p8DlzZKOxeX8WjpCYXi+iOng=='),
(330, 1, '2017-01-07 01:41:31', 1, 'n5di1XQ8JUlFX7cp/bX/dvCEIJh2hp1DlHMRBNf6wbOiRHbIKywB2BkzyVU74sP5Q2vuIbgVtAI='),
(331, 1, '2017-01-07 01:43:55', 1, '46bkvTVxkXGGlPogFDVf5hpVb0MTbG+YVrsBrSwvdz/2Gz+wvu8I2muR8rBJeEN2LqPpQXr6sXZ7rIcx2w0tDw=='),
(332, 1, '2017-01-07 01:45:33', 1, 'tY1YDLnIXsqcdc1KGNdUmfCEIJh2hp1DlHMRBNf6wbOiRHbIKywB2NDvEpbewK2lQ2vuIbgVtAI='),
(333, 1, '2017-01-07 01:45:51', 1, 't8jWYWUFnoBvJ4/BvNQ4TPCEIJh2hp1DlHMRBNf6wbOiRHbIKywB2HgsXt4iUXfcQ2vuIbgVtAI='),
(334, 1, '2017-01-07 01:46:24', 1, 'xh06acrS9PpAl6NTXsterMMhOnV2AhNfLn6K1diH+UR8T0LaK/dVcS5PaydumBPrKcQheON2n/ijpCYXi+iOng=='),
(335, 1, '2017-01-07 01:50:42', 1, 'cRdnRqtx9Y+GlPogFDVf5hpVb0MTbG+YVrsBrSwvdz/2Gz+wvu8I2r0xykVrBvE7fXcyrElWFOp7rIcx2w0tDw=='),
(336, 1, '2017-01-07 01:52:05', 1, 's97LKVY1rKzqW6s8ptBuDsMhOnV2AhNfLn6K1diH+UR8T0LaK/dVcSlOHT9BEwDHu5P5Tx/QdgCjpCYXi+iOng=='),
(337, 1, '2017-01-07 01:53:30', 1, '2awWnkeRqH0kbQDN72KdRBpVb0MTbG+YVrsBrSwvdz/2Gz+wvu8I2vJ+y21NhyaBe+BWIvokDvB7rIcx2w0tDw=='),
(338, 1, '2017-01-07 02:02:40', 1, 'RKXL8X0k1vyt20X3Nf9al8MhOnV2AhNfLn6K1diH+UR8T0LaK/dVcd6r8PCwYSf/IE2LkASdvuCjpCYXi+iOng=='),
(339, 1, '2017-01-07 08:17:37', 1, 'OTMmJGnPtiSkPWgB6Nnu5RpVb0MTbG+YVrsBrSwvdz/2Gz+wvu8I2mPmUuPF6GFJa5sr9eEzTtx7rIcx2w0tDw=='),
(340, 1, '2017-01-07 08:18:26', 1, 'vGrb7QL7Gl85u+Bjx7gHKsMhOnV2AhNfLn6K1diH+UR8T0LaK/dVcWTRA0Ur4xWSK1e2njF+O1GjpCYXi+iOng=='),
(341, 1, '2017-01-07 08:19:58', 1, 'BXvK2CUoUW5uoxqssbrgLBpVb0MTbG+YVrsBrSwvdz/2Gz+wvu8I2uxAZvvvo8VWe+BWIvokDvB7rIcx2w0tDw=='),
(342, 1, '2017-01-07 08:23:33', 1, 'OGiFB/Jq2WlFX7cp/bX/dvCEIJh2hp1DlHMRBNf6wbOiRHbIKywB2BX5a7biOQBUQ2vuIbgVtAI='),
(343, 1, '2017-01-07 08:24:31', 1, '+ZrJkTO8rkWaKKuu5QyS/vCEIJh2hp1DlHMRBNf6wbOiRHbIKywB2PNayCqtojUVQ2vuIbgVtAI='),
(344, 1, '2017-01-08 00:25:55', 1, 'mQlih7VAFQ2JiooRBUXkAfCEIJh2hp1DlHMRBNf6wbM5/kSv+wf3oL11waq0tb9JQ2vuIbgVtAI='),
(345, 1, '2017-01-08 00:31:19', 1, '5uVDRof2u99HZ1t2PAb/fRpVb0MTbG+YVrsBrSwvdz/2Gz+wvu8I2jljnQOImnVX9gOraSU1B9V7rIcx2w0tDw=='),
(346, 1, '2017-01-08 00:33:24', 1, '5uDXjuHRh2e0XzidP23ZKBpVb0MTbG+YVrsBrSwvdz/2Gz+wvu8I2md/lgNHixxKe+BWIvokDvB7rIcx2w0tDw=='),
(347, 1, '2017-01-08 00:48:47', 1, 'B4WEOZZ6uTikPWgB6Nnu5RpVb0MTbG+YVrsBrSwvdz/2Gz+wvu8I2oPaUgtQA9IWLqPpQXr6sXZ7rIcx2w0tDw=='),
(348, 1, '2017-01-08 00:49:44', 1, '7dnzO/OjP+3fpAsHNTuewPCEIJh2hp1DlHMRBNf6wbM5/kSv+wf3oJW0KMQthghuQ2vuIbgVtAI='),
(349, 1, '2017-01-08 00:51:18', 1, 'tUh82QOgKD7HKwoq8UQ0NcMhOnV2AhNfLn6K1diH+UR8T0LaK/dVcV9H2v/AQyIyizEjLh98lE6jpCYXi+iOng=='),
(350, 1, '2017-01-08 01:05:53', 1, 'W/0T5dfgsmD57vV5k2ZKOPCEIJh2hp1DlHMRBNf6wbM5/kSv+wf3oKyryFFwgThmQ2vuIbgVtAI='),
(351, 1, '2017-01-08 01:07:10', 1, 'IBS2V2tSI3cfswwNIXmvPxBoWTseXZ71RaB305+O6Hm1dYdroeinm3INOP8N6qgx02+nsiojXXw='),
(352, 1, '2017-01-08 01:12:13', 1, 'D+4e2GBRHa+xGCqtK/+WncMhOnV2AhNfLn6K1diH+UR8T0LaK/dVccvrz8lHGSpv6SVrd+I9Sx2jpCYXi+iOng=='),
(353, 1, '2017-01-08 01:15:58', 1, 'wKlghiAuZkHBqnScqOQ+GBpVb0MTbG+YVrsBrSwvdz/2Gz+wvu8I2kuMA8heaDMW2vjG//N2EMl7rIcx2w0tDw=='),
(354, 1, '2017-01-08 01:19:46', 1, 'aTMvxXezIIgkHCF/U2GogsMhOnV2AhNfLn6K1diH+UR8T0LaK/dVcRbd6M98v7xrWUno33TDo3ejpCYXi+iOng=='),
(355, 1, '2017-01-08 01:24:45', 1, '/1GmEQehCF0OxK+Y428j/xpVb0MTbG+YVrsBrSwvdz/2Gz+wvu8I2k4p/zx+xN2re+BWIvokDvB7rIcx2w0tDw=='),
(356, 1, '2017-01-08 19:08:42', 1, 'pQHbicxCTERvPNi83ORXisMhOnV2AhNfLn6K1diH+UR8T0LaK/dVcZsdXEC50k4+i9HTyf/0JXOjpCYXi+iOng=='),
(357, 1, '2017-01-08 19:54:24', 1, 'Sh/iER7li/jeqF7ERtGItMMhOnV2AhNfLn6K1diH+UR8T0LaK/dVcVuhaklutQelTrXaawgvUkmjpCYXi+iOng=='),
(358, 1, '2017-01-08 19:55:39', 1, 'z1GsPhrQAf2teCKHOVWXWcMhOnV2AhNfLn6K1diH+UR8T0LaK/dVcc6XTrXxuMjl90o5gvoUp7yjpCYXi+iOng=='),
(359, 1, '2017-01-08 20:01:15', 1, 'xeVNXjCFUIQtmKiEH6uPVhpVb0MTbG+YVrsBrSwvdz/2Gz+wvu8I2kXnu3Dmcmpy2vjG//N2EMl7rIcx2w0tDw=='),
(360, 1, '2017-01-08 20:07:00', 1, 'N6Vnjcy4GhbPJSvU+Lui6RpVb0MTbG+YVrsBrSwvdz/2Gz+wvu8I2tLkNqddZwmne+BWIvokDvB7rIcx2w0tDw=='),
(361, 1, '2017-01-08 20:13:32', 1, '82lhZIXU50neqF7ERtGItMMhOnV2AhNfLn6K1diH+UR8T0LaK/dVcWAw+urcG5Knjy9pTt7yyiSjpCYXi+iOng=='),
(362, 1, '2017-01-08 20:15:31', 1, 'yDT7CuLOj9W9RUk+1D4bHsMhOnV2AhNfLn6K1diH+UR8T0LaK/dVcdHafpx8Wplj8+fn4bwij8SjpCYXi+iOng=='),
(363, 1, '2017-01-08 20:25:13', 1, 'I/WYlYfIUEOPqx6Xker1XBpVb0MTbG+YVrsBrSwvdz/2Gz+wvu8I2irBchAAV/yXfXcyrElWFOp7rIcx2w0tDw=='),
(364, 1, '2017-01-08 20:27:41', 1, 'ORxL21kMDMzadP7whul7OxpVb0MTbG+YVrsBrSwvdz/2Gz+wvu8I2sxSIdg2jSl3fXcyrElWFOp7rIcx2w0tDw=='),
(365, 1, '2017-01-08 20:29:28', 1, 'glJQqTSeLXxuoxqssbrgLBpVb0MTbG+YVrsBrSwvdz/2Gz+wvu8I2nfVRYZ2MduJ2vjG//N2EMl7rIcx2w0tDw=='),
(366, 1, '2017-01-08 20:30:31', 1, 'OZlyG7Ch5a8e6mKqzymR2wfQTXCRgijLj0hslw33O9xMgXJYtgUrlnBVk8CDF7tq1RXzzLIInfI='),
(367, 1, '2017-01-08 20:32:31', 1, 'cNvuy1dp80jPJSvU+Lui6RpVb0MTbG+YVrsBrSwvdz/2Gz+wvu8I2nbQ1MFIObpPAxa65VqdYJx7rIcx2w0tDw=='),
(368, 1, '2017-01-08 20:35:49', 1, '9rWn2P5OCIn57vV5k2ZKOPCEIJh2hp1DlHMRBNf6wbM5/kSv+wf3oISWi5JRoUXvQ2vuIbgVtAI='),
(369, 1, '2017-01-08 20:38:13', 1, 'y9T+P20hi2JFX7cp/bX/dvCEIJh2hp1DlHMRBNf6wbM5/kSv+wf3oL/wgzBH8YkbQ2vuIbgVtAI='),
(370, 1, '2017-01-08 20:40:30', 1, 'xxpv2XHdCfzmwjj1ocfhuxpVb0MTbG+YVrsBrSwvdz/2Gz+wvu8I2v3RSnJBqsqWfXcyrElWFOp7rIcx2w0tDw=='),
(371, 1, '2017-01-08 20:44:34', 1, 'Kwod8Zz6eSch8PjDMhPppxpVb0MTbG+YVrsBrSwvdz/2Gz+wvu8I2rbgmPB2eEPejgieV96+Sgt7rIcx2w0tDw=='),
(372, 1, '2017-01-08 20:52:09', 1, 'AYUAriCkk7/JbDv3vAp8PsMhOnV2AhNfLn6K1diH+UR8T0LaK/dVcd3jlZoy55mw0FY5CNZAmiujpCYXi+iOng=='),
(373, 1, '2017-01-08 20:55:21', 1, 'YX6BW1IYM75xaFOV6/rBycMhOnV2AhNfLn6K1diH+UR8T0LaK/dVcVesM4qjOOYNNKms2enI54WjpCYXi+iOng=='),
(374, 1, '2017-01-08 21:08:47', 1, 'nNxRAy1dnEO8wY4882B1HxpVb0MTbG+YVrsBrSwvdz/2Gz+wvu8I2pCEXK4TFVnqa5sr9eEzTtx7rIcx2w0tDw=='),
(375, 1, '2017-01-08 21:18:29', 1, 'o4pbPNPvxgADv6hHG2FL18MhOnV2AhNfLn6K1diH+UR8T0LaK/dVcUZUJrCEWokuHSLdlsxvEQSjpCYXi+iOng=='),
(376, 1, '2017-01-08 21:19:45', 1, 'F20ET7rcX0/3ReJt+jMQAcMhOnV2AhNfLn6K1diH+UR8T0LaK/dVcW2i03kitTyrTTQ1hCUp0dSjpCYXi+iOng=='),
(377, 1, '2017-01-08 21:26:22', 1, 'ldQ3UC56l3zeiFsR41KEQRpVb0MTbG+YVrsBrSwvdz/2Gz+wvu8I2vWHeCaXb6ueo6RMWM88+g17rIcx2w0tDw=='),
(378, 1, '2017-01-08 21:28:07', 1, 'ms2GtvMVesTV/BFiUptyoRpVb0MTbG+YVrsBrSwvdz/2Gz+wvu8I2npzcSJaHlvaa5sr9eEzTtx7rIcx2w0tDw=='),
(379, 1, '2017-01-08 21:45:04', 1, '14KE4MmV/Eoiq1iZtkQPYxpVb0MTbG+YVrsBrSwvdz/2Gz+wvu8I2o5bRHMCNx9ELqPpQXr6sXZ7rIcx2w0tDw=='),
(380, 1, '2017-01-08 22:03:31', 1, 'CqzmVwZzRtg4azgRnmar+vCEIJh2hp1DlHMRBNf6wbM5/kSv+wf3oG/AVF7HIZISQ2vuIbgVtAI='),
(381, 1, '2017-01-08 22:11:35', 1, '3L2JvVsqWDk4/7XG/sLNBBpVb0MTbG+YVrsBrSwvdz/2Gz+wvu8I2jn5SlbYn76z2vjG//N2EMl7rIcx2w0tDw=='),
(382, 1, '2017-01-08 22:28:00', 1, 'OZMJMMpQBRBoCuY4aMlTIxpVb0MTbG+YVrsBrSwvdz/2Gz+wvu8I2l7/qLDV2gXhLqPpQXr6sXZ7rIcx2w0tDw=='),
(383, 1, '2017-01-08 22:28:58', 1, '6bfazu2b+W5O00LYDvHN+8MhOnV2AhNfLn6K1diH+UR8T0LaK/dVcRhlXr7ruli/DzH6DVOVi/CjpCYXi+iOng=='),
(384, 1, '2017-01-08 22:29:53', 1, 'I8sj/z0dqbo4azgRnmar+vCEIJh2hp1DlHMRBNf6wbM5/kSv+wf3oN70C7jfv0j6Q2vuIbgVtAI='),
(385, 1, '2017-01-08 22:31:25', 1, 'Nz/jDtGoWOHBIeq6r/X8ThpVb0MTbG+YVrsBrSwvdz/2Gz+wvu8I2gD9NZ4ZoArsfXcyrElWFOp7rIcx2w0tDw=='),
(386, 1, '2017-01-08 22:31:57', 1, 'sXjY7I589Ro4/7XG/sLNBBpVb0MTbG+YVrsBrSwvdz/2Gz+wvu8I2tmF9TnWjqq6fXcyrElWFOp7rIcx2w0tDw=='),
(387, 1, '2017-01-08 23:11:17', 1, 'bznhJJIJqelFX7cp/bX/dvCEIJh2hp1DlHMRBNf6wbM5/kSv+wf3oHV8Ww2+ToyeQ2vuIbgVtAI='),
(388, 1, '2017-01-09 09:42:13', 1, 'TwZutB9JH1ZxxLcFnbxuYRpVb0MTbG+YVrsBrSwvdz/2Gz+wvu8I2iOucJqimJSsLqPpQXr6sXZ7rIcx2w0tDw=='),
(389, 1, '2017-01-09 09:43:47', 1, 'h7RqjZkNQggFvJqf4Oqo2vCEIJh2hp1DlHMRBNf6wbN8I61MQTrzGAE5/4QFrRD3Q2vuIbgVtAI='),
(390, 1, '2017-01-09 09:45:29', 1, 'pU0zuIXXca04azgRnmar+vCEIJh2hp1DlHMRBNf6wbN8I61MQTrzGIGRlEwDB85aQ2vuIbgVtAI='),
(391, 1, '2017-01-09 09:46:30', 1, 'sgX+fpGOSl04DxjkJRsktBpVb0MTbG+YVrsBrSwvdz/2Gz+wvu8I2mJEmgtvfQSHfXcyrElWFOp7rIcx2w0tDw=='),
(392, 1, '2017-01-09 09:48:09', 1, 'A6WvjqV1Y/0vCQ7quj+1lxpVb0MTbG+YVrsBrSwvdz/2Gz+wvu8I2oOspNs01zupfXcyrElWFOp7rIcx2w0tDw=='),
(393, 1, '2017-01-09 09:50:30', 1, 'VNF1v/o8MrHrEO5kFOzA5hpVb0MTbG+YVrsBrSwvdz/2Gz+wvu8I2pdA7easTZcgjgieV96+Sgt7rIcx2w0tDw=='),
(394, 1, '2017-01-09 09:53:44', 1, 'fd8aaljQjunV6zK9X6wmwBpVb0MTbG+YVrsBrSwvdz/2Gz+wvu8I2ih1hVqyqZjA2vjG//N2EMl7rIcx2w0tDw=='),
(395, 1, '2017-01-09 09:53:54', 1, 'bX785ia+XaHfpAsHNTuewPCEIJh2hp1DlHMRBNf6wbN8I61MQTrzGKC8FyssWoH2Q2vuIbgVtAI='),
(396, 1, '2017-01-09 09:54:15', 1, 'aEY24W90auG6pf9rYeGE2cMhOnV2AhNfLn6K1diH+UR8T0LaK/dVcViBqK2yQJPrOZDJubqrw4WjpCYXi+iOng=='),
(397, 1, '2017-01-09 09:58:10', 1, 'mJJXD1DS/c8VQmDJilcn0hpVb0MTbG+YVrsBrSwvdz/2Gz+wvu8I2sxTomT2bIOea5sr9eEzTtx7rIcx2w0tDw=='),
(398, 1, '2017-01-09 09:58:27', 1, 'ZnVHllj9k2ce6mKqzymR2wfQTXCRgijLj0hslw33O9x2nOIPQcUk6txLrjyENZNa1RXzzLIInfI='),
(399, 1, '2017-01-09 10:05:36', 1, 'HiIOoh3GXTWjWg2mXJMZCBpVb0MTbG+YVrsBrSwvdz/2Gz+wvu8I2ki7+E20Eiwk9gOraSU1B9V7rIcx2w0tDw=='),
(400, 1, '2017-01-09 10:07:11', 1, 'ytIPeO3lWA/mwjj1ocfhuxpVb0MTbG+YVrsBrSwvdz/2Gz+wvu8I2u9R6JwJBNcto6RMWM88+g17rIcx2w0tDw=='),
(401, 1, '2017-01-09 10:08:32', 1, 'wq+m3otQdfYr3sYbBLmObhpVb0MTbG+YVrsBrSwvdz/2Gz+wvu8I2mnCe++0RePMa5sr9eEzTtx7rIcx2w0tDw=='),
(402, 1, '2017-01-09 10:13:55', 1, 'hUdztqZBsoWaKKuu5QyS/vCEIJh2hp1DlHMRBNf6wbN8I61MQTrzGC2/G1N2Vu9fQ2vuIbgVtAI='),
(403, 1, '2017-01-09 10:25:36', 1, 'mlITcvdGV0YVQmDJilcn0hpVb0MTbG+YVrsBrSwvdz/2Gz+wvu8I2vteIfBik2Wze+BWIvokDvB7rIcx2w0tDw=='),
(404, 1, '2017-01-09 10:26:45', 1, '2BU7vbko34XgOoh9BQdLHcMhOnV2AhNfLn6K1diH+UR8T0LaK/dVcSlQn8OTSQ3ydCzRslRd1qujpCYXi+iOng=='),
(405, 1, '2017-01-09 10:28:07', 1, 'fc5lf5MQijEG9PSMsOb3rRpVb0MTbG+YVrsBrSwvdz/2Gz+wvu8I2pJrSOJueYHwAxa65VqdYJx7rIcx2w0tDw=='),
(406, 1, '2017-01-09 11:22:51', 1, 'GdgzvNHyFWQFvJqf4Oqo2vCEIJh2hp1DlHMRBNf6wbN8I61MQTrzGKV73Zw2jYv3Q2vuIbgVtAI='),
(407, 1, '2017-01-09 11:23:11', 1, 'V7gvlv6Jp4hIdRXldGzHPBpVb0MTbG+YVrsBrSwvdz/2Gz+wvu8I2j2qMvQRhGR4jgieV96+Sgt7rIcx2w0tDw=='),
(408, 1, '2017-01-09 11:28:57', 1, '95xjd8VE9S2ciMQUIilYGMMhOnV2AhNfLn6K1diH+UR8T0LaK/dVcY1N5hJMM5V8SS8Q+2NnN5yjpCYXi+iOng=='),
(409, 1, '2017-01-09 11:31:07', 1, 'rQMOmE8z4wTV6zK9X6wmwBpVb0MTbG+YVrsBrSwvdz/2Gz+wvu8I2un0LpdQv19/jgieV96+Sgt7rIcx2w0tDw=='),
(410, 1, '2017-01-09 11:39:41', 1, 'A/+hBZ7NkAsJJPpJkJu6xxpVb0MTbG+YVrsBrSwvdz/2Gz+wvu8I2letHwApm+Kyo6RMWM88+g17rIcx2w0tDw=='),
(411, 1, '2017-01-09 11:50:03', 1, 'cjaJBqOEsGTp3sw52m4jBRpVb0MTbG+YVrsBrSwvdz/2Gz+wvu8I2hv/j0AXaPVCfXcyrElWFOp7rIcx2w0tDw=='),
(412, 1, '2017-01-09 12:09:53', 1, '7FG1eq5UoiZA0PBF0DhENMMhOnV2AhNfLn6K1diH+UR8T0LaK/dVcTo/qy2sQ+MKdCInDlAUsQejpCYXi+iOng=='),
(413, 1, '2017-01-09 13:17:04', 1, 'IG5vUOK3NvgMcqPk/n867cMhOnV2AhNfLn6K1diH+UR8T0LaK/dVcfIzcqF1xnyAizEjLh98lE6jpCYXi+iOng=='),
(414, 1, '2017-01-09 13:18:38', 1, 'AR75s0J0baYer3q+dl+FpRpVb0MTbG+YVrsBrSwvdz/2Gz+wvu8I2sWzDINXcJhLjgieV96+Sgt7rIcx2w0tDw=='),
(415, 1, '2017-01-09 13:22:58', 1, 'fPM6UgnfUGQoAXhTEdhBFRpVb0MTbG+YVrsBrSwvdz/2Gz+wvu8I2uJuo8Y6dUQomZE95gFhV357rIcx2w0tDw=='),
(416, 1, '2017-01-12 14:28:26', 1, 's13tNGxJfnppLHngvuUsJMMhOnV2AhNfLn6K1diH+UR8T0LaK/dVcZbGuPcEnZghe/8vwX4yfEejpCYXi+iOng=='),
(417, 90, '2017-01-13 23:23:28', 1, 'zZK6CWvzFU4tmKiEH6uPVhpVb0MTbG+YVrsBrSwvdz/3dSCPNiEbx0czgNeiAWo3SBJPFPBB3Tx7rIcx2w0tDw=='),
(418, 91, '2017-01-13 23:25:49', 0, '3U2mHMDz0kBjhbCgf06jihpVb0MTbG+YVrsBrSwvdz/3dSCPNiEbx7qzPe8qL5SDLJ5kR0XVb+97rIcx2w0tDw=='),
(419, 92, '2017-01-13 23:30:33', 0, 'mVaYMr9BU9IzKRGiGcECUsMhOnV2AhNfLn6K1diH+UR8T0LaK/dVcXhcGTPniPodDtzU577fGDqjpCYXi+iOng=='),
(420, 92, '2017-01-13 23:30:52', 0, 'M8Ar6p2eQjTV/BFiUptyoRpVb0MTbG+YVrsBrSwvdz/3dSCPNiEbxy2IVVQwLrQBu/azg1WIsyx7rIcx2w0tDw=='),
(421, 92, '2017-01-13 23:36:22', 0, 'ppHF6EZnAYrc3W5DzLtoK8MhOnV2AhNfLn6K1diH+UR8T0LaK/dVcTvJNcXf78EwtMBfmtpM/YajpCYXi+iOng=='),
(422, 91, '2017-01-13 23:38:45', 0, 'tu0nZLob+GU0khjQp0/dGRpVb0MTbG+YVrsBrSwvdz/3dSCPNiEbx1ulV0uEcIXeLJ5kR0XVb+97rIcx2w0tDw=='),
(423, 1, '2017-01-14 19:55:14', 1, 'IgKq79te6kXtq8DIELr0YhpVb0MTbG+YVrsBrSwvdz/3dSCPNiEbxzp34L0uo/Bz9gOraSU1B9V7rIcx2w0tDw=='),
(424, 1, '2017-01-14 21:12:54', 1, 'rCMyEDvVXXDIFZDwYUGqMcMhOnV2AhNfLn6K1diH+UR8T0LaK/dVcSOF1hFh+CpW917Hbduo5SmjpCYXi+iOng=='),
(425, 1, '2017-01-14 21:20:08', 1, 'B1fXqMaKjquB1WPUKH5g68MhOnV2AhNfLn6K1diH+UR8T0LaK/dVcRRihgGzR6PbZhObntmz4xijpCYXi+iOng=='),
(426, 1, '2017-01-14 22:59:40', 1, '/bmuzmW4OLf336SjHjVV6sMhOnV2AhNfLn6K1diH+UR8T0LaK/dVcXD77AtlSNry2B4YffY2vnOjpCYXi+iOng=='),
(427, 1, '2017-01-14 23:03:01', 1, '3iSwfKbjWRH57vV5k2ZKOPCEIJh2hp1DlHMRBNf6wbPA8lqDRulR+Fur7hkTbNf0Q2vuIbgVtAI='),
(428, 1, '2017-01-14 23:12:43', 1, 'DGfUhUllPsYr3sYbBLmObhpVb0MTbG+YVrsBrSwvdz/3dSCPNiEbx/p6O0IWspu3jgieV96+Sgt7rIcx2w0tDw=='),
(429, 1, '2017-01-14 23:38:54', 1, 'Jrr+GX8QTM0e6mKqzymR2wfQTXCRgijLj0hslw33O9yhTsx6x9aNZn7ijPrOFZCs1RXzzLIInfI='),
(430, 1, '2017-01-14 23:39:34', 1, 'BSJYqeuTgHUFvJqf4Oqo2vCEIJh2hp1DlHMRBNf6wbPA8lqDRulR+OfPKoUwiQcPQ2vuIbgVtAI='),
(431, 1, '2017-01-14 23:42:10', 1, '9J/N3nPoRNah22+lmgTItBpVb0MTbG+YVrsBrSwvdz/3dSCPNiEbxy8iIXTU8CQs2vjG//N2EMl7rIcx2w0tDw=='),
(432, 1, '2017-01-14 23:42:56', 1, 'aIEU4XPbDbr8NQjRLXMKzhpVb0MTbG+YVrsBrSwvdz/3dSCPNiEbx4w1sWxJgd9sLqPpQXr6sXZ7rIcx2w0tDw==');
INSERT INTO `jianghu_token` (`id`, `user_id`, `time`, `state`, `token`) VALUES
(433, 1, '2017-01-14 23:45:13', 1, 'pD9JYI1zRhVeBuB7Z1hMQsMhOnV2AhNfLn6K1diH+UR8T0LaK/dVcd6CCt4bfCBCSS8Q+2NnN5yjpCYXi+iOng=='),
(434, 1, '2017-01-14 23:46:09', 1, 'qMHdIQ2WwPfV6zK9X6wmwBpVb0MTbG+YVrsBrSwvdz/3dSCPNiEbx0fmDkU2jusPmZE95gFhV357rIcx2w0tDw=='),
(435, 1, '2017-01-14 23:46:49', 1, 'KvDX/WSLiphvJ4/BvNQ4TPCEIJh2hp1DlHMRBNf6wbPA8lqDRulR+CnIfdcNTxzvQ2vuIbgVtAI='),
(436, 1, '2017-01-14 23:47:06', 1, 'kxICmOvpxbjI4icjZ3TtmsMhOnV2AhNfLn6K1diH+UR8T0LaK/dVccok6pnTlhoVpcCK5su8fsmjpCYXi+iOng=='),
(437, 1, '2017-01-14 23:50:24', 1, 'iocTvzgjb8fF6InPNh68IBpVb0MTbG+YVrsBrSwvdz/3dSCPNiEbx98NVxTlS/jF2vjG//N2EMl7rIcx2w0tDw=='),
(438, 1, '2017-01-14 23:52:52', 1, 'u1YFJWHWvhMlpk88yCYFPcMhOnV2AhNfLn6K1diH+UR8T0LaK/dVcR8iil2497u/ZMRig2B5UBqjpCYXi+iOng=='),
(439, 1, '2017-01-14 23:53:30', 1, '1nGSx0s/kCd/4Wzm8268vhpVb0MTbG+YVrsBrSwvdz/3dSCPNiEbx0GWwpXbgTOxa5sr9eEzTtx7rIcx2w0tDw=='),
(440, 1, '2017-01-14 23:54:48', 1, 'xP8VmGuNyw1H1WD61bnMghpVb0MTbG+YVrsBrSwvdz/3dSCPNiEbx3C5RuQcYUEoAxa65VqdYJx7rIcx2w0tDw=='),
(441, 1, '2017-01-14 23:56:03', 1, 'gh/Ve9K76t/adP7whul7OxpVb0MTbG+YVrsBrSwvdz/3dSCPNiEbxx0O9lSTlBvlo6RMWM88+g17rIcx2w0tDw=='),
(442, 1, '2017-01-14 23:56:17', 1, 'mfO3iw/Bq58OxK+Y428j/xpVb0MTbG+YVrsBrSwvdz/3dSCPNiEbxy04VQGyhRJVjgieV96+Sgt7rIcx2w0tDw=='),
(443, 1, '2017-01-14 23:57:48', 1, '8ZxIlRnScehZT4hWlbWONMMhOnV2AhNfLn6K1diH+UR8T0LaK/dVcaoR3IMksuzc18O6FDmJys2jpCYXi+iOng=='),
(444, 1, '2017-01-15 00:00:01', 1, 'd/8rtnoR8cX5/r2t/HxgfsMhOnV2AhNfLn6K1diH+UR8T0LaK/dVcezXI2dTTSHQe/8vwX4yfEejpCYXi+iOng=='),
(445, 1, '2017-01-15 00:00:25', 1, '093BoKbqduuaKKuu5QyS/vCEIJh2hp1DlHMRBNf6wbPA8lqDRulR+IxNTEzEknA3Q2vuIbgVtAI='),
(446, 1, '2017-01-15 00:00:43', 1, '2zyS46bAgP9FX7cp/bX/dvCEIJh2hp1DlHMRBNf6wbPA8lqDRulR+L4E/NKDWPc2Q2vuIbgVtAI='),
(447, 1, '2017-01-15 00:06:58', 1, 'nqgI8zWGarsCmjuCZjiYZxpVb0MTbG+YVrsBrSwvdz/3dSCPNiEbx2EYDGfxenYXfXcyrElWFOp7rIcx2w0tDw=='),
(448, 1, '2017-01-15 00:13:52', 1, 'x/2JqNhEbPrlFrOGRZG9HsMhOnV2AhNfLn6K1diH+UR8T0LaK/dVcaw/doQXJ3aa0FY5CNZAmiujpCYXi+iOng=='),
(449, 1, '2017-01-15 00:17:22', 1, 'YE9fctreAMRDyn9/uNVeQsMhOnV2AhNfLn6K1diH+UR8T0LaK/dVcammskknZNlg8+fn4bwij8SjpCYXi+iOng=='),
(450, 1, '2017-01-15 00:20:28', 1, 'JBSGuzeFv//1T4UjqZ1poMMhOnV2AhNfLn6K1diH+UR8T0LaK/dVcf1iO4c7uyans9JVCsfHDjujpCYXi+iOng=='),
(451, 1, '2017-01-15 00:21:10', 1, 'KwJFMKBewBMwYhQb83khnMMhOnV2AhNfLn6K1diH+UR8T0LaK/dVcbO6GRJeCmyyceueryWXW72jpCYXi+iOng=='),
(452, 1, '2017-01-15 00:25:07', 1, 'Krk2+OCIt1yGlPogFDVf5hpVb0MTbG+YVrsBrSwvdz/3dSCPNiEbx4LQk0/MpD3pfXcyrElWFOp7rIcx2w0tDw=='),
(453, 1, '2017-01-15 00:27:58', 1, 'Rg/8/wuhhJl0GXxWDQ4ZTMMhOnV2AhNfLn6K1diH+UR8T0LaK/dVcbTkRt17aEupO/XZtRdvnUKjpCYXi+iOng=='),
(454, 1, '2017-01-15 00:29:32', 1, 'wQ+UTCVSC7kn3RRqWh51OhpVb0MTbG+YVrsBrSwvdz/3dSCPNiEbx8JL5udFNC7zo6RMWM88+g17rIcx2w0tDw=='),
(455, 1, '2017-01-15 00:29:32', 1, 'VWxyr/9k9nG1vIXb7No+nMMhOnV2AhNfLn6K1diH+UR8T0LaK/dVcR8z1VDvzqYKZMRig2B5UBqjpCYXi+iOng=='),
(456, 1, '2017-01-15 00:37:06', 1, 'pMFxQuzWOhvfpAsHNTuewPCEIJh2hp1DlHMRBNf6wbPA8lqDRulR+CUgs9UHRNE7Q2vuIbgVtAI='),
(457, 1, '2017-01-15 00:37:59', 1, 'yUImDEKGSl4CzKey9b0D3sMhOnV2AhNfLn6K1diH+UR8T0LaK/dVcXAwr1TNnZ/04x3H6BAjFZCjpCYXi+iOng=='),
(458, 1, '2017-01-15 00:39:42', 1, '0b2rmVGwfxmcdc1KGNdUmfCEIJh2hp1DlHMRBNf6wbPA8lqDRulR+MfzHinccBH+Q2vuIbgVtAI='),
(459, 1, '2017-01-15 00:42:10', 1, 'vXMAYv0nFqmRNlAWk3DsaRpVb0MTbG+YVrsBrSwvdz/3dSCPNiEbx5K+oASqBGN+2vjG//N2EMl7rIcx2w0tDw=='),
(460, 1, '2017-01-15 00:44:43', 1, 'WurNxgIMAR5xxLcFnbxuYRpVb0MTbG+YVrsBrSwvdz/3dSCPNiEbxwFj1W6Qj5UWa5sr9eEzTtx7rIcx2w0tDw=='),
(461, 1, '2017-01-15 00:50:45', 1, 't0stpdn7Ev4Nnhff7i8F7hpVb0MTbG+YVrsBrSwvdz/3dSCPNiEbx4ob8p+WxKSkjgieV96+Sgt7rIcx2w0tDw=='),
(462, 1, '2017-01-15 00:52:01', 1, 'UpKzvc4YTdJaf40LUB8hohpVb0MTbG+YVrsBrSwvdz/3dSCPNiEbx82ltvyxNXKf2vjG//N2EMl7rIcx2w0tDw=='),
(463, 1, '2017-01-15 00:57:21', 1, 'opWVKLs1ReEe6mKqzymR2wfQTXCRgijLj0hslw33O9xjDD+I2ZGoXAN2oU8FspFN1RXzzLIInfI='),
(464, 1, '2017-01-15 00:58:19', 1, 'MPIBPcjnmgJRwamTgL41ohpVb0MTbG+YVrsBrSwvdz/3dSCPNiEbx8vKSbppT0kAe+BWIvokDvB7rIcx2w0tDw=='),
(465, 1, '2017-01-15 01:00:09', 1, 'Ttx2wmWxQH0KdxPAUrY4NxpVb0MTbG+YVrsBrSwvdz/3dSCPNiEbx4BR8ixpWOt19gOraSU1B9V7rIcx2w0tDw=='),
(466, 1, '2017-01-15 01:07:12', 1, '7C7SLTHx2lNFX7cp/bX/dvCEIJh2hp1DlHMRBNf6wbPA8lqDRulR+D/CDkt/5vcYQ2vuIbgVtAI='),
(467, 1, '2017-01-15 01:07:48', 1, 'lIZSsPqFpHkiq1iZtkQPYxpVb0MTbG+YVrsBrSwvdz/3dSCPNiEbx0JC78dKdC14o6RMWM88+g17rIcx2w0tDw=='),
(468, 1, '2017-01-15 01:10:48', 1, '6n3g3zXTbSwfdfIYZnJFiRpVb0MTbG+YVrsBrSwvdz/3dSCPNiEbx859b72GoulYo6RMWM88+g17rIcx2w0tDw=='),
(469, 1, '2017-01-15 01:12:49', 1, 'BVRMNvraBBP9eXpaBRgdMcMhOnV2AhNfLn6K1diH+UR8T0LaK/dVcT0OWfPiduAmlxclH05QLLOjpCYXi+iOng=='),
(470, 1, '2017-01-15 01:14:11', 1, 'zd+Oqr/c1DIsM19UVellBRpVb0MTbG+YVrsBrSwvdz/3dSCPNiEbx4emeeUZULN/mZE95gFhV357rIcx2w0tDw=='),
(471, 1, '2017-01-15 01:15:54', 1, 'mBhBcJdmMe2GlPogFDVf5hpVb0MTbG+YVrsBrSwvdz/3dSCPNiEbx4ZPswcSQla+a5sr9eEzTtx7rIcx2w0tDw=='),
(472, 1, '2017-01-15 01:18:43', 1, '5WW3fiUIPXmcdc1KGNdUmfCEIJh2hp1DlHMRBNf6wbPA8lqDRulR+I01d5Z8oZ3ZQ2vuIbgVtAI='),
(473, 1, '2017-01-15 01:21:42', 1, 'jLGeL/I4S4XV6zK9X6wmwBpVb0MTbG+YVrsBrSwvdz/3dSCPNiEbx7Q2cLGdHa1DjgieV96+Sgt7rIcx2w0tDw=='),
(474, 1, '2017-01-15 01:22:12', 1, 'ylw1Wu7P3ntzJp5ErYbSLcMhOnV2AhNfLn6K1diH+UR8T0LaK/dVcSGLjSITs8hAQshSautZD5GjpCYXi+iOng=='),
(475, 1, '2017-01-15 01:22:44', 1, 'XhWCDeMb4sUCmjuCZjiYZxpVb0MTbG+YVrsBrSwvdz/3dSCPNiEbx4NscO3qgoZIa5sr9eEzTtx7rIcx2w0tDw=='),
(476, 1, '2017-01-15 01:24:04', 1, 'fulvYHxxMh2QkX5IRiN5UcMhOnV2AhNfLn6K1diH+UR8T0LaK/dVcf5IC87sSYB+fxqnfWWUHIujpCYXi+iOng=='),
(477, 1, '2017-01-15 01:25:29', 1, '/QPlV6BJ7/pDAVvLCyfiUcMhOnV2AhNfLn6K1diH+UR8T0LaK/dVcVm3/lHbOwSOWQpV1GHOwB2jpCYXi+iOng=='),
(478, 1, '2017-01-15 01:28:41', 1, 'C+DRh4PGMKif5szJ3HvdNhpVb0MTbG+YVrsBrSwvdz/3dSCPNiEbxw4rcrOhnQdD9gOraSU1B9V7rIcx2w0tDw=='),
(479, 1, '2017-01-15 01:30:00', 1, 'qGtu2Kvp5bhFX7cp/bX/dvCEIJh2hp1DlHMRBNf6wbPA8lqDRulR+EK+xNN27bT2Q2vuIbgVtAI='),
(480, 1, '2017-01-15 01:31:25', 1, 'uiMqocffVVGcdc1KGNdUmfCEIJh2hp1DlHMRBNf6wbPA8lqDRulR+Art7dNNTJoEQ2vuIbgVtAI='),
(481, 1, '2017-01-15 01:32:48', 1, 'mXEtIaef1y1Z/X6zH9wFIMMhOnV2AhNfLn6K1diH+UR8T0LaK/dVcemPhzkTwxzHGq6iNRHejTOjpCYXi+iOng=='),
(482, 1, '2017-01-15 01:38:47', 1, 'NOqwD4om6o0X/bqFPo9XkMMhOnV2AhNfLn6K1diH+UR8T0LaK/dVcdYPiI9QK31hSyJ8yVrVMVGjpCYXi+iOng=='),
(483, 1, '2017-01-15 01:40:43', 1, 'ZQxmW4GvFtmdS1wohD6/FsMhOnV2AhNfLn6K1diH+UR8T0LaK/dVcQhW7N8Bkdr/HSLdlsxvEQSjpCYXi+iOng=='),
(484, 1, '2017-01-15 01:43:10', 1, 'jEzCFjg+67EsM19UVellBRpVb0MTbG+YVrsBrSwvdz/3dSCPNiEbx0UzbOWiSiiLLqPpQXr6sXZ7rIcx2w0tDw=='),
(485, 1, '2017-01-15 01:43:59', 1, '3cULhkCj0yh5XhPvH0cdbBpVb0MTbG+YVrsBrSwvdz/3dSCPNiEbx34icl+GTOf9e+BWIvokDvB7rIcx2w0tDw=='),
(486, 1, '2017-01-15 01:46:32', 1, 'A019DQZuwJ4VQmDJilcn0hpVb0MTbG+YVrsBrSwvdz/3dSCPNiEbx+CSyTfEIGvJe+BWIvokDvB7rIcx2w0tDw=='),
(487, 1, '2017-01-15 01:47:14', 1, '3+/eBWpUL80tmKiEH6uPVhpVb0MTbG+YVrsBrSwvdz/3dSCPNiEbx+JvYP8ektzC2vjG//N2EMl7rIcx2w0tDw=='),
(488, 1, '2017-01-15 01:47:18', 1, 'ol/Aeu9kC7Xl1fLsJ7sk08MhOnV2AhNfLn6K1diH+UR8T0LaK/dVcY8kQQlfECNjd8NiwNXvtVCjpCYXi+iOng=='),
(489, 1, '2017-01-15 01:50:48', 1, 'rEw8snkPjLoJJPpJkJu6xxpVb0MTbG+YVrsBrSwvdz/3dSCPNiEbx+OdefxFHRaya5sr9eEzTtx7rIcx2w0tDw=='),
(490, 1, '2017-01-15 01:51:56', 1, 'OTKuXKArlPo4azgRnmar+vCEIJh2hp1DlHMRBNf6wbPA8lqDRulR+GIb5++cTnHsQ2vuIbgVtAI='),
(491, 1, '2017-01-15 01:52:17', 1, '/O4IGzaaaRiAZSoh2obdLhpVb0MTbG+YVrsBrSwvdz/3dSCPNiEbx7XlZXw24ZqCfXcyrElWFOp7rIcx2w0tDw=='),
(492, 1, '2017-01-15 01:56:48', 1, 'CvU+rAwSgEGRtfbAHpR+N8MhOnV2AhNfLn6K1diH+UR8T0LaK/dVcT37a0DJkG/BcLmUKOH6sw6jpCYXi+iOng=='),
(493, 1, '2017-01-15 01:58:00', 1, 'BuEF89Y3kLon3RRqWh51OhpVb0MTbG+YVrsBrSwvdz/3dSCPNiEbxxHoO94pzHV4LqPpQXr6sXZ7rIcx2w0tDw=='),
(494, 1, '2017-01-15 01:59:00', 1, '3kPnnTZhh5ZFX7cp/bX/dvCEIJh2hp1DlHMRBNf6wbPA8lqDRulR+Et+4J6KoJijQ2vuIbgVtAI='),
(495, 1, '2017-01-15 02:01:31', 1, '81xI6osimeOdnik56urPysMhOnV2AhNfLn6K1diH+UR8T0LaK/dVcWdR62OHSWKLAO+hDYEg9zGjpCYXi+iOng=='),
(496, 1, '2017-01-15 02:05:23', 1, 'qy8pztT0Y/Gcdc1KGNdUmfCEIJh2hp1DlHMRBNf6wbPA8lqDRulR+MQJzpx6HA/hQ2vuIbgVtAI='),
(497, 1, '2017-01-15 02:06:26', 1, 'qnJhR51HcyPiSUQnZ665rBpVb0MTbG+YVrsBrSwvdz/3dSCPNiEbxwHGlr5FJ1IrLqPpQXr6sXZ7rIcx2w0tDw=='),
(498, 1, '2017-01-15 02:09:18', 1, 'EwGDCj3EAbHaOl8uekOssRpVb0MTbG+YVrsBrSwvdz/3dSCPNiEbx9v0oUWOeuDQmZE95gFhV357rIcx2w0tDw=='),
(499, 1, '2017-01-15 02:13:15', 1, 'X2ZpPGjWpTCQjQ8QwMw5BBpVb0MTbG+YVrsBrSwvdz/3dSCPNiEbx2/7Br0oICvQLqPpQXr6sXZ7rIcx2w0tDw=='),
(500, 1, '2017-01-15 02:32:49', 1, 'CBcKqypeSsveiFsR41KEQRpVb0MTbG+YVrsBrSwvdz/3dSCPNiEbxzyTwV2zhjsEe+BWIvokDvB7rIcx2w0tDw=='),
(501, 1, '2017-01-15 02:35:09', 1, 'rCb2+Cnjn9HjBIUQk90o6MMhOnV2AhNfLn6K1diH+UR8T0LaK/dVcaUBzEYxu8JiAFMR4DND6bejpCYXi+iOng=='),
(502, 1, '2017-01-15 02:35:24', 1, '5y8ZBFB66Ll5XhPvH0cdbBpVb0MTbG+YVrsBrSwvdz/3dSCPNiEbx/Pqpc1zLwAhmZE95gFhV357rIcx2w0tDw=='),
(503, 1, '2017-01-15 02:39:28', 1, 'u7fM/Ud3aV+DCgMDDjne48MhOnV2AhNfLn6K1diH+UR8T0LaK/dVcc5VUiCOM1N+lxclH05QLLOjpCYXi+iOng=='),
(504, 1, '2017-01-15 02:41:35', 1, 'z8QTrY942/Hu2NTYRX5IXhpVb0MTbG+YVrsBrSwvdz/3dSCPNiEbx2AB2QBWUaUfjgieV96+Sgt7rIcx2w0tDw=='),
(505, 1, '2017-01-15 02:45:29', 1, '/2KA+6X210Ubo0l5MrXSQBpVb0MTbG+YVrsBrSwvdz/3dSCPNiEbx0Fv2dparQHbmZE95gFhV357rIcx2w0tDw=='),
(506, 1, '2017-01-15 02:47:57', 1, 'Inu/JEFfpvGuFYu3nK7fFcMhOnV2AhNfLn6K1diH+UR8T0LaK/dVceNaT9Za4xFZSdxMIjKaBgmjpCYXi+iOng=='),
(507, 1, '2017-01-15 02:50:59', 1, 'RMzEaFsHQmh2Elwr5YKgwBpVb0MTbG+YVrsBrSwvdz/3dSCPNiEbx1KNw8FCEdLpLqPpQXr6sXZ7rIcx2w0tDw=='),
(508, 1, '2017-01-15 02:51:57', 1, 'Y9EP3ICswxn2vn+MQSawUMMhOnV2AhNfLn6K1diH+UR8T0LaK/dVcdIQwhK46HNFWQpV1GHOwB2jpCYXi+iOng=='),
(509, 1, '2017-01-15 02:54:33', 1, 'cJnisjvIQd0ZMHXqvuTBUhpVb0MTbG+YVrsBrSwvdz/3dSCPNiEbx9biupPd9u49LqPpQXr6sXZ7rIcx2w0tDw=='),
(510, 1, '2017-01-15 02:59:29', 1, 'zYxVsuZvWq+xh/zw0ObzrcMhOnV2AhNfLn6K1diH+UR8T0LaK/dVcU5L+x3KM2Fvi4pOFEaZBmqjpCYXi+iOng=='),
(511, 1, '2017-01-15 03:02:32', 1, 'OYj4I+CrQMzrEO5kFOzA5hpVb0MTbG+YVrsBrSwvdz/3dSCPNiEbxy96C8qrnyH+o6RMWM88+g17rIcx2w0tDw=='),
(512, 1, '2017-01-15 03:04:29', 1, 'dymD7VWmnRqCsx9i8t/6+BpVb0MTbG+YVrsBrSwvdz/3dSCPNiEbx6WzjLYtTxT5LqPpQXr6sXZ7rIcx2w0tDw=='),
(513, 1, '2017-01-15 03:08:07', 1, '8t8/tAjDw6Um5Z2/hTU77MMhOnV2AhNfLn6K1diH+UR8T0LaK/dVcWlQk3n83Dx10FY5CNZAmiujpCYXi+iOng=='),
(514, 1, '2017-01-15 03:08:40', 1, '9zGVaFZr3MNcB4xEGOAABBpVb0MTbG+YVrsBrSwvdz/3dSCPNiEbxyZ5pQxvsDDfe+BWIvokDvB7rIcx2w0tDw=='),
(515, 1, '2017-01-15 03:15:30', 1, '25e5ncM51s8e6mKqzymR2wfQTXCRgijLj0hslw33O9y0zuUhQZmtsrdnrCel8uXr1RXzzLIInfI='),
(516, 1, '2017-01-15 03:22:29', 1, '0LrE4GgRvM2fjMdu0BFxEsMhOnV2AhNfLn6K1diH+UR8T0LaK/dVcRIE4oH9chtKDlzZKOxeX8WjpCYXi+iOng=='),
(517, 1, '2017-01-15 03:25:17', 1, 'enzjxJrtSJ1FX7cp/bX/dvCEIJh2hp1DlHMRBNf6wbPA8lqDRulR+MzyFDBAHeyvQ2vuIbgVtAI='),
(518, 1, '2017-01-15 03:28:50', 1, 'KJM9P/FKkHMFvJqf4Oqo2vCEIJh2hp1DlHMRBNf6wbPA8lqDRulR+BL34qTMCQeMQ2vuIbgVtAI='),
(519, 1, '2017-01-15 03:38:34', 1, 'dHtu7vFTpd84/7XG/sLNBBpVb0MTbG+YVrsBrSwvdz/3dSCPNiEbx7zcBzNnQjEoe+BWIvokDvB7rIcx2w0tDw=='),
(520, 1, '2017-01-15 03:39:39', 1, '+EHziPC+9EGjmWuxPdPutRpVb0MTbG+YVrsBrSwvdz/3dSCPNiEbxy0vhzrXCSnba5sr9eEzTtx7rIcx2w0tDw=='),
(521, 1, '2017-01-15 03:42:43', 1, '6WuokbhDM3kwYhQb83khnMMhOnV2AhNfLn6K1diH+UR8T0LaK/dVca5KgcDJeAT6dnuP0Zra5dKjpCYXi+iOng=='),
(522, 1, '2017-01-15 03:43:20', 1, 'Bf4xf3qOgWLV/BFiUptyoRpVb0MTbG+YVrsBrSwvdz/3dSCPNiEbx9jyFOhf6pymLqPpQXr6sXZ7rIcx2w0tDw=='),
(523, 1, '2017-01-15 12:06:27', 1, '3teV8c7IU/de6BIKY7oH6MMhOnV2AhNfLn6K1diH+UR8T0LaK/dVcTdowV0DjrJVLCz9UEApM2qjpCYXi+iOng=='),
(524, 1, '2017-01-15 12:11:50', 1, 'iSCKzg0Ys/GDVpkQamLExcMhOnV2AhNfLn6K1diH+UR8T0LaK/dVcbb0/m9dbUHFd8NiwNXvtVCjpCYXi+iOng=='),
(525, 1, '2017-01-15 12:13:24', 1, '/5c0LR18dhSaKKuu5QyS/vCEIJh2hp1DlHMRBNf6wbPA8lqDRulR+L308khpGx6GQ2vuIbgVtAI='),
(526, 1, '2017-01-15 12:14:11', 1, 'eaiYT3n8Cr6lW3Zi3qmXpMMhOnV2AhNfLn6K1diH+UR8T0LaK/dVcTJsyJF6Q4N2e/8vwX4yfEejpCYXi+iOng=='),
(527, 1, '2017-01-15 14:00:00', 1, 'qjVfI8nZqAIkbQDN72KdRBpVb0MTbG+YVrsBrSwvdz/3dSCPNiEbx4MadbdxMqn9Axa65VqdYJx7rIcx2w0tDw=='),
(528, 1, '2017-01-15 14:00:35', 1, 'pPlYbXOt+PJ/4Wzm8268vhpVb0MTbG+YVrsBrSwvdz/3dSCPNiEbx6nEEBn4Zu1o9gOraSU1B9V7rIcx2w0tDw=='),
(529, 1, '2017-01-15 14:19:22', 1, 'uFjzTv64mZOcdc1KGNdUmfCEIJh2hp1DlHMRBNf6wbPA8lqDRulR+Ns3P8qDMNoUQ2vuIbgVtAI='),
(530, 1, '2017-01-15 15:00:56', 1, 'eh1W0XRyR9y7RcaZDmPqXsMhOnV2AhNfLn6K1diH+UR8T0LaK/dVcQbaDHl6ln/rUo2TzWbGYPqjpCYXi+iOng=='),
(531, 1, '2017-01-15 17:07:44', 1, 'udYnqZlNRVAoAXhTEdhBFRpVb0MTbG+YVrsBrSwvdz/3dSCPNiEbx19EP37nBrGra5sr9eEzTtx7rIcx2w0tDw=='),
(532, 1, '2017-01-15 17:23:35', 1, '6bqbHIZu4XZvJ4/BvNQ4TPCEIJh2hp1DlHMRBNf6wbPA8lqDRulR+FIMBeu5ymklQ2vuIbgVtAI='),
(533, 1, '2017-01-15 17:30:39', 1, 'WSUa+6zTKriJiooRBUXkAfCEIJh2hp1DlHMRBNf6wbPA8lqDRulR+Em6wXwlWWJVQ2vuIbgVtAI='),
(534, 1, '2017-01-15 17:39:06', 1, 'E7KqBEwQrEJoCuY4aMlTIxpVb0MTbG+YVrsBrSwvdz/3dSCPNiEbx3IifZpeTTchLqPpQXr6sXZ7rIcx2w0tDw=='),
(535, 1, '2017-01-15 17:40:06', 1, 't1BJi4fgOVrC4Tmjol6gxsMhOnV2AhNfLn6K1diH+UR8T0LaK/dVcWvuF9v7DHfWqOu0Sp54fgSjpCYXi+iOng=='),
(536, 1, '2017-01-15 17:41:51', 1, 'SO5/YAzbyQ5RwamTgL41ohpVb0MTbG+YVrsBrSwvdz/3dSCPNiEbx2w/WWnXI1zajgieV96+Sgt7rIcx2w0tDw=='),
(537, 1, '2017-01-15 17:44:09', 1, 'cXvLyxm2xotkefh37n0QAPCEIJh2hp1DlHMRBNf6wbPA8lqDRulR+Ozu/itYA8seQ2vuIbgVtAI='),
(538, 1, '2017-01-15 17:44:52', 1, 'BxVqvTBJkZL8N+uByAEWIMMhOnV2AhNfLn6K1diH+UR8T0LaK/dVce1URPgsj63KCxdWkHuO4TijpCYXi+iOng=='),
(539, 1, '2017-01-15 17:47:58', 1, 'CERsZEzwEe0FvJqf4Oqo2vCEIJh2hp1DlHMRBNf6wbPA8lqDRulR+MfyQwssQ0wGQ2vuIbgVtAI='),
(540, 1, '2017-01-15 17:55:32', 1, '00Gv9GkSV4fF6InPNh68IBpVb0MTbG+YVrsBrSwvdz/3dSCPNiEbx3lsFK3V2Mc1jgieV96+Sgt7rIcx2w0tDw=='),
(541, 1, '2017-01-15 17:59:14', 1, 'ac0g2Skgn9dNDN8pKLByXsMhOnV2AhNfLn6K1diH+UR8T0LaK/dVccq95qf+iFhJQkkl8p5al+KjpCYXi+iOng=='),
(542, 1, '2017-01-15 18:02:34', 1, 'exlb0L+YqPYiQcglcbK75sMhOnV2AhNfLn6K1diH+UR8T0LaK/dVcT5yBJrXzRjKceueryWXW72jpCYXi+iOng=='),
(543, 1, '2017-01-15 18:06:11', 1, '1SLWy9L9MrE78OlUHqoB5sMhOnV2AhNfLn6K1diH+UR8T0LaK/dVcQIqgoMQKxHxAO+hDYEg9zGjpCYXi+iOng=='),
(544, 1, '2017-01-15 18:07:40', 1, 'kaQBh/hz1VhcKqyFYsOIScMhOnV2AhNfLn6K1diH+UR8T0LaK/dVcSDK1OeJRpJw4QgowSABMS2jpCYXi+iOng=='),
(545, 1, '2017-01-15 18:13:03', 1, '+zQiaBoE8Ek4azgRnmar+vCEIJh2hp1DlHMRBNf6wbPA8lqDRulR+F5w/S3dG24RQ2vuIbgVtAI='),
(546, 1, '2017-01-15 22:40:49', 1, 'dZYCk26caUgh8PjDMhPppxpVb0MTbG+YVrsBrSwvdz/3dSCPNiEbx3A8pRS/v80IfXcyrElWFOp7rIcx2w0tDw=='),
(547, 1, '2017-01-15 22:44:14', 1, 'H1jhCyNbNenI4icjZ3TtmsMhOnV2AhNfLn6K1diH+UR8T0LaK/dVcZmSPBbBb8vCs9JVCsfHDjujpCYXi+iOng=='),
(548, 1, '2017-01-15 22:46:35', 1, 'ABQHEcFmHq9FX7cp/bX/dvCEIJh2hp1DlHMRBNf6wbPA8lqDRulR+Bjx34X/se0+Q2vuIbgVtAI='),
(549, 1, '2017-01-15 22:47:19', 1, '0gB3X5thVzB2Elwr5YKgwBpVb0MTbG+YVrsBrSwvdz/3dSCPNiEbx/hi0VtvYjfV2vjG//N2EMl7rIcx2w0tDw=='),
(550, 1, '2017-01-15 22:51:27', 1, 'JEh+UlVpy3qEc5L6Ui2dnhpVb0MTbG+YVrsBrSwvdz/3dSCPNiEbx/7cLGv4kAv0o6RMWM88+g17rIcx2w0tDw=='),
(551, 1, '2017-01-15 22:54:04', 1, 'Z1GWg3szPdOaKKuu5QyS/vCEIJh2hp1DlHMRBNf6wbPA8lqDRulR+BTsZ3mk619SQ2vuIbgVtAI='),
(552, 1, '2017-01-15 22:56:38', 1, 'L4PcrJPaPHQNnhff7i8F7hpVb0MTbG+YVrsBrSwvdz/3dSCPNiEbx8/AcHGjL+Ax2vjG//N2EMl7rIcx2w0tDw=='),
(553, 1, '2017-01-15 22:58:05', 1, '1PpvGIorHGLBqnScqOQ+GBpVb0MTbG+YVrsBrSwvdz/3dSCPNiEbx7orArTA1Mume+BWIvokDvB7rIcx2w0tDw=='),
(554, 1, '2017-01-15 23:02:52', 1, 'oEIhPSLslb6LVpiNAS9pOxpVb0MTbG+YVrsBrSwvdz/3dSCPNiEbx3kn47meGI8we+BWIvokDvB7rIcx2w0tDw=='),
(555, 1, '2017-01-15 23:19:52', 1, 'P5AUSLYv2Rce6mKqzymR2wfQTXCRgijLj0hslw33O9ywh+9GkqOnLaRh4LPNHePj1RXzzLIInfI='),
(556, 1, '2017-01-15 23:25:19', 1, '7DJ/W1dqXwg39iqXd5m+z8MhOnV2AhNfLn6K1diH+UR8T0LaK/dVccxrHTwd536jWUno33TDo3ejpCYXi+iOng=='),
(557, 1, '2017-01-15 23:26:18', 1, '5FuepDh8b9q0XzidP23ZKBpVb0MTbG+YVrsBrSwvdz/3dSCPNiEbxxMsTx51UsUs2vjG//N2EMl7rIcx2w0tDw=='),
(558, 1, '2017-01-15 23:38:56', 1, 'FsCQSu3r1HHPJSvU+Lui6RpVb0MTbG+YVrsBrSwvdz/3dSCPNiEbx0lF7vbYFgmY2vjG//N2EMl7rIcx2w0tDw=='),
(559, 1, '2017-01-15 23:40:18', 1, '1I7gBgplCGfiSUQnZ665rBpVb0MTbG+YVrsBrSwvdz/3dSCPNiEbx1vUDHWK9Wy3mZE95gFhV357rIcx2w0tDw=='),
(560, 1, '2017-01-15 23:42:57', 1, 'BwTkYn3+ODkbo0l5MrXSQBpVb0MTbG+YVrsBrSwvdz/3dSCPNiEbx3kHfHt25nvrjgieV96+Sgt7rIcx2w0tDw=='),
(561, 1, '2017-01-15 23:44:04', 1, '0KT202/CGqhvJ4/BvNQ4TPCEIJh2hp1DlHMRBNf6wbPA8lqDRulR+F6X1r0MDycMQ2vuIbgVtAI='),
(562, 1, '2017-01-15 23:59:20', 1, 'EvimyAyoKPeEc5L6Ui2dnhpVb0MTbG+YVrsBrSwvdz/3dSCPNiEbx/Q4Yqtkw9KgLqPpQXr6sXZ7rIcx2w0tDw=='),
(563, 1, '2017-01-22 16:01:19', 1, '1FpQMmHtVPaJiooRBUXkAfCEIJh2hp1DlHMRBNf6wbP9juImFucbFesQakQEVzCjQ2vuIbgVtAI='),
(564, 1, '2017-01-22 16:47:57', 1, 'Pj0aROq3NOYdb7I/UTPuisMhOnV2AhNfLn6K1diH+UR8T0LaK/dVcYttib10/aPfLCz9UEApM2qjpCYXi+iOng=='),
(565, 1, '2017-01-22 16:49:37', 1, 'y5cqrIjkpKn57vV5k2ZKOPCEIJh2hp1DlHMRBNf6wbP9juImFucbFTmDX54ooDN9Q2vuIbgVtAI='),
(566, 1, '2017-01-22 16:50:39', 1, '027zbeAOja8vCQ7quj+1lxpVb0MTbG+YVrsBrSwvdz/T1CWYKhJ9CKUamssVFotWAxa65VqdYJx7rIcx2w0tDw=='),
(567, 1, '2017-01-23 13:54:21', 1, 'VFoEgagLq9pFX7cp/bX/dvCEIJh2hp1DlHMRBNf6wbP1D5t6foyN0xD84b/2bRfoQ2vuIbgVtAI='),
(568, 1, '2017-01-23 15:30:17', 1, 'i2TFW5h8pW8kpBnY/lu9rhpVb0MTbG+YVrsBrSwvdz/T1CWYKhJ9CFJEKVYVLnTP9gOraSU1B9V7rIcx2w0tDw=='),
(569, 1, '2017-01-23 15:43:21', 1, 'P3wMMU5+cCr8NQjRLXMKzhpVb0MTbG+YVrsBrSwvdz/T1CWYKhJ9CNL6cNxE/RCVLqPpQXr6sXZ7rIcx2w0tDw=='),
(570, 1, '2017-01-23 15:49:28', 1, 'tdjq0tN5BFMuYU7SWkrNyMMhOnV2AhNfLn6K1diH+UR8T0LaK/dVcfPIuKdbReP4syrQvcyHSs6jpCYXi+iOng=='),
(571, 1, '2017-01-23 17:34:36', 1, 'm9poV0h80BbBIeq6r/X8ThpVb0MTbG+YVrsBrSwvdz/T1CWYKhJ9CI3um7x/QXfk2vjG//N2EMl7rIcx2w0tDw=='),
(572, 1, '2017-01-23 20:39:03', 1, 'W1riiu+cO5PiSUQnZ665rBpVb0MTbG+YVrsBrSwvdz/T1CWYKhJ9CIZckk4sn0kEo6RMWM88+g17rIcx2w0tDw=='),
(573, 1, '2017-01-30 20:35:38', 1, '8j3YUmrOiEWaKKuu5QyS/vCEIJh2hp1DlHMRBNf6wbNVnEorX5eMuaJQ1PBl+DthQ2vuIbgVtAI='),
(574, 1, '2017-01-30 20:36:17', 1, '1EV3I8qWE7Lm2hqRa6YemhpVb0MTbG+YVrsBrSwvdz/T1CWYKhJ9CMqCBHAQTzlyLqPpQXr6sXZ7rIcx2w0tDw=='),
(575, 1, '2017-01-30 20:37:49', 1, 'KICf9NjdRDvOPUIjdYDnchpVb0MTbG+YVrsBrSwvdz/T1CWYKhJ9CMlr2jN0pPbw9gOraSU1B9V7rIcx2w0tDw=='),
(576, 1, '2017-01-30 21:02:36', 1, 'DGqXccRazRWxebuwqnAIwsMhOnV2AhNfLn6K1diH+UR8T0LaK/dVcRxOQQeQccul90o5gvoUp7yjpCYXi+iOng=='),
(577, 1, '2017-01-30 21:15:58', 1, 'dU0E2O/5Csyh22+lmgTItBpVb0MTbG+YVrsBrSwvdz/T1CWYKhJ9CFkdOvCFP8bDjgieV96+Sgt7rIcx2w0tDw=='),
(578, 1, '2017-01-31 15:40:43', 1, '7unwTno4noNEN9VYF3gtIMMhOnV2AhNfLn6K1diH+UR8T0LaK/dVcWsZVVcWl6eLi4pOFEaZBmqjpCYXi+iOng=='),
(579, 1, '2017-01-31 15:45:07', 1, 'tCIDy7hbHXwtmKiEH6uPVhpVb0MTbG+YVrsBrSwvdz/T1CWYKhJ9CC8cxIBtBiQRo6RMWM88+g17rIcx2w0tDw=='),
(580, 1, '2017-01-31 15:47:03', 1, 'kWa/kBuEoX7OPUIjdYDnchpVb0MTbG+YVrsBrSwvdz/T1CWYKhJ9CEYoBj4i6P/Ra5sr9eEzTtx7rIcx2w0tDw=='),
(581, 1, '2017-01-31 15:47:07', 1, 'ltCNpyLKydGaKKuu5QyS/vCEIJh2hp1DlHMRBNf6wbPRR17o8Jkrqa4qFRKe6ps1Q2vuIbgVtAI='),
(582, 1, '2017-01-31 15:47:32', 1, 'xcSvRQT5bwKGlPogFDVf5hpVb0MTbG+YVrsBrSwvdz/T1CWYKhJ9CI3jErEF1Ekne+BWIvokDvB7rIcx2w0tDw=='),
(583, 1, '2017-01-31 15:49:16', 1, 'I//45YuxW7kNnhff7i8F7hpVb0MTbG+YVrsBrSwvdz/T1CWYKhJ9CGxHVrq4Ubam2vjG//N2EMl7rIcx2w0tDw=='),
(584, 1, '2017-01-31 15:49:34', 1, 'v8t+vGAMO1kNnhff7i8F7hpVb0MTbG+YVrsBrSwvdz/T1CWYKhJ9CBzgtpJbDBMCAxa65VqdYJx7rIcx2w0tDw=='),
(585, 1, '2017-01-31 15:49:39', 1, 'GeZ2EzxUL/cUslc+1V4AYMMhOnV2AhNfLn6K1diH+UR8T0LaK/dVcXFxf9+9JHUvDlzZKOxeX8WjpCYXi+iOng=='),
(586, 1, '2017-01-31 15:49:43', 1, 'SBps/2ejsgFoCuY4aMlTIxpVb0MTbG+YVrsBrSwvdz/T1CWYKhJ9CGdb30DefEL4a5sr9eEzTtx7rIcx2w0tDw=='),
(587, 1, '2017-01-31 15:49:46', 1, 'pvU8Uumo0JWcdc1KGNdUmfCEIJh2hp1DlHMRBNf6wbPRR17o8JkrqaU4F9jn7zuxQ2vuIbgVtAI='),
(588, 1, '2017-01-31 15:51:29', 1, 'HspYZWDe8k7fpAsHNTuewPCEIJh2hp1DlHMRBNf6wbPRR17o8Jkrqc+DrcALFcZzQ2vuIbgVtAI='),
(589, 1, '2017-01-31 15:51:37', 1, 'EBwWE8p18P20XzidP23ZKBpVb0MTbG+YVrsBrSwvdz/T1CWYKhJ9CB1Orji7p8K0jgieV96+Sgt7rIcx2w0tDw=='),
(590, 1, '2017-01-31 15:51:51', 1, 'JkjRwEyxyDwJ8Wfw6WAIcsMhOnV2AhNfLn6K1diH+UR8T0LaK/dVcZlkcRAcs8DKcLmUKOH6sw6jpCYXi+iOng=='),
(591, 1, '2017-01-31 15:53:20', 1, 'n1AWbbe1FeMK9wy0+/5128MhOnV2AhNfLn6K1diH+UR8T0LaK/dVcU4859csKgCBpgToi9503JejpCYXi+iOng=='),
(592, 1, '2017-01-31 15:53:29', 1, 'c/0zcXNnjzPfpAsHNTuewPCEIJh2hp1DlHMRBNf6wbPRR17o8Jkrqe2u7gnK3MXmQ2vuIbgVtAI='),
(593, 1, '2017-01-31 15:53:33', 1, 'CsiE5VBPZs2JiooRBUXkAfCEIJh2hp1DlHMRBNf6wbPRR17o8JkrqeKP+3F8URk6Q2vuIbgVtAI='),
(594, 1, '2017-01-31 16:05:22', 1, 'TiUNOd37RmuLgTPwy58+TMMhOnV2AhNfLn6K1diH+UR8T0LaK/dVcYhzArSruiDcZL8S2MFEby6jpCYXi+iOng=='),
(595, 1, '2017-01-31 16:06:40', 1, '1Q8j7xWO4aMNnhff7i8F7hpVb0MTbG+YVrsBrSwvdz/T1CWYKhJ9CIlHgz1QSa59jgieV96+Sgt7rIcx2w0tDw=='),
(596, 1, '2017-01-31 16:06:45', 1, 'jFSXQ2Va/zD4ht+cjij8w8MhOnV2AhNfLn6K1diH+UR8T0LaK/dVce1evdgs6IRBdnuP0Zra5dKjpCYXi+iOng=='),
(597, 1, '2017-01-31 16:06:48', 1, 'eYvwGRdw4PcLNZsOCs2arcMhOnV2AhNfLn6K1diH+UR8T0LaK/dVcVrg4zNDFKM7TrXaawgvUkmjpCYXi+iOng=='),
(598, 1, '2017-01-31 16:06:55', 1, 'yu9UJSKA59acdc1KGNdUmfCEIJh2hp1DlHMRBNf6wbPRR17o8JkrqXT2xaaZHVJHQ2vuIbgVtAI='),
(599, 1, '2017-01-31 16:07:56', 1, 'TudXOP4WO3OLVpiNAS9pOxpVb0MTbG+YVrsBrSwvdz/T1CWYKhJ9CLtXprSOl+gtLqPpQXr6sXZ7rIcx2w0tDw=='),
(600, 1, '2017-01-31 16:08:08', 1, '61tXGpTtBUcTNifGGEwxSsMhOnV2AhNfLn6K1diH+UR8T0LaK/dVcd7lk60jiaNbJBuML+7nPnOjpCYXi+iOng=='),
(601, 1, '2017-01-31 16:08:09', 1, '489GxMzgHFTnj6VKPQNc3cMhOnV2AhNfLn6K1diH+UR8T0LaK/dVcbV2dznNsgQAceueryWXW72jpCYXi+iOng=='),
(602, 1, '2017-01-31 16:08:09', 1, '/FzhvkZI7llMZg/Lx6+Z7sMhOnV2AhNfLn6K1diH+UR8T0LaK/dVcRAjWK1v4TYtHSLdlsxvEQSjpCYXi+iOng=='),
(603, 90, '2017-01-31 16:08:11', 1, '5dM/fO6S2/RRwamTgL41ohpVb0MTbG+YVrsBrSwvdz/T1CWYKhJ9CAWJZDOPd0bAZyUo2d9pQ0x7rIcx2w0tDw=='),
(604, 1, '2017-01-31 16:09:31', 1, 'wiS8bnXQpbHiCjbG2GrThcMhOnV2AhNfLn6K1diH+UR8T0LaK/dVcQrQ3GtGkoRldnuP0Zra5dKjpCYXi+iOng=='),
(605, 1, '2017-02-02 00:14:34', 1, 'fVYgQUGkKPycdc1KGNdUmfCEIJh2hp1DlHMRBNf6wbNMFXNXYtejDHrVocya2amtQ2vuIbgVtAI='),
(606, 1, '2017-02-02 00:23:04', 1, 'dZ7ZkIl5yiLH4cdbq8m2XhpVb0MTbG+YVrsBrSwvdz/T1CWYKhJ9CFnsxe7S1y9jjgieV96+Sgt7rIcx2w0tDw=='),
(607, 1, '2017-02-02 00:23:16', 1, 'VbG/yPtQPzR5XhPvH0cdbBpVb0MTbG+YVrsBrSwvdz/T1CWYKhJ9CB1GSbmUyAU1e+BWIvokDvB7rIcx2w0tDw=='),
(608, 1, '2017-02-02 00:23:24', 1, 'gcyCP1WW9qniSUQnZ665rBpVb0MTbG+YVrsBrSwvdz/T1CWYKhJ9CN/MlHf2/HXy2vjG//N2EMl7rIcx2w0tDw=='),
(609, 1, '2017-02-02 00:23:41', 1, 'cemQnYOq8wmUDCL/WjdpKsMhOnV2AhNfLn6K1diH+UR8T0LaK/dVcSEMZ8QWTDr5SyJ8yVrVMVGjpCYXi+iOng=='),
(610, 1, '2017-02-02 00:26:38', 1, 'Jpo1URUnoYuJiooRBUXkAfCEIJh2hp1DlHMRBNf6wbNMFXNXYtejDP/Y6BYNKREDQ2vuIbgVtAI='),
(611, 1, '2017-02-02 00:27:46', 1, 'cXdmbp6za1pFX7cp/bX/dvCEIJh2hp1DlHMRBNf6wbNMFXNXYtejDDjIlSRM93V2Q2vuIbgVtAI='),
(612, 1, '2017-02-02 00:28:16', 1, 'TT3E0Ce1hy+noBAEOR+dSRpVb0MTbG+YVrsBrSwvdz/T1CWYKhJ9CHef1AJMB+SZfXcyrElWFOp7rIcx2w0tDw=='),
(613, 1, '2017-02-02 12:42:36', 1, 'gQvyZV40ZkaZI6bTGNoZXcMhOnV2AhNfLn6K1diH+UR8T0LaK/dVcevj0a+rnBVlCxdWkHuO4TijpCYXi+iOng=='),
(614, 1, '2017-02-02 12:43:16', 1, 'zs0H/gU8U1bV/BFiUptyoRpVb0MTbG+YVrsBrSwvdz//bxSjgrF7TsGAR/LcNTi32vjG//N2EMl7rIcx2w0tDw=='),
(615, 1, '2017-02-02 12:46:38', 1, 'oyDjkPh2dzoGDuxkpJisgsMhOnV2AhNfLn6K1diH+UR8T0LaK/dVccOR8/15xworDzH6DVOVi/CjpCYXi+iOng=='),
(616, 1, '2017-02-02 12:50:44', 1, 'r5maCI2xE5TfpAsHNTuewPCEIJh2hp1DlHMRBNf6wbOghgPIIXjT7rSRJZW4SpDRQ2vuIbgVtAI='),
(617, 1, '2017-02-02 12:51:32', 1, 'syAXb/ARZLp5XhPvH0cdbBpVb0MTbG+YVrsBrSwvdz//bxSjgrF7TssfODVWS/LyAxa65VqdYJx7rIcx2w0tDw=='),
(618, 1, '2017-02-02 12:54:00', 1, 'q3VxBmwAw+pvJ4/BvNQ4TPCEIJh2hp1DlHMRBNf6wbOghgPIIXjT7v7roOJlZbZyQ2vuIbgVtAI='),
(619, 1, '2017-02-02 12:54:06', 1, 'izlz9Y4Vd2vm2hqRa6YemhpVb0MTbG+YVrsBrSwvdz//bxSjgrF7TqjMZp9lzMjljgieV96+Sgt7rIcx2w0tDw=='),
(620, 1, '2017-02-02 12:54:18', 1, 'PogiM+PjOCylrOpOKGYOnhpVb0MTbG+YVrsBrSwvdz//bxSjgrF7TgM20Jy59+RbfXcyrElWFOp7rIcx2w0tDw=='),
(621, 1, '2017-02-02 12:58:28', 1, 'rwCmj6eGM85FX7cp/bX/dvCEIJh2hp1DlHMRBNf6wbOghgPIIXjT7v1BiAQY2d0gQ2vuIbgVtAI='),
(622, 1, '2017-02-02 12:58:34', 1, 'mVGQTygbX8q8wY4882B1HxpVb0MTbG+YVrsBrSwvdz//bxSjgrF7TseK0VFBru3FAxa65VqdYJx7rIcx2w0tDw=='),
(623, 1, '2017-02-02 12:59:16', 1, '951w8eSNI7bJa+FgohvSfRpVb0MTbG+YVrsBrSwvdz//bxSjgrF7Tm8LI+nsv00O2vjG//N2EMl7rIcx2w0tDw=='),
(624, 1, '2017-02-02 12:59:18', 1, 'nJBYop7Pa4rrEO5kFOzA5hpVb0MTbG+YVrsBrSwvdz//bxSjgrF7TunJjNuaXeMH2vjG//N2EMl7rIcx2w0tDw=='),
(625, 1, '2017-02-05 19:46:14', 1, 'gCxxQ5Wb50Q0khjQp0/dGRpVb0MTbG+YVrsBrSwvdz//bxSjgrF7TvbgITU0Um89o6RMWM88+g17rIcx2w0tDw=='),
(626, 1, '2017-02-05 19:48:58', 1, 'WWd0qA5No4q0XzidP23ZKBpVb0MTbG+YVrsBrSwvdz//bxSjgrF7TmcPSSGd4bdcjgieV96+Sgt7rIcx2w0tDw=='),
(627, 1, '2017-02-05 19:53:01', 1, '8faJX/PXS9GkPWgB6Nnu5RpVb0MTbG+YVrsBrSwvdz//bxSjgrF7TkkYSEHYYSKJa5sr9eEzTtx7rIcx2w0tDw=='),
(628, 1, '2017-02-05 19:55:42', 1, '0QjPpLP/VILFVo1kSk2j8MMhOnV2AhNfLn6K1diH+UR8T0LaK/dVcQkFcNQNHhXuzIqYA+cFJJyjpCYXi+iOng=='),
(629, 1, '2017-02-05 19:57:15', 1, 'iNu8U6pSaghPBaoPZ5T8y8MhOnV2AhNfLn6K1diH+UR8T0LaK/dVccvU+M/eOpFW3qeM15krCqijpCYXi+iOng=='),
(630, 1, '2017-02-05 20:13:30', 1, '9JMZHOf0sVJFX7cp/bX/dvCEIJh2hp1DlHMRBNf6wbOQJJ31Mu2gardhpkFzQMqzQ2vuIbgVtAI='),
(631, 1, '2017-02-05 20:14:33', 1, 'HYYGbGBqsLOaKKuu5QyS/vCEIJh2hp1DlHMRBNf6wbOQJJ31Mu2gakn3bkts+8YWQ2vuIbgVtAI='),
(632, 1, '2017-02-05 20:22:27', 1, 'spw3kK+2tmTPJSvU+Lui6RpVb0MTbG+YVrsBrSwvdz//bxSjgrF7Tj6P6zZbChbKmZE95gFhV357rIcx2w0tDw=='),
(633, 1, '2017-02-05 20:28:07', 1, 'Gem7cFDywg519FD6xteh1sMhOnV2AhNfLn6K1diH+UR8T0LaK/dVcf9sYIJPhozZsOhrChaSvRWjpCYXi+iOng=='),
(634, 1, '2017-02-05 20:49:18', 1, 'I7F/ybvbmKJkefh37n0QAPCEIJh2hp1DlHMRBNf6wbOQJJ31Mu2gahNPjRXw8s2uQ2vuIbgVtAI='),
(635, 1, '2017-02-05 20:49:44', 1, 'iOilfLXAZo9HZ1t2PAb/fRpVb0MTbG+YVrsBrSwvdz//bxSjgrF7TjkFbC0I5V/ja5sr9eEzTtx7rIcx2w0tDw=='),
(636, 1, '2017-02-05 20:50:16', 1, 'MVnCZHn4thFvJ4/BvNQ4TPCEIJh2hp1DlHMRBNf6wbOQJJ31Mu2gao6CjQFC98liQ2vuIbgVtAI='),
(637, 1, '2017-02-05 20:52:36', 1, 'ahOfkzHwP2Vkefh37n0QAPCEIJh2hp1DlHMRBNf6wbOQJJ31Mu2gake0oreeg3VfQ2vuIbgVtAI='),
(638, 1, '2017-02-05 20:52:53', 1, 'gKAkS7lC9xhFX7cp/bX/dvCEIJh2hp1DlHMRBNf6wbOQJJ31Mu2gamj44xTh4mD2Q2vuIbgVtAI='),
(639, 1, '2017-02-05 20:56:27', 1, 'JOLJSlUv1Y/0hRNNQuRU9cMhOnV2AhNfLn6K1diH+UR8T0LaK/dVcYZmWapXPvgDn038OoT1Rz+jpCYXi+iOng=='),
(640, 1, '2017-02-05 20:58:08', 1, 'v6ia5U/PhQ70hRNNQuRU9cMhOnV2AhNfLn6K1diH+UR8T0LaK/dVcTnRp1iDCjQ7syrQvcyHSs6jpCYXi+iOng=='),
(641, 1, '2017-02-05 20:58:48', 1, '96fGZWH9bKPOPUIjdYDnchpVb0MTbG+YVrsBrSwvdz//bxSjgrF7ThloHA78vu8vo6RMWM88+g17rIcx2w0tDw=='),
(642, 1, '2017-02-05 21:17:18', 1, 'SMwdxqH+OqJkefh37n0QAPCEIJh2hp1DlHMRBNf6wbO9nzedVP7ETLLc2B/pc1rAQ2vuIbgVtAI='),
(643, 1, '2017-02-05 21:31:45', 1, 'o8UgTcbX0UeAZSoh2obdLhpVb0MTbG+YVrsBrSwvdz//bxSjgrF7TocYBq/GVODXfXcyrElWFOp7rIcx2w0tDw=='),
(644, 1, '2017-02-05 21:36:22', 1, '2SIqFNv4RLk0khjQp0/dGRpVb0MTbG+YVrsBrSwvdz//bxSjgrF7TiYnyPA5MfOLo6RMWM88+g17rIcx2w0tDw=='),
(645, 1, '2017-02-05 21:54:35', 1, 'lIOVymdg2eXs4kK75iMnQRpVb0MTbG+YVrsBrSwvdz//bxSjgrF7Ttj+DEZKDiPm2vjG//N2EMl7rIcx2w0tDw=='),
(646, 1, '2017-02-05 21:57:53', 1, '0qNeLauJLipFX7cp/bX/dvCEIJh2hp1DlHMRBNf6wbO9nzedVP7ETKPY6qo6MGQLQ2vuIbgVtAI='),
(647, 1, '2017-02-05 21:59:50', 1, 'zdSmw5XY+cPV6zK9X6wmwBpVb0MTbG+YVrsBrSwvdz//bxSjgrF7ThTZne8w4PHCmZE95gFhV357rIcx2w0tDw=='),
(648, 1, '2017-02-05 22:02:14', 1, 'yW7fvzzCtIm0XzidP23ZKBpVb0MTbG+YVrsBrSwvdz//bxSjgrF7Tlf9IxFF6JWJ2vjG//N2EMl7rIcx2w0tDw=='),
(649, 1, '2017-02-05 22:28:33', 1, 'KtIDHjji2f0CmjuCZjiYZxpVb0MTbG+YVrsBrSwvdz//bxSjgrF7TrQwGhW3kfrUe+BWIvokDvB7rIcx2w0tDw=='),
(650, 1, '2017-02-06 16:14:48', 1, 'fhWAjlhDpyme+iDim4HJfRpVb0MTbG+YVrsBrSwvdz//bxSjgrF7TmppCi2+fkJlo6RMWM88+g17rIcx2w0tDw=='),
(651, 1, '2017-02-06 16:18:29', 1, 'BGwv9Lgu2dspLOy6mnwHqxpVb0MTbG+YVrsBrSwvdz//bxSjgrF7TsQ1bwqs9gclfXcyrElWFOp7rIcx2w0tDw=='),
(652, 1, '2017-02-06 16:19:50', 1, 'nbl/dsHuO57iSUQnZ665rBpVb0MTbG+YVrsBrSwvdz//bxSjgrF7TuvVT5I+HFuWo6RMWM88+g17rIcx2w0tDw=='),
(653, 1, '2017-02-06 16:25:10', 1, 'fbkZCqiDJP4e6mKqzymR2wfQTXCRgijLj0hslw33O9yHGxAHQqx6M8RKjUW3qcMn1RXzzLIInfI='),
(654, 1, '2017-02-06 16:31:48', 1, 'siX9QGoXgPxpPUwgaPoX/MMhOnV2AhNfLn6K1diH+UR8T0LaK/dVcQU8RP2VH1TCZL8S2MFEby6jpCYXi+iOng=='),
(655, 1, '2017-02-06 16:36:24', 1, 'o7BCSizwDK3mwjj1ocfhuxpVb0MTbG+YVrsBrSwvdz//bxSjgrF7TheMAZ/Hnz6VjgieV96+Sgt7rIcx2w0tDw=='),
(656, 1, '2017-02-06 16:38:50', 1, '+YJjYHJfNv5cB4xEGOAABBpVb0MTbG+YVrsBrSwvdz//bxSjgrF7TiMWMfEbyy+DmZE95gFhV357rIcx2w0tDw=='),
(657, 1, '2017-02-06 16:43:27', 1, 'UGxXLg5xyDN/4Wzm8268vhpVb0MTbG+YVrsBrSwvdz//bxSjgrF7TkCGCRsH8RsGa5sr9eEzTtx7rIcx2w0tDw=='),
(658, 1, '2017-02-06 16:44:42', 1, 'Gj+PYptezIUn3RRqWh51OhpVb0MTbG+YVrsBrSwvdz//bxSjgrF7ToV7JLEm7XP1a5sr9eEzTtx7rIcx2w0tDw=='),
(659, 1, '2017-02-06 16:51:16', 1, 'OxXsX0IGrbAFvJqf4Oqo2vCEIJh2hp1DlHMRBNf6wbO9nzedVP7ETImFBo0aoXUXQ2vuIbgVtAI='),
(660, 1, '2017-02-06 17:10:52', 1, 'gbPTJSSG14inoBAEOR+dSRpVb0MTbG+YVrsBrSwvdz//bxSjgrF7TiMSgnsDvBX89gOraSU1B9V7rIcx2w0tDw=='),
(661, 1, '2017-02-07 19:56:01', 1, 'V8j+VDt3hqTm2hqRa6YemhpVb0MTbG+YVrsBrSwvdz//bxSjgrF7Tt+7dMlr9K8XjgieV96+Sgt7rIcx2w0tDw=='),
(662, 1, '2017-02-07 20:05:12', 1, 'i8jlcAML0T2f5szJ3HvdNhpVb0MTbG+YVrsBrSwvdz//bxSjgrF7Tsx/ey+HxwBLfXcyrElWFOp7rIcx2w0tDw=='),
(663, 1, '2017-02-07 21:26:40', 1, 'j8rdiq4cYyAbo0l5MrXSQBpVb0MTbG+YVrsBrSwvdz//bxSjgrF7TjjGo6TozfU52vjG//N2EMl7rIcx2w0tDw=='),
(664, 1, '2017-02-07 21:28:47', 1, 'QGZ6tIIVzq4tYIblNbypXRpVb0MTbG+YVrsBrSwvdz//bxSjgrF7TqqPOGrevHYGo6RMWM88+g17rIcx2w0tDw=='),
(665, 1, '2017-02-07 21:31:42', 1, 'AP+tMZVu9ILy0EvQgamCCcMhOnV2AhNfLn6K1diH+UR8T0LaK/dVcXgY6+Rs5PckizEjLh98lE6jpCYXi+iOng=='),
(666, 1, '2017-02-07 21:34:48', 1, 'xXLnpJ9QHXLV/BFiUptyoRpVb0MTbG+YVrsBrSwvdz//bxSjgrF7TnqJo0TQyc1e2vjG//N2EMl7rIcx2w0tDw=='),
(667, 1, '2017-02-07 21:50:01', 1, 'zm6j72k0YzHfpAsHNTuewPCEIJh2hp1DlHMRBNf6wbP7oy4os4A5shfh7PS70VcvQ2vuIbgVtAI='),
(668, 1, '2017-02-07 21:54:22', 1, 'z8b4MEKAq+Ocdc1KGNdUmfCEIJh2hp1DlHMRBNf6wbP7oy4os4A5snF8vth+m/wyQ2vuIbgVtAI='),
(669, 1, '2017-02-07 22:05:43', 1, 'JXVWDZs1tB4kbQDN72KdRBpVb0MTbG+YVrsBrSwvdz//bxSjgrF7TiMfkngMuyY4o6RMWM88+g17rIcx2w0tDw=='),
(670, 1, '2017-02-07 22:25:47', 1, '4G8FRfyXPAUr3sYbBLmObhpVb0MTbG+YVrsBrSwvdz//bxSjgrF7TiAYcL+9wVvQmZE95gFhV357rIcx2w0tDw=='),
(671, 1, '2017-02-07 22:36:41', 1, 'LKY4M8SfZZWaKKuu5QyS/vCEIJh2hp1DlHMRBNf6wbP7oy4os4A5spskFjwkZ6+tQ2vuIbgVtAI='),
(672, 1, '2017-02-07 22:42:27', 1, 'maKtlF+UZBhRwamTgL41ohpVb0MTbG+YVrsBrSwvdz//bxSjgrF7Tsy0MxY6sTgm2vjG//N2EMl7rIcx2w0tDw=='),
(673, 1, '2017-02-07 22:53:44', 1, 'Y7S9WMrbaAfFsKOxWpIUURpVb0MTbG+YVrsBrSwvdz//bxSjgrF7TqqtV4eaHRvufXcyrElWFOp7rIcx2w0tDw=='),
(674, 1, '2017-02-07 22:56:44', 1, '2IEeBU37EbNrfeCQ/Xoz2sMhOnV2AhNfLn6K1diH+UR8T0LaK/dVcfanx5jD7HpwfxqnfWWUHIujpCYXi+iOng=='),
(675, 1, '2017-02-07 23:11:17', 1, 'z6NjJXMJosTFVo1kSk2j8MMhOnV2AhNfLn6K1diH+UR8T0LaK/dVcXkX51s/J6aWd8NiwNXvtVCjpCYXi+iOng=='),
(676, 1, '2017-02-07 23:22:56', 1, 'GiUps1nwkjffpAsHNTuewPCEIJh2hp1DlHMRBNf6wbP7oy4os4A5sgWrv0CV9UhoQ2vuIbgVtAI='),
(677, 1, '2017-02-09 01:25:40', 1, 'SmbStpBGbSIkbQDN72KdRBpVb0MTbG+YVrsBrSwvdz//bxSjgrF7TgEGBsg9mc6FLqPpQXr6sXZ7rIcx2w0tDw=='),
(678, 1, '2017-02-09 01:26:01', 1, 'je4vflTbTj6ALjkgi8SEu8MhOnV2AhNfLn6K1diH+UR8T0LaK/dVcay1oGEAw0d/KcQheON2n/ijpCYXi+iOng=='),
(679, 1, '2017-02-09 01:28:24', 1, '/bYFVKtetNs4DxjkJRsktBpVb0MTbG+YVrsBrSwvdz//bxSjgrF7TsL3cyY0JfMK9gOraSU1B9V7rIcx2w0tDw=='),
(680, 1, '2017-02-09 01:53:02', 1, 'uIGkvcQomfA0khjQp0/dGRpVb0MTbG+YVrsBrSwvdz//bxSjgrF7Tu52xFZYjSvI9gOraSU1B9V7rIcx2w0tDw=='),
(681, 1, '2017-02-09 01:54:19', 1, 'SVJ6NvfZi8skbQDN72KdRBpVb0MTbG+YVrsBrSwvdz//bxSjgrF7TsDWOTS0V9RDa5sr9eEzTtx7rIcx2w0tDw=='),
(682, 1, '2017-02-09 01:54:32', 1, 'PzYz2PzjPqecdc1KGNdUmfCEIJh2hp1DlHMRBNf6wbPOq87dqTdeavyQVFkwzHZeQ2vuIbgVtAI='),
(683, 1, '2017-02-09 01:55:34', 1, 'zRUdzbidlmZFX7cp/bX/dvCEIJh2hp1DlHMRBNf6wbPOq87dqTdealHJxeDShLgqQ2vuIbgVtAI='),
(684, 1, '2017-02-09 01:57:06', 1, 'zKHspuQ8ssGY8fGyV5l1psMhOnV2AhNfLn6K1diH+UR8T0LaK/dVcZD/ssg0KFRvQkkl8p5al+KjpCYXi+iOng=='),
(685, 1, '2017-02-09 01:59:02', 1, 'FUQTGTplt/3zEXgMO7TgwsMhOnV2AhNfLn6K1diH+UR8T0LaK/dVce2VT6HnJD1CSdxMIjKaBgmjpCYXi+iOng=='),
(686, 1, '2017-02-09 02:00:57', 1, 'zftIO2B2CxqQjQ8QwMw5BBpVb0MTbG+YVrsBrSwvdz//bxSjgrF7ToRrSgEMVTYC2vjG//N2EMl7rIcx2w0tDw=='),
(687, 1, '2017-02-09 02:01:22', 1, 'c4C6RONT/MVMlVAS06rjAcMhOnV2AhNfLn6K1diH+UR8T0LaK/dVcYMt/guPOro0TTQ1hCUp0dSjpCYXi+iOng=='),
(688, 1, '2017-02-09 02:01:51', 1, 'OJjlQHmDCklYQONA+8Zu4BpVb0MTbG+YVrsBrSwvdz//bxSjgrF7Ts1SLqu5DzFTLqPpQXr6sXZ7rIcx2w0tDw=='),
(689, 1, '2017-02-09 02:02:22', 1, 'U6zFkvy8+2FvJ4/BvNQ4TPCEIJh2hp1DlHMRBNf6wbPOq87dqTdeaji0BwC16ntxQ2vuIbgVtAI='),
(690, 1, '2017-02-09 02:03:09', 1, 'Mh1So6TrHT2kPWgB6Nnu5RpVb0MTbG+YVrsBrSwvdz//bxSjgrF7Tl3ttpKfxDyMe+BWIvokDvB7rIcx2w0tDw=='),
(691, 1, '2017-02-09 02:04:31', 1, '8uPGA7ZHFleLVpiNAS9pOxpVb0MTbG+YVrsBrSwvdz//bxSjgrF7Tj8ofPPNkxJOfXcyrElWFOp7rIcx2w0tDw=='),
(692, 1, '2017-02-09 02:08:46', 1, 'viaucM1869PJQXnIdxqzvhpVb0MTbG+YVrsBrSwvdz//bxSjgrF7TnaW5NTk81EufXcyrElWFOp7rIcx2w0tDw=='),
(693, 1, '2017-02-09 02:08:50', 1, 'XVsInK94i1/OPUIjdYDnchpVb0MTbG+YVrsBrSwvdz//bxSjgrF7ThdtWKVoKzrbmZE95gFhV357rIcx2w0tDw=='),
(694, 1, '2017-02-09 02:09:12', 1, 'nug+gueOZG357vV5k2ZKOPCEIJh2hp1DlHMRBNf6wbPOq87dqTdeasSmVjoVvRkwQ2vuIbgVtAI='),
(695, 1, '2017-02-09 02:09:23', 1, 'm2Yuy8swVV8FvJqf4Oqo2vCEIJh2hp1DlHMRBNf6wbPOq87dqTdeapG2EM8mMqDkQ2vuIbgVtAI='),
(696, 1, '2017-02-10 19:52:34', 1, 'X8HdCgwcGz7Yw4mDBthFm8MhOnV2AhNfLn6K1diH+UR8T0LaK/dVcaWkXjPZOBKCceueryWXW72jpCYXi+iOng=='),
(697, 1, '2017-02-10 19:55:17', 1, 'uHKjQBKHkyQX/bqFPo9XkMMhOnV2AhNfLn6K1diH+UR8T0LaK/dVcdhCYxHd6/30Vr8yb49KvMOjpCYXi+iOng=='),
(698, 1, '2017-02-10 19:57:30', 1, 'iV9mYLiMo6v57vV5k2ZKOPCEIJh2hp1DlHMRBNf6wbOj0u3DVqsWDz0LiZG2yK8OQ2vuIbgVtAI='),
(699, 1, '2017-02-10 20:03:51', 1, '2iT1Lchc6YalrOpOKGYOnhpVb0MTbG+YVrsBrSwvdz//bxSjgrF7TvBo+JJIvg20o6RMWM88+g17rIcx2w0tDw=='),
(700, 1, '2017-02-10 20:04:29', 1, '90ZXZ+B/oukFEVEOscU6/hpVb0MTbG+YVrsBrSwvdz//bxSjgrF7TmmvF7bO501zLqPpQXr6sXZ7rIcx2w0tDw=='),
(701, 1, '2017-02-11 19:42:42', 1, 'y/Z9KpyS/NEpLOy6mnwHqxpVb0MTbG+YVrsBrSwvdz//bxSjgrF7Tp7L9XyiNDiE2vjG//N2EMl7rIcx2w0tDw=='),
(702, 1, '2017-02-11 19:48:00', 1, 'S/pwHM8cC0+JiooRBUXkAfCEIJh2hp1DlHMRBNf6wbPlfPgNc3WdzEb0I313q33nQ2vuIbgVtAI='),
(703, 1, '2017-02-11 20:14:53', 1, '7uECndksqSynnrwpnp+5C8MhOnV2AhNfLn6K1diH+UR8T0LaK/dVcW5rghDQxQelPg1aBIz4G3ijpCYXi+iOng=='),
(704, 93, '2017-02-11 20:56:41', 1, '3u2T/sKE6GhFX7cp/bX/dvCEIJh2hp1DlHMRBNf6wbPlfPgNc3WdzM8dD77EDUUpDFhhE1+7T3g='),
(705, 1, '2017-02-11 21:01:01', 1, 'XvNQoRoezWRFX7cp/bX/dvCEIJh2hp1DlHMRBNf6wbPlfPgNc3WdzACJpR+VC51cQ2vuIbgVtAI='),
(706, 1, '2017-02-11 21:09:59', 1, 'ETHzvh6EcVdhYNo8QoxrwsMhOnV2AhNfLn6K1diH+UR8T0LaK/dVcahWodlAjms47UwqHVJTtE+jpCYXi+iOng=='),
(707, 1, '2017-02-11 21:27:16', 1, 'FbfynSMtZ1niSUQnZ665rBpVb0MTbG+YVrsBrSwvdz//bxSjgrF7TtHfE8r9rRr/o6RMWM88+g17rIcx2w0tDw=='),
(708, 1, '2017-02-11 21:29:01', 1, '/0Tsr+nur7aDCgMDDjne48MhOnV2AhNfLn6K1diH+UR8T0LaK/dVcYXnF33PYx3dQbB79pRSMHujpCYXi+iOng=='),
(709, 1, '2017-02-11 21:32:49', 1, 'Ha8bSugBtQQOZ97ElVw+dMMhOnV2AhNfLn6K1diH+UR8T0LaK/dVcUHdBoTXld7OUo2TzWbGYPqjpCYXi+iOng=='),
(710, 1, '2017-02-11 21:38:55', 1, '8UCayLRmgtIFvJqf4Oqo2vCEIJh2hp1DlHMRBNf6wbPlfPgNc3WdzGmNTnXTIPo4Q2vuIbgVtAI='),
(711, 1, '2017-02-11 22:19:37', 1, 'WT+l/NTBHtTXRhfKAe6uY8MhOnV2AhNfLn6K1diH+UR8T0LaK/dVcYFIE0Jcgw08oLRW3O0uJDujpCYXi+iOng=='),
(712, 1, '2017-02-11 22:20:08', 1, 'WcuwwsFHIJuRNlAWk3DsaRpVb0MTbG+YVrsBrSwvdz//bxSjgrF7Tv0rRIJOem2kLqPpQXr6sXZ7rIcx2w0tDw=='),
(713, 1, '2017-02-11 22:22:56', 1, 'OoNAQjARJIc4azgRnmar+vCEIJh2hp1DlHMRBNf6wbPlfPgNc3WdzHxf5Yskoq4uQ2vuIbgVtAI='),
(714, 1, '2017-02-11 22:29:00', 1, 'n5SZATSfqJHfpAsHNTuewPCEIJh2hp1DlHMRBNf6wbPlfPgNc3WdzOyYWTv9pMDyQ2vuIbgVtAI='),
(715, 1, '2017-02-16 23:50:32', 1, 'e3jxILo/L8nadP7whul7OxpVb0MTbG+YVrsBrSwvdz/Rvv3o5iOmrhTyRzmv8E9nmZE95gFhV357rIcx2w0tDw=='),
(716, 1, '2017-02-17 00:03:07', 1, '8GSBeWSStcYtYIblNbypXRpVb0MTbG+YVrsBrSwvdz/Rvv3o5iOmrjKcakatvrYxjgieV96+Sgt7rIcx2w0tDw=='),
(717, 94, '2017-02-17 00:10:00', 1, 'WjOuIS8eumjBIeq6r/X8ThpVb0MTbG+YVrsBrSwvdz/Rvv3o5iOmrg6t6Poob3yUsDIB/7mTKu17rIcx2w0tDw=='),
(718, 94, '2017-02-17 00:10:57', 1, 'OwrUSXkiBpnV6zK9X6wmwBpVb0MTbG+YVrsBrSwvdz/Rvv3o5iOmrtB/6syQaR7AewdK2ug/QC17rIcx2w0tDw=='),
(719, 1, '2017-02-17 00:14:38', 1, 'KBDMJEoUvDJvJ4/BvNQ4TPCEIJh2hp1DlHMRBNf6wbMQnO34jj6BWMNg6cz7Bo/vQ2vuIbgVtAI='),
(720, 1, '2017-02-17 00:36:14', 1, '85o9dw29LjzJQXnIdxqzvhpVb0MTbG+YVrsBrSwvdz/Rvv3o5iOmrt2SUahJnjbka5sr9eEzTtx7rIcx2w0tDw=='),
(721, 1, '2017-02-18 12:51:14', 1, 'jBus+mlVlO80khjQp0/dGRpVb0MTbG+YVrsBrSwvdz/Rvv3o5iOmrnGPBQ1L3btmmZE95gFhV357rIcx2w0tDw=='),
(722, 94, '2017-02-18 13:10:28', 1, 'LsvQp5Mv1/U4/7XG/sLNBBpVb0MTbG+YVrsBrSwvdz/Rvv3o5iOmrmtQURMZSwRym5R4lBmxPE17rIcx2w0tDw=='),
(723, 1, '2017-02-18 13:12:36', 1, 'dsRWWc8zKZ7GqPpI5FhLCRpVb0MTbG+YVrsBrSwvdz/Rvv3o5iOmrnYFXqXlJjJGa5sr9eEzTtx7rIcx2w0tDw=='),
(724, 1, '2017-02-18 13:55:17', 1, 'XYbZ3vcjLdV2Elwr5YKgwBpVb0MTbG+YVrsBrSwvdz/Rvv3o5iOmrrZ1iDe+as609gOraSU1B9V7rIcx2w0tDw=='),
(725, 1, '2017-02-18 15:44:51', 1, 'jR4iYUJpiXRvJ4/BvNQ4TPCEIJh2hp1DlHMRBNf6wbPeseoEK5XXy3yAetNB+oDEQ2vuIbgVtAI='),
(726, 1, '2017-02-19 19:36:01', 1, 'Nia+7LidSz6AVlN+K8pYHsMhOnV2AhNfLn6K1diH+UR8T0LaK/dVcRZyUYwRQe9Tcwz7PqBF0JyjpCYXi+iOng=='),
(727, 95, '2017-02-19 22:05:21', 1, '+v5M/Gj+ofclPp5OnxK708MhOnV2AhNfLn6K1diH+UR8T0LaK/dVceY4d0X/f/WBRqgAPy81rrSjpCYXi+iOng=='),
(728, 1, '2017-02-19 22:13:18', 1, 'a7yVUn+MyCx2qpmYBSIlZMMhOnV2AhNfLn6K1diH+UR8T0LaK/dVcSxFvDy9ySZHINzTC0M3RECjpCYXi+iOng=='),
(729, 1, '2017-02-19 22:59:14', 1, 'JwBJOmXRxDlWjtume09gFxpVb0MTbG+YVrsBrSwvdz/Rvv3o5iOmrkfgl72b5lFBo6RMWM88+g17rIcx2w0tDw=='),
(730, 1, '2017-02-19 22:59:35', 1, 'hN3NyVGqu7Vkefh37n0QAPCEIJh2hp1DlHMRBNf6wbNmgsaCfhU4St2ADjOyoQXRQ2vuIbgVtAI='),
(731, 1, '2017-02-21 22:09:45', 1, 'nZdQM+djGRMkbQDN72KdRBpVb0MTbG+YVrsBrSwvdz/Rvv3o5iOmrrx28DZKLP0ka5sr9eEzTtx7rIcx2w0tDw=='),
(732, 1, '2017-02-21 22:14:09', 1, 'OyZzvB4VhvDVXigd/HL128MhOnV2AhNfLn6K1diH+UR8T0LaK/dVcfolkDXh7KsrUo2TzWbGYPqjpCYXi+iOng=='),
(733, 1, '2017-02-21 22:16:35', 1, 'oHMJ3SJ4N+ytoT+/WPh+xxpVb0MTbG+YVrsBrSwvdz/Rvv3o5iOmrsacEZEf/Nu2LqPpQXr6sXZ7rIcx2w0tDw=='),
(734, 1, '2017-02-22 00:48:23', 1, 'YU3UX/jLhMePqx6Xker1XBpVb0MTbG+YVrsBrSwvdz/Rvv3o5iOmrt1P9A/FX37m2vjG//N2EMl7rIcx2w0tDw=='),
(735, 1, '2017-02-27 19:35:01', 1, 'HWYv94/9D8czrDm7e1GlcMMhOnV2AhNfLn6K1diH+UR8T0LaK/dVcTxR2wQWT6VUJBuML+7nPnOjpCYXi+iOng=='),
(736, 1, '2017-02-27 19:42:02', 1, 'JI2q6X03xVCtoT+/WPh+xxpVb0MTbG+YVrsBrSwvdz8oPTWSftGBWr1v7Ek9omHja5sr9eEzTtx7rIcx2w0tDw=='),
(737, 1, '2017-02-27 19:42:32', 1, '0QA3ij0gdRse6mKqzymR2wfQTXCRgijLj0hslw33O9yOUb4YHoCd7El4HmfpvblZ1RXzzLIInfI='),
(738, 1, '2017-02-27 19:45:53', 1, 'DNkn+4VijQsT7EQ0PyB27sMhOnV2AhNfLn6K1diH+UR8T0LaK/dVcfV6qXSVLqTbIbUuBX/0o+ajpCYXi+iOng=='),
(739, 1, '2017-02-27 19:46:28', 1, 'Egy/GD+zOagVQmDJilcn0hpVb0MTbG+YVrsBrSwvdz8oPTWSftGBWpK50pnWYn22a5sr9eEzTtx7rIcx2w0tDw=='),
(740, 1, '2017-02-27 19:56:18', 1, 'iZk/Cf3OYtPfpAsHNTuewPCEIJh2hp1DlHMRBNf6wbPgYBRiaZCrggchze/LTQajQ2vuIbgVtAI='),
(741, 1, '2017-02-27 19:59:11', 1, 'hQTrjdXD3n+14f1FKyk4BsMhOnV2AhNfLn6K1diH+UR8T0LaK/dVcfIKsoAQmKoldnuP0Zra5dKjpCYXi+iOng=='),
(742, 1, '2017-02-27 20:02:13', 1, '0wCyPTogNF/u2NTYRX5IXhpVb0MTbG+YVrsBrSwvdz8oPTWSftGBWgpYkxMLCO81LqPpQXr6sXZ7rIcx2w0tDw=='),
(743, 1, '2017-02-27 20:09:09', 1, '/TZ4/5YB8hN5fmfjyCc05MMhOnV2AhNfLn6K1diH+UR8T0LaK/dVcYYAhDZK+usGd8NiwNXvtVCjpCYXi+iOng=='),
(744, 1, '2017-02-27 20:12:30', 1, 'yM3FN0UWRhQFvJqf4Oqo2vCEIJh2hp1DlHMRBNf6wbPgYBRiaZCrggwIgX/lOPX/Q2vuIbgVtAI='),
(745, 1, '2017-02-27 21:22:37', 1, 't3c0A9J2fMPaOl8uekOssRpVb0MTbG+YVrsBrSwvdz8oPTWSftGBWvoYV/kc3aZzAxa65VqdYJx7rIcx2w0tDw=='),
(746, 1, '2017-02-27 21:26:51', 1, 'q7+viKBNVDq8GZhmOdlkeBpVb0MTbG+YVrsBrSwvdz8oPTWSftGBWhSOC+tj7OyZAxa65VqdYJx7rIcx2w0tDw=='),
(747, 1, '2017-02-27 21:49:56', 1, 'ykuru6jkbmIG8003IX0bJMMhOnV2AhNfLn6K1diH+UR8T0LaK/dVcUtVJTCQLa2/s9JVCsfHDjujpCYXi+iOng=='),
(748, 1, '2017-02-27 21:50:29', 1, 'Fy/3cGjfCuNvYFSRj0V8KMMhOnV2AhNfLn6K1diH+UR8T0LaK/dVcZ7LAdtXk6PP90o5gvoUp7yjpCYXi+iOng=='),
(749, 1, '2017-02-27 21:54:07', 1, 'zHlujSsdFXMVQmDJilcn0hpVb0MTbG+YVrsBrSwvdz8oPTWSftGBWnTKDaZwY+25Axa65VqdYJx7rIcx2w0tDw=='),
(750, 1, '2017-02-28 09:43:28', 1, 'RZvtGA9Mi4mJiooRBUXkAfCEIJh2hp1DlHMRBNf6wbO94AT4bZOj4pSF2+0mA9MYQ2vuIbgVtAI='),
(751, 1, '2017-02-28 09:59:51', 1, 'pUP8+7/Ctrsdb7I/UTPuisMhOnV2AhNfLn6K1diH+UR8T0LaK/dVcXj1Kgj4/xh0i4pOFEaZBmqjpCYXi+iOng=='),
(752, 1, '2017-02-28 10:12:32', 1, '8XULwrIVvDoXqK/H/MmoY8MhOnV2AhNfLn6K1diH+UR8T0LaK/dVcVRsnwnYwbaQ8+fn4bwij8SjpCYXi+iOng=='),
(753, 1, '2017-02-28 10:16:21', 1, '+KneDcYnxc6LVpiNAS9pOxpVb0MTbG+YVrsBrSwvdz8oPTWSftGBWicfEIi98Fh7fXcyrElWFOp7rIcx2w0tDw=='),
(754, 1, '2017-02-28 10:19:26', 1, 'uaJZRELJiSNkefh37n0QAPCEIJh2hp1DlHMRBNf6wbO94AT4bZOj4mzeohYwJLMyQ2vuIbgVtAI='),
(755, 1, '2017-02-28 10:50:53', 1, '0lkT6CeKxoma87egCDE4oxpVb0MTbG+YVrsBrSwvdz8oPTWSftGBWn1mSqi3TkXKLqPpQXr6sXZ7rIcx2w0tDw=='),
(756, 1, '2017-02-28 11:14:04', 1, '+XpS9+pHk9HH2I8Zjo3YshpVb0MTbG+YVrsBrSwvdz8oPTWSftGBWqg++Wen4iJlAxa65VqdYJx7rIcx2w0tDw=='),
(757, 1, '2017-02-28 11:55:11', 1, 'kGEvyqtjHcjYw4mDBthFm8MhOnV2AhNfLn6K1diH+UR8T0LaK/dVcYLc7jVUlpHYsOhrChaSvRWjpCYXi+iOng=='),
(758, 1, '2017-02-28 11:59:56', 1, 'iSe+GIu+J3DH4cdbq8m2XhpVb0MTbG+YVrsBrSwvdz8oPTWSftGBWpNocitRnoYi2vjG//N2EMl7rIcx2w0tDw=='),
(759, 1, '2017-02-28 20:49:54', 1, 'AJjqMXR/4e1JtuInOPcPkBpVb0MTbG+YVrsBrSwvdz8oPTWSftGBWlP7c9nasDXnLqPpQXr6sXZ7rIcx2w0tDw=='),
(760, 1, '2017-02-28 20:52:10', 1, 'JDvc0u8FKSQ4azgRnmar+vCEIJh2hp1DlHMRBNf6wbO94AT4bZOj4urKQGumT3L+Q2vuIbgVtAI='),
(761, 1, '2017-02-28 21:25:57', 1, '+6n8CCMp1q1A7ZbI0v1W+hpVb0MTbG+YVrsBrSwvdz8oPTWSftGBWmH1mhMHc+nqAxa65VqdYJx7rIcx2w0tDw=='),
(762, 1, '2017-02-28 21:34:08', 1, 'nQ+AHxqsJ32h22+lmgTItBpVb0MTbG+YVrsBrSwvdz8oPTWSftGBWvz9A3n9IrzDjgieV96+Sgt7rIcx2w0tDw=='),
(763, 1, '2017-02-28 21:35:38', 1, 'OvSTAt6op5WRNlAWk3DsaRpVb0MTbG+YVrsBrSwvdz8oPTWSftGBWtFmanaN5Jzpa5sr9eEzTtx7rIcx2w0tDw=='),
(764, 1, '2017-02-28 21:36:52', 1, 'XswSZW/Q2Zb2ybn3DaguWBpVb0MTbG+YVrsBrSwvdz8oPTWSftGBWj57OG1Odtmbe+BWIvokDvB7rIcx2w0tDw=='),
(765, 1, '2017-02-28 23:31:51', 1, 'NlDIayFlw2QFEVEOscU6/hpVb0MTbG+YVrsBrSwvdz8oPTWSftGBWpFg7yecXchVmZE95gFhV357rIcx2w0tDw=='),
(766, 1, '2017-02-28 23:48:23', 1, '/0BT9AiRktZFX7cp/bX/dvCEIJh2hp1DlHMRBNf6wbO94AT4bZOj4kFFohXYAR7gQ2vuIbgVtAI='),
(767, 1, '2017-03-01 12:01:51', 1, 'abcKq9pZ+pvrEO5kFOzA5hpVb0MTbG+YVrsBrSwvdz8oPTWSftGBWsIz229X7qcTfXcyrElWFOp7rIcx2w0tDw=='),
(768, 1, '2017-03-01 12:27:30', 1, 'v+61G5GBEplpPUwgaPoX/MMhOnV2AhNfLn6K1diH+UR8T0LaK/dVcZauHmI7nWSHK1e2njF+O1GjpCYXi+iOng=='),
(769, 1, '2017-03-01 12:32:05', 1, 'P0uk+h6wUXqUxLd4tyxOzsMhOnV2AhNfLn6K1diH+UR8T0LaK/dVcR4OlZ+4koPZ90o5gvoUp7yjpCYXi+iOng=='),
(770, 1, '2017-03-01 12:34:17', 1, 'fHP+mZ62bYAkpBnY/lu9rhpVb0MTbG+YVrsBrSwvdz8oPTWSftGBWvWLAFyGPGQdLqPpQXr6sXZ7rIcx2w0tDw=='),
(771, 1, '2017-03-03 22:43:53', 1, '9wG9YuxOImYCmjuCZjiYZxpVb0MTbG+YVrsBrSwvdz8oPTWSftGBWtbSXix4k2s1a5sr9eEzTtx7rIcx2w0tDw=='),
(772, 1, '2017-03-04 10:23:20', 1, 'SedlTn6DxmHeiFsR41KEQRpVb0MTbG+YVrsBrSwvdz8oPTWSftGBWusOjH5Hbuy8e+BWIvokDvB7rIcx2w0tDw=='),
(773, 1, '2017-03-04 10:24:12', 1, '19uDhZNTWTTGqPpI5FhLCRpVb0MTbG+YVrsBrSwvdz8oPTWSftGBWnESRYDNVNgK2vjG//N2EMl7rIcx2w0tDw=='),
(774, 1, '2017-03-04 10:33:25', 1, 'CV9vEJEUczMCmjuCZjiYZxpVb0MTbG+YVrsBrSwvdz8oPTWSftGBWkE3F2LNWTctmZE95gFhV357rIcx2w0tDw=='),
(775, 1, '2017-03-05 14:53:15', 1, 'JXUdgDw9bERoCuY4aMlTIxpVb0MTbG+YVrsBrSwvdz8oPTWSftGBWltLf/w5G1IyLqPpQXr6sXZ7rIcx2w0tDw=='),
(776, 1, '2017-03-05 14:56:17', 1, '6SVfUtw+eXMr3sYbBLmObhpVb0MTbG+YVrsBrSwvdz8oPTWSftGBWgS24MCEgB+vLqPpQXr6sXZ7rIcx2w0tDw=='),
(777, 1, '2017-03-05 15:03:31', 1, 'PNIALM26m2Y4azgRnmar+vCEIJh2hp1DlHMRBNf6wbOtxVJNCqu1Hif/Fr+VtpAEQ2vuIbgVtAI='),
(778, 1, '2017-03-05 15:05:13', 1, 'QjzWPs0upHaRNlAWk3DsaRpVb0MTbG+YVrsBrSwvdz8oPTWSftGBWpsw6e1JT7Xy2vjG//N2EMl7rIcx2w0tDw=='),
(779, 1, '2017-03-05 15:07:04', 1, 'ys3l92Fe2eQuAnH367yXmsMhOnV2AhNfLn6K1diH+UR8T0LaK/dVcbRwQ1+rmXiM59gdd8gV0/ajpCYXi+iOng=='),
(780, 1, '2017-03-05 15:11:07', 1, 'j3UwnJ1N7XiutTIO8aVxP8MhOnV2AhNfLn6K1diH+UR8T0LaK/dVcZO3UPlPcJpASdxMIjKaBgmjpCYXi+iOng=='),
(781, 1, '2017-03-05 15:22:18', 1, '2cvPHXlV56dvJ4/BvNQ4TPCEIJh2hp1DlHMRBNf6wbOtxVJNCqu1HryuNhDSbxfyQ2vuIbgVtAI='),
(782, 1, '2017-03-05 15:25:14', 1, 'NQtiXDnZGlfrYHKFA3sbpxpVb0MTbG+YVrsBrSwvdz8oPTWSftGBWgSYd10e4DTJ9gOraSU1B9V7rIcx2w0tDw=='),
(783, 1, '2017-03-05 15:28:30', 1, '/eDwxtvtDYfBIeq6r/X8ThpVb0MTbG+YVrsBrSwvdz8oPTWSftGBWmqX36gvaeg7Axa65VqdYJx7rIcx2w0tDw=='),
(784, 1, '2017-03-05 15:30:21', 1, 'fY1mvdeYqjpcB4xEGOAABBpVb0MTbG+YVrsBrSwvdz8oPTWSftGBWpMEBOLj5odPjgieV96+Sgt7rIcx2w0tDw=='),
(785, 1, '2017-03-05 15:35:36', 1, 'Ry+YMV8wsEwn3RRqWh51OhpVb0MTbG+YVrsBrSwvdz8oPTWSftGBWnRKDLVYXIerLqPpQXr6sXZ7rIcx2w0tDw=='),
(786, 1, '2017-03-05 15:39:02', 1, 'QSPgkwDN0nwssy1NOUVbvMMhOnV2AhNfLn6K1diH+UR8T0LaK/dVcadMT/mUXpEM59gdd8gV0/ajpCYXi+iOng=='),
(787, 1, '2017-03-05 15:42:06', 1, 'AV0xmDNHuPA0khjQp0/dGRpVb0MTbG+YVrsBrSwvdz8oPTWSftGBWkmDjbaK56TN9gOraSU1B9V7rIcx2w0tDw=='),
(788, 1, '2017-03-05 15:59:14', 1, '8+P69XSgyYTPJSvU+Lui6RpVb0MTbG+YVrsBrSwvdz8oPTWSftGBWvZCpDBX1GSzAxa65VqdYJx7rIcx2w0tDw=='),
(789, 1, '2017-03-05 16:16:55', 1, 'NXnzQXkecF5x2V9Cip9xrxpVb0MTbG+YVrsBrSwvdz8oPTWSftGBWnuYD+z4ELIto6RMWM88+g17rIcx2w0tDw=='),
(790, 1, '2017-03-05 16:23:23', 1, '4/Pw0jOVePLF6InPNh68IBpVb0MTbG+YVrsBrSwvdz8oPTWSftGBWhsB2NnhVMqGo6RMWM88+g17rIcx2w0tDw=='),
(791, 1, '2017-03-05 16:30:10', 1, 'HQ3rVxeLYvQer3q+dl+FpRpVb0MTbG+YVrsBrSwvdz8oPTWSftGBWpc1+17kIM4Xo6RMWM88+g17rIcx2w0tDw=='),
(792, 1, '2017-03-05 16:40:14', 1, 's/4ElbE2cRCTcnDMSzeut8MhOnV2AhNfLn6K1diH+UR8T0LaK/dVcTzvpWPPvYGVZL8S2MFEby6jpCYXi+iOng=='),
(793, 1, '2017-03-05 16:47:23', 1, 'lwBTPDj1FZlFX7cp/bX/dvCEIJh2hp1DlHMRBNf6wbMrRIzfoH8QcYZEV+A5qWU3Q2vuIbgVtAI='),
(794, 1, '2017-03-24 20:54:49', 1, 'vENP7tlSUtP8vP84/WEPQsMhOnV2AhNfLn6K1diH+USMRzDA7AnzRM5IvDyhj/2g4x3H6BAjFZCjpCYXi+iOng=='),
(795, 1, '2017-03-24 20:55:38', 1, 'QcFb3goYLnZYQONA+8Zu4BpVb0MTbG+YVrsBrSwvdz+c5WcbxpK4MtkdjuGKFBRPLqPpQXr6sXZ7rIcx2w0tDw=='),
(796, 1, '2017-03-24 20:56:17', 1, 'DuCfRNK2lAjQ+zImprUYg8MhOnV2AhNfLn6K1diH+USMRzDA7AnzRPyPZLY9tgGGcwz7PqBF0JyjpCYXi+iOng=='),
(797, 1, '2017-03-24 21:03:27', 1, 'y68yqtQXnytkefh37n0QAPCEIJh2hp1DlHMRBNf6wbP3VA8xWJkraFGn68BkBSGZQ2vuIbgVtAI='),
(798, 1, '2017-03-24 21:05:34', 1, 'v7pt2PA2heycdc1KGNdUmfCEIJh2hp1DlHMRBNf6wbP3VA8xWJkraHYXvFQrPw7SQ2vuIbgVtAI='),
(799, 1, '2017-03-24 21:27:14', 1, 'HiRWEubqbZJRwamTgL41ohpVb0MTbG+YVrsBrSwvdz+c5WcbxpK4MnIFEqSz+BOqjgieV96+Sgt7rIcx2w0tDw=='),
(800, 1, '2017-03-24 21:50:21', 1, '9Nl/nB4HGOit62mCsZKwX8MhOnV2AhNfLn6K1diH+USMRzDA7AnzRNdcE5CClmta+tjX/fWp7fajpCYXi+iOng=='),
(801, 1, '2017-03-24 21:54:06', 1, 'vJQ/T8hfStY4azgRnmar+vCEIJh2hp1DlHMRBNf6wbP3VA8xWJkraCgWBQAQQKHnQ2vuIbgVtAI='),
(802, 1, '2017-03-24 22:06:19', 1, 'mwEirvwwHipvJ4/BvNQ4TPCEIJh2hp1DlHMRBNf6wbP3VA8xWJkraJwrVWsgVcENQ2vuIbgVtAI='),
(803, 1, '2017-03-24 22:29:28', 1, '8sjmYXjHMEwXOyytgPBCncMhOnV2AhNfLn6K1diH+USMRzDA7AnzREt91Ks8VsbRSS8Q+2NnN5yjpCYXi+iOng=='),
(804, 1, '2017-03-24 22:34:19', 1, 'MiBU8PSbH6nAAvEmuaYACMMhOnV2AhNfLn6K1diH+USMRzDA7AnzRMl7CKZSGBrgd3E3RmrlglWjpCYXi+iOng=='),
(805, 1, '2017-03-24 22:35:55', 1, 'fytpgWOLRZriSUQnZ665rBpVb0MTbG+YVrsBrSwvdz+c5WcbxpK4MrsCcFWX7Trr2vjG//N2EMl7rIcx2w0tDw=='),
(806, 1, '2017-03-24 22:47:57', 1, 'GznurwEyqHP6JVw7taRAnxpVb0MTbG+YVrsBrSwvdz+c5WcbxpK4MmXgJwY9HaZAmZE95gFhV357rIcx2w0tDw=='),
(807, 1, '2017-03-24 22:48:07', 1, '3SjFL+ydB13m2hqRa6YemhpVb0MTbG+YVrsBrSwvdz+c5WcbxpK4MnlC7VvVchhsmZE95gFhV357rIcx2w0tDw=='),
(808, 1, '2017-03-24 22:49:12', 1, 'KtTDbPcNN+B5XhPvH0cdbBpVb0MTbG+YVrsBrSwvdz+c5WcbxpK4Mm9fme831F8Go6RMWM88+g17rIcx2w0tDw=='),
(809, 1, '2017-03-24 22:52:16', 1, 'lc3ww43NpkYOTSUcMgeIzsMhOnV2AhNfLn6K1diH+USMRzDA7AnzREeewelVzvhh493rjEIfLWmjpCYXi+iOng=='),
(810, 1, '2017-03-26 15:15:14', 1, '+jMdFUtzMdotmKiEH6uPVhpVb0MTbG+YVrsBrSwvdz+c5WcbxpK4MqzQMPwfyyrsmZE95gFhV357rIcx2w0tDw=='),
(811, 96, '2017-03-26 16:15:13', 1, 'vmqF62mwBvWaKKuu5QyS/vCEIJh2hp1DlHMRBNf6wbPEO/55T8UmZMPEb9iEeBUhjn3q2FVMKmk='),
(812, 1, '2017-03-26 17:14:47', 1, '9lR5VzS/uo7p3sw52m4jBRpVb0MTbG+YVrsBrSwvdz+c5WcbxpK4MmjkaRP+8K342vjG//N2EMl7rIcx2w0tDw=='),
(813, 1, '2017-03-26 17:46:06', 1, 'mOu3szAHRlXfpAsHNTuewPCEIJh2hp1DlHMRBNf6wbPEO/55T8UmZOKNvvEWjhMeQ2vuIbgVtAI='),
(814, 1, '2017-03-26 18:18:19', 1, 'Z3NKdvywohwUslc+1V4AYMMhOnV2AhNfLn6K1diH+USMRzDA7AnzRBDzc05ROUWDZL8S2MFEby6jpCYXi+iOng=='),
(815, 1, '2017-03-26 20:58:55', 1, 'Ka3LgJCrtLxvJ4/BvNQ4TPCEIJh2hp1DlHMRBNf6wbPEO/55T8UmZLs8XGCl8z7zQ2vuIbgVtAI='),
(816, 93, '2017-03-26 21:28:11', 1, 'My9upLvVteJA7p53x+9eZsMhOnV2AhNfLn6K1diH+USMRzDA7AnzRKZKEsn1+MLDJXim3bZL3d6jpCYXi+iOng=='),
(817, 93, '2017-03-26 21:28:29', 1, 'O5+wTgLbLPHBqnScqOQ+GBpVb0MTbG+YVrsBrSwvdz+c5WcbxpK4MgX0rc6TBdyD+tcyxDE/mLB7rIcx2w0tDw=='),
(818, 93, '2017-03-26 21:38:06', 1, 'A46OGES8SiKB1WPUKH5g68MhOnV2AhNfLn6K1diH+USMRzDA7AnzRF3TuKsiyf/EXecmVqpFR2ajpCYXi+iOng=='),
(819, 93, '2017-03-26 21:41:30', 1, 'N/C6zlo/+pua87egCDE4oxpVb0MTbG+YVrsBrSwvdz+c5WcbxpK4MkAQt8FMVFT62K6AjdhNvXZ7rIcx2w0tDw=='),
(820, 93, '2017-03-26 21:42:42', 1, 'wm+NteGhG8frYHKFA3sbpxpVb0MTbG+YVrsBrSwvdz+c5WcbxpK4MjoYYLw7yd9lfKgUEdCydI17rIcx2w0tDw=='),
(821, 1, '2017-03-26 21:46:13', 1, 'JvzWvCH+vI80khjQp0/dGRpVb0MTbG+YVrsBrSwvdz+c5WcbxpK4MtQLNzPKLRZT2vjG//N2EMl7rIcx2w0tDw=='),
(822, 1, '2017-03-26 21:46:36', 1, 'BQ3IV1I9k+PpwJSPk66VEMMhOnV2AhNfLn6K1diH+USMRzDA7AnzRNqWKcHgszDt/PrHNyeaUVGjpCYXi+iOng=='),
(823, 1, '2017-03-26 21:47:05', 1, 'HOhTnDKq2ifeGzXWxOW4bcMhOnV2AhNfLn6K1diH+USMRzDA7AnzRKRcrQZ2pqby7UwqHVJTtE+jpCYXi+iOng=='),
(824, 1, '2017-03-26 21:48:13', 1, 'yv0Q8BeGcu+cdc1KGNdUmfCEIJh2hp1DlHMRBNf6wbPEO/55T8UmZPAzUtrpprbNQ2vuIbgVtAI='),
(825, 1, '2017-03-26 21:50:10', 1, 'FeO+A1nZCWDEHpxdPnahS8MhOnV2AhNfLn6K1diH+USMRzDA7AnzRKE2+lQa7/nlizEjLh98lE6jpCYXi+iOng=='),
(826, 1, '2017-03-26 22:03:55', 1, 'EcGyoEoB5dVkefh37n0QAPCEIJh2hp1DlHMRBNf6wbPEO/55T8UmZI9ezcZFcxlBQ2vuIbgVtAI='),
(827, 1, '2017-03-26 22:07:17', 1, 'zdok33S8mbgFvJqf4Oqo2vCEIJh2hp1DlHMRBNf6wbPEO/55T8UmZGOOGzYIJkeQQ2vuIbgVtAI='),
(828, 1, '2017-03-26 22:08:51', 1, 'podRMbAlw18n3RRqWh51OhpVb0MTbG+YVrsBrSwvdz+c5WcbxpK4MvBL3y0kgyai2vjG//N2EMl7rIcx2w0tDw=='),
(829, 1, '2017-03-26 22:18:47', 1, 'GBMzG6Slys8iq1iZtkQPYxpVb0MTbG+YVrsBrSwvdz+c5WcbxpK4MvEgPIywoOXq9gOraSU1B9V7rIcx2w0tDw=='),
(830, 1, '2017-03-26 22:20:28', 1, '4Ly7cUKl44CJiooRBUXkAfCEIJh2hp1DlHMRBNf6wbPEO/55T8UmZE7PezZeCXlYQ2vuIbgVtAI='),
(831, 1, '2017-03-26 23:27:26', 1, 'pli16HNInOmcdc1KGNdUmfCEIJh2hp1DlHMRBNf6wbPEO/55T8UmZLhVHh74l2D3Q2vuIbgVtAI='),
(832, 1, '2017-03-27 00:40:56', 1, '8Lwh/T8W+rBO00LYDvHN+8MhOnV2AhNfLn6K1diH+USMRzDA7AnzREUHT8aXJwHo493rjEIfLWmjpCYXi+iOng=='),
(833, 1, '2017-03-27 00:43:14', 1, 'nyWHvLxgVpsmzes3ACKrrcMhOnV2AhNfLn6K1diH+USMRzDA7AnzRE99ovdDk7HqSyJ8yVrVMVGjpCYXi+iOng=='),
(834, 1, '2017-03-27 00:44:13', 1, 'qk+AZS4MYAffpAsHNTuewPCEIJh2hp1DlHMRBNf6wbPEO/55T8UmZACPID97rhZuQ2vuIbgVtAI='),
(835, 1, '2017-03-27 00:51:17', 1, 'LBhjFSQjz6FoCuY4aMlTIxpVb0MTbG+YVrsBrSwvdz+c5WcbxpK4MnrdOB9581fdmZE95gFhV357rIcx2w0tDw=='),
(836, 1, '2017-03-27 01:00:57', 1, 'WxsT9hhN7ndwIW7lIbFajMMhOnV2AhNfLn6K1diH+USMRzDA7AnzRCVrAScA3Wr9IbUuBX/0o+ajpCYXi+iOng=='),
(837, 1, '2017-03-27 01:03:26', 1, 'NOgkczk2yciWg/kPiPys0cMhOnV2AhNfLn6K1diH+USMRzDA7AnzRDh/8wN1ViH0HfXl8/Mk2TujpCYXi+iOng==');
INSERT INTO `jianghu_token` (`id`, `user_id`, `time`, `state`, `token`) VALUES
(838, 1, '2017-03-27 01:04:48', 1, 'xF1xCD8x0xM4azgRnmar+vCEIJh2hp1DlHMRBNf6wbPEO/55T8UmZOm1AgyQF0pdQ2vuIbgVtAI='),
(839, 1, '2017-03-27 01:07:02', 1, 'OtwK7S9MLtsh8PjDMhPppxpVb0MTbG+YVrsBrSwvdz+c5WcbxpK4Mh9fLnjXvR33LqPpQXr6sXZ7rIcx2w0tDw=='),
(840, 1, '2017-03-27 01:09:50', 1, 'ErGsklZ24Xtkefh37n0QAPCEIJh2hp1DlHMRBNf6wbPEO/55T8UmZKiYosNXcT6CQ2vuIbgVtAI='),
(841, 1, '2017-03-27 14:04:08', 1, 'qzTH+B4VVfVj0rgi0wvoA8MhOnV2AhNfLn6K1diH+USMRzDA7AnzREGk7mdg2ijh5TTEzpr+zr6jpCYXi+iOng=='),
(842, 1, '2017-03-27 14:10:41', 1, 'Du0ztQT44crFsKOxWpIUURpVb0MTbG+YVrsBrSwvdz+c5WcbxpK4MoH4zEWIArw99gOraSU1B9V7rIcx2w0tDw=='),
(843, 1, '2017-03-27 14:13:42', 1, '3VmhQ5GIgvcJJPpJkJu6xxpVb0MTbG+YVrsBrSwvdz+c5WcbxpK4MntgmO2AFKCY9gOraSU1B9V7rIcx2w0tDw=='),
(844, 1, '2017-03-27 14:31:51', 1, 'TsuJe2E7UoEFvJqf4Oqo2vCEIJh2hp1DlHMRBNf6wbPEO/55T8UmZGm7/yiAOng5Q2vuIbgVtAI='),
(845, 1, '2017-03-27 14:48:43', 1, 'qcd0ElWjmMMzKRGiGcECUsMhOnV2AhNfLn6K1diH+USMRzDA7AnzRH2qiJDcSExMQkkl8p5al+KjpCYXi+iOng=='),
(846, 1, '2017-03-27 20:02:31', 1, 'MI02sD0pzDZRwamTgL41ohpVb0MTbG+YVrsBrSwvdz+c5WcbxpK4Mm3qlozvqoPR9gOraSU1B9V7rIcx2w0tDw=='),
(847, 2, '2017-03-27 20:03:45', 1, 'ULdXUEHbMnSRNlAWk3DsaRpVb0MTbG+YVrsBrSwvdz+c5WcbxpK4MnGxAchOvW+yP3L0uvuX4HN7rIcx2w0tDw=='),
(848, 3, '2017-03-27 20:06:36', 1, 'gV9F5KH14rm6pf9rYeGE2cMhOnV2AhNfLn6K1diH+USMRzDA7AnzRAYwa+/HB+nL+H+iUybtN9OjpCYXi+iOng=='),
(849, 3, '2017-03-27 20:07:24', 1, 'gemDqp+zoxL57vV5k2ZKOPCEIJh2hp1DlHMRBNf6wbPkbsZ4faYTXI2UMiZYwbkfTi6VFqxsTjg='),
(850, 94, '2017-03-27 20:10:23', 1, 'B03vQzT8gd+aKKuu5QyS/vCEIJh2hp1DlHMRBNf6wbPkbsZ4faYTXE0pYBugEGVwoTQTtGbEwrY='),
(851, 2, '2017-03-27 20:11:02', 1, 'XugPX93xS4a6Jg7R7f1F5cMhOnV2AhNfLn6K1diH+USMRzDA7AnzRNH7fYHlcPY7zDrReoKcYa6jpCYXi+iOng=='),
(852, 3, '2017-03-27 20:13:06', 1, 'dNeWXS8SNBPm2hqRa6YemhpVb0MTbG+YVrsBrSwvdz+c5WcbxpK4Mj/1hgyt6Fd4+/HiYZCIr6F7rIcx2w0tDw=='),
(853, 4, '2017-03-27 20:16:28', 1, 'TiQzEkDxrqQe6mKqzymR2wfQTXCRgijLj0hslw33O9wo3lz1QNP21+pKbJ641eulpexp/shqGNM='),
(854, 3, '2017-03-27 20:18:13', 1, 'ak9s2k5TQFUh8PjDMhPppxpVb0MTbG+YVrsBrSwvdz+c5WcbxpK4MrJRZpuBA63piKek0YuIH+V7rIcx2w0tDw=='),
(855, 5, '2017-03-27 22:16:52', 1, 'KT+94AAKBGP57vV5k2ZKOPCEIJh2hp1DlHMRBNf6wbPkbsZ4faYTXP8K11EDX8rfWelv0aQurMQ='),
(856, 5, '2017-03-27 22:17:35', 1, 'P/ZVoCUBqsHfpAsHNTuewPCEIJh2hp1DlHMRBNf6wbPkbsZ4faYTXJ4F3C9L/dOtWelv0aQurMQ='),
(857, 1, '2017-03-27 22:21:00', 1, 'AAK0r6DH4OfdnQv90IMPO8MhOnV2AhNfLn6K1diH+USMRzDA7AnzRNt7jdMeIeVo917Hbduo5SmjpCYXi+iOng=='),
(858, 2, '2017-03-27 22:22:22', 1, 'NvdQMlU2gRRkefh37n0QAPCEIJh2hp1DlHMRBNf6wbPkbsZ4faYTXJ+oJ+wJ3hK+xgqumPIZbXs='),
(859, 5, '2017-03-27 22:22:34', 1, 'M2uThIz8iDgn3RRqWh51OhpVb0MTbG+YVrsBrSwvdz+c5WcbxpK4MmcjiRKA5+z9uxViY40Lgod7rIcx2w0tDw=='),
(860, 2, '2017-03-27 22:23:13', 1, 'AEweKRUdoz2vysZv3dXEJhpVb0MTbG+YVrsBrSwvdz+c5WcbxpK4MtYswmgqpWyOKf9RqwYFDih7rIcx2w0tDw=='),
(861, 3, '2017-03-27 22:24:26', 1, 'SNCNFXOvogrJa+FgohvSfRpVb0MTbG+YVrsBrSwvdz+c5WcbxpK4Mn9qS38mucwXW0A5K+jFMmF7rIcx2w0tDw=='),
(862, 4, '2017-03-27 22:25:31', 1, '8o3aw4hsYZiJiooRBUXkAfCEIJh2hp1DlHMRBNf6wbPkbsZ4faYTXLw1hF6BE+O950DG4eNqeIs='),
(863, 4, '2017-03-27 22:25:33', 1, 'vBQQh7RSfxKcdc1KGNdUmfCEIJh2hp1DlHMRBNf6wbPkbsZ4faYTXArqMw5V9HSz50DG4eNqeIs='),
(864, 3, '2017-03-27 22:27:18', 1, 'vOjqOwUicJlH1WD61bnMghpVb0MTbG+YVrsBrSwvdz+c5WcbxpK4Mju+FgiCXaemsynZbGAOZ+R7rIcx2w0tDw=='),
(865, 2, '2017-03-27 22:27:39', 1, 'vcWYv6hY1OzJa+FgohvSfRpVb0MTbG+YVrsBrSwvdz+c5WcbxpK4Mrd8nghia4cBKf9RqwYFDih7rIcx2w0tDw=='),
(866, 2, '2017-03-27 22:29:15', 1, 'j85o+tkh/2/YEC8vxglmKMMhOnV2AhNfLn6K1diH+USMRzDA7AnzRFqoPRuRb46xhgTo2RoB162jpCYXi+iOng=='),
(867, 4, '2017-03-27 22:29:45', 1, 'GV+zSAx+wN5JtuInOPcPkBpVb0MTbG+YVrsBrSwvdz+c5WcbxpK4MkYASbPAcI9IxOc+r3tJ67p7rIcx2w0tDw=='),
(868, 3, '2017-03-27 22:30:47', 1, 'H52fNPPpgdKG9fH4a9Ysl8MhOnV2AhNfLn6K1diH+USMRzDA7AnzRNWdnfNm66HV9BoHtfUtmXujpCYXi+iOng=='),
(869, 4, '2017-03-27 22:31:32', 1, 'w4csLslkfmKPqx6Xker1XBpVb0MTbG+YVrsBrSwvdz+c5WcbxpK4Mud9w1iNNsUxxkAFwX573Xx7rIcx2w0tDw=='),
(870, 4, '2017-03-27 22:31:34', 1, 'hl9lb45RnhyJiooRBUXkAfCEIJh2hp1DlHMRBNf6wbPkbsZ4faYTXIj7BS7Oo9Li50DG4eNqeIs='),
(871, 3, '2017-03-27 22:32:06', 1, 'DoyZ12lY7mofdfIYZnJFiRpVb0MTbG+YVrsBrSwvdz+c5WcbxpK4MvojW1qQIdvVDr1w52m0XFV7rIcx2w0tDw=='),
(872, 2, '2017-03-27 22:32:57', 1, 'fj/0hUILiEssM19UVellBRpVb0MTbG+YVrsBrSwvdz+c5WcbxpK4Mo/fgoU9SKM5cG7AXs/IB417rIcx2w0tDw=='),
(873, 4, '2017-03-27 22:33:21', 1, 'sU84WFGyigDFsKOxWpIUURpVb0MTbG+YVrsBrSwvdz+c5WcbxpK4Mmtt3Vq6v051YSGa5oeMma97rIcx2w0tDw=='),
(874, 3, '2017-03-27 22:33:58', 1, 'xZ7w2YX4X3zrEO5kFOzA5hpVb0MTbG+YVrsBrSwvdz+c5WcbxpK4Ms0JmJ5bNsgQdP8AAWZ+G+N7rIcx2w0tDw=='),
(875, 2, '2017-03-27 22:38:28', 1, 'oCQp/6gtcRuaKKuu5QyS/vCEIJh2hp1DlHMRBNf6wbPkbsZ4faYTXCsjW8sRIUjSxgqumPIZbXs='),
(876, 3, '2017-03-27 22:39:46', 1, 'OVzxlzyT5MyaKKuu5QyS/vCEIJh2hp1DlHMRBNf6wbPkbsZ4faYTXBNL6QDAyLQoTi6VFqxsTjg='),
(877, 4, '2017-03-27 22:41:00', 1, 'LVvOJUC3pToX3duB0iwnkcMhOnV2AhNfLn6K1diH+USMRzDA7AnzRDaAybli1On6iUPri3Wa0sKjpCYXi+iOng=='),
(878, 2, '2017-03-27 22:43:16', 1, 'VAn41XZc5rKJiooRBUXkAfCEIJh2hp1DlHMRBNf6wbPkbsZ4faYTXAv4QZc5Q8MIxgqumPIZbXs='),
(879, 2, '2017-03-27 22:43:18', 1, '3JneuN9nX/4KdxPAUrY4NxpVb0MTbG+YVrsBrSwvdz+c5WcbxpK4Mg7kL7MK/Eo6tQtdllCIwEx7rIcx2w0tDw=='),
(880, 3, '2017-03-27 22:44:36', 1, 'm3Kan8bMXHTV6zK9X6wmwBpVb0MTbG+YVrsBrSwvdz+c5WcbxpK4Ml3WX0fil3YeOdBzICVijkx7rIcx2w0tDw=='),
(881, 4, '2017-03-27 22:48:00', 1, '3jSjd3FyKR8VQmDJilcn0hpVb0MTbG+YVrsBrSwvdz+c5WcbxpK4MrH+uCkZtJFbYSGa5oeMma97rIcx2w0tDw=='),
(882, 1, '2017-03-27 23:57:55', 1, 'ENCBw5A/noaa87egCDE4oxpVb0MTbG+YVrsBrSwvdz+c5WcbxpK4Mv2h0FxVyvtmmZE95gFhV357rIcx2w0tDw=='),
(883, 1, '2017-03-28 14:57:29', 1, 'XUw/3B24DwXBIeq6r/X8ThpVb0MTbG+YVrsBrSwvdz+c5WcbxpK4MqRIp/Xkn+9kmZE95gFhV357rIcx2w0tDw=='),
(884, 1, '2017-03-28 15:02:40', 1, 'rYcjnCtcjrCLgTPwy58+TMMhOnV2AhNfLn6K1diH+USMRzDA7AnzREnKVRRAFlnrJBuML+7nPnOjpCYXi+iOng=='),
(885, 1, '2017-03-28 15:09:32', 1, 's+/+Erl9Z344/7XG/sLNBBpVb0MTbG+YVrsBrSwvdz+c5WcbxpK4MrdZOxUVOJGa2vjG//N2EMl7rIcx2w0tDw=='),
(886, 1, '2017-03-28 15:16:29', 1, '8vuZFRTAgNTfpAsHNTuewPCEIJh2hp1DlHMRBNf6wbPkbsZ4faYTXEDpAJrnzJUbQ2vuIbgVtAI='),
(887, 1, '2017-03-28 15:29:46', 1, 'hts08/2KbGikPWgB6Nnu5RpVb0MTbG+YVrsBrSwvdz+c5WcbxpK4MtaqeE+kw02go6RMWM88+g17rIcx2w0tDw=='),
(888, 1, '2017-03-28 15:32:11', 1, 'eb9Qej3fcice6mKqzymR2wfQTXCRgijLj0hslw33O9wzfui/1Ct3ED2ARbrOObne1RXzzLIInfI='),
(889, 1, '2017-03-28 15:33:38', 1, 'MjXIlfgAYb0FvJqf4Oqo2vCEIJh2hp1DlHMRBNf6wbPkbsZ4faYTXED74mKG0JT4Q2vuIbgVtAI='),
(890, 1, '2017-03-28 15:35:31', 1, 'LeWUzQQ6915kefh37n0QAPCEIJh2hp1DlHMRBNf6wbPkbsZ4faYTXP3bpCTNfZw3Q2vuIbgVtAI='),
(891, 1, '2017-03-28 15:36:43', 1, 'Nja3yF0C3nFIdRXldGzHPBpVb0MTbG+YVrsBrSwvdz+c5WcbxpK4MiS+kP8r/XELfXcyrElWFOp7rIcx2w0tDw=='),
(892, 1, '2017-03-28 15:42:12', 1, 'sDPNPRXlpIxaf40LUB8hohpVb0MTbG+YVrsBrSwvdz+c5WcbxpK4MqBFf/X3OngWjgieV96+Sgt7rIcx2w0tDw=='),
(893, 1, '2017-03-28 15:44:11', 1, 'H4QjBQvJKKsQgYmjdhmKgcMhOnV2AhNfLn6K1diH+USMRzDA7AnzRESpLLQCCzUU4x3H6BAjFZCjpCYXi+iOng=='),
(894, 1, '2017-03-28 15:59:25', 1, '6nCgY6rc/lPGqPpI5FhLCRpVb0MTbG+YVrsBrSwvdz+c5WcbxpK4MiFP7gTueWYBa5sr9eEzTtx7rIcx2w0tDw=='),
(895, 1, '2017-03-28 16:22:44', 1, 'bhP5kVSJjJUVQmDJilcn0hpVb0MTbG+YVrsBrSwvdz+c5WcbxpK4MnqHyZymsOSVa5sr9eEzTtx7rIcx2w0tDw=='),
(896, 1, '2017-03-28 16:27:35', 1, 'G3JRkBJfhkI5cDY+mKhYGcMhOnV2AhNfLn6K1diH+USMRzDA7AnzRPU1QkdbkV5LIbUuBX/0o+ajpCYXi+iOng=='),
(897, 1, '2017-03-28 16:34:49', 1, 'PL4F7ahEp+poCuY4aMlTIxpVb0MTbG+YVrsBrSwvdz+c5WcbxpK4Msgs6IZNWXBofXcyrElWFOp7rIcx2w0tDw=='),
(898, 1, '2017-03-28 16:40:46', 1, 'gBx8E/RM9gYNYe5int0K+xpVb0MTbG+YVrsBrSwvdz+c5WcbxpK4MnZ3A/nK7Z/Qa5sr9eEzTtx7rIcx2w0tDw=='),
(899, 1, '2017-03-28 16:50:05', 1, 'Mdj4sJAIZDcXqK/H/MmoY8MhOnV2AhNfLn6K1diH+USMRzDA7AnzRN2GqyIunnp6sOhrChaSvRWjpCYXi+iOng=='),
(900, 1, '2017-03-28 16:59:08', 1, 'vTwbfE+rkk6vysZv3dXEJhpVb0MTbG+YVrsBrSwvdz+c5WcbxpK4MjlUduUubL1r2vjG//N2EMl7rIcx2w0tDw=='),
(901, 1, '2017-03-28 17:01:05', 1, 'ISUTnpneVsC7RcaZDmPqXsMhOnV2AhNfLn6K1diH+USMRzDA7AnzRBpz33UztUrFskweygAW2DWjpCYXi+iOng=='),
(902, 1, '2017-03-28 17:04:29', 1, '2B32RCafUFvV/BFiUptyoRpVb0MTbG+YVrsBrSwvdz+c5WcbxpK4MlCHb8buKVrKe+BWIvokDvB7rIcx2w0tDw=='),
(903, 1, '2017-03-28 17:08:06', 1, '4Qca40jYtKORNlAWk3DsaRpVb0MTbG+YVrsBrSwvdz+c5WcbxpK4MpKxoW7FHIQka5sr9eEzTtx7rIcx2w0tDw=='),
(904, 1, '2017-03-28 17:09:26', 1, 'cWWsSQfOgIyw2do1HWW/a8MhOnV2AhNfLn6K1diH+USMRzDA7AnzROQlJ4m38PZ/bV1046yhXbKjpCYXi+iOng=='),
(905, 1, '2017-03-28 17:11:58', 1, 'xPilwPwJdETeiFsR41KEQRpVb0MTbG+YVrsBrSwvdz+c5WcbxpK4MlZCOVwgi3Lra5sr9eEzTtx7rIcx2w0tDw=='),
(906, 1, '2017-03-28 17:31:06', 1, 'Ow/7vflfnsA4azgRnmar+vCEIJh2hp1DlHMRBNf6wbPkbsZ4faYTXHSZzlvBAaWzQ2vuIbgVtAI='),
(907, 1, '2017-03-28 17:40:21', 1, '/4d9JG6B/6P57vV5k2ZKOPCEIJh2hp1DlHMRBNf6wbPkbsZ4faYTXKj99QOanpRnQ2vuIbgVtAI='),
(908, 1, '2017-03-28 17:42:58', 1, 'LK21Bjp6CPgG9PSMsOb3rRpVb0MTbG+YVrsBrSwvdz+c5WcbxpK4MhBTvPNjYn4R9gOraSU1B9V7rIcx2w0tDw=='),
(909, 1, '2017-03-28 17:47:08', 1, 'Xh9h5lwbLRBFX7cp/bX/dvCEIJh2hp1DlHMRBNf6wbPkbsZ4faYTXCNLavogS5QCQ2vuIbgVtAI='),
(910, 1, '2017-03-28 17:51:16', 1, 'uav8pMashC9kefh37n0QAPCEIJh2hp1DlHMRBNf6wbPkbsZ4faYTXI103lSzoGaEQ2vuIbgVtAI='),
(911, 1, '2017-03-29 00:46:28', 1, 'uxTgpyGyyYKuz+MdRhtZzcMhOnV2AhNfLn6K1diH+USMRzDA7AnzRLDuwR3f8fN16SVrd+I9Sx2jpCYXi+iOng=='),
(912, 1, '2017-03-29 00:50:50', 1, 'IlD2a1Xa7aDu2NTYRX5IXhpVb0MTbG+YVrsBrSwvdz+c5WcbxpK4MrRm1M8iZyZb9gOraSU1B9V7rIcx2w0tDw=='),
(913, 1, '2017-03-29 00:53:17', 1, 'rEvxYf/XpZHV/BFiUptyoRpVb0MTbG+YVrsBrSwvdz+c5WcbxpK4Mpa6LKXbaSvymZE95gFhV357rIcx2w0tDw=='),
(914, 1, '2017-03-29 00:55:06', 1, 'lzy0jMdz5Xucdc1KGNdUmfCEIJh2hp1DlHMRBNf6wbM5nSIIDDGZhqBsVq7RvXXIQ2vuIbgVtAI='),
(915, 1, '2017-03-29 01:00:00', 1, 'EglmVs+UtXHWs4KwI+96nMMhOnV2AhNfLn6K1diH+USMRzDA7AnzREJgLIBJUzLjs9JVCsfHDjujpCYXi+iOng=='),
(916, 1, '2017-03-29 01:07:03', 1, 'QT4zfetwGA7mwjj1ocfhuxpVb0MTbG+YVrsBrSwvdz+c5WcbxpK4MkxNTcRCwqfrAxa65VqdYJx7rIcx2w0tDw=='),
(917, 1, '2017-03-29 14:38:07', 1, 'cm0sP56oLliPqx6Xker1XBpVb0MTbG+YVrsBrSwvdz+c5WcbxpK4MsWDDmOeDS7OLqPpQXr6sXZ7rIcx2w0tDw=='),
(918, 1, '2017-03-29 14:47:09', 1, '3BDH6ZI9UkkDcr7Z3j+A5MMhOnV2AhNfLn6K1diH+USMRzDA7AnzRB8+6w7YbRZ3plN0kuWjri+jpCYXi+iOng=='),
(919, 1, '2017-03-29 14:52:24', 1, 'wTc2ex5klSMmYaclquoW18MhOnV2AhNfLn6K1diH+USMRzDA7AnzRNt3DACYV+AwZhObntmz4xijpCYXi+iOng=='),
(920, 1, '2017-03-29 14:54:54', 1, 'DD+4BBscVMUJJPpJkJu6xxpVb0MTbG+YVrsBrSwvdz+c5WcbxpK4MuAQcsvxgF4D9gOraSU1B9V7rIcx2w0tDw=='),
(921, 1, '2017-03-29 15:03:05', 1, 'yx4PT8mjvOZlRoWEO8cfXMMhOnV2AhNfLn6K1diH+USMRzDA7AnzRMDOfQO1rb5bpgToi9503JejpCYXi+iOng=='),
(922, 1, '2017-03-29 15:15:27', 1, 'CNEn8qPO3EhH39HduJZrScMhOnV2AhNfLn6K1diH+USMRzDA7AnzROMa/x+I+FGeFPnXfjIeOXSjpCYXi+iOng=='),
(923, 1, '2017-03-29 15:28:24', 1, 'JYTqSs/WlLilrOpOKGYOnhpVb0MTbG+YVrsBrSwvdz+c5WcbxpK4Mpa2i0W/p68XmZE95gFhV357rIcx2w0tDw=='),
(924, 1, '2017-03-29 15:34:28', 1, '47oHO/qsZEehvtHvDV7gnhpVb0MTbG+YVrsBrSwvdz+c5WcbxpK4MpDiVe7wSBHmmZE95gFhV357rIcx2w0tDw=='),
(925, 1, '2017-03-29 15:37:13', 1, 'O3JCChgDryGa87egCDE4oxpVb0MTbG+YVrsBrSwvdz+c5WcbxpK4MqBMfFTIIgNPe+BWIvokDvB7rIcx2w0tDw=='),
(926, 1, '2017-03-29 15:42:33', 1, 'qfS+EDH7vvzfJDbn1CsLP8MhOnV2AhNfLn6K1diH+USMRzDA7AnzROocAKRm/hLcUo2TzWbGYPqjpCYXi+iOng=='),
(927, 1, '2017-03-29 16:24:28', 1, 'WVFLDZgKAzooAXhTEdhBFRpVb0MTbG+YVrsBrSwvdz+c5WcbxpK4MpObtCh+ohQ+o6RMWM88+g17rIcx2w0tDw=='),
(928, 1, '2017-03-29 16:41:25', 1, 'Jinojg1hCMOteCKHOVWXWcMhOnV2AhNfLn6K1diH+USMRzDA7AnzRCGH0ESw2SHzdnuP0Zra5dKjpCYXi+iOng=='),
(929, 1, '2017-03-29 22:16:42', 1, 'k6gUd+Lcq6i3gvY5aEvousMhOnV2AhNfLn6K1diH+USMRzDA7AnzRPxx1YWryZdjplN0kuWjri+jpCYXi+iOng=='),
(930, 1, '2017-03-29 22:25:47', 1, 'XFDKCLqvTMbFsKOxWpIUURpVb0MTbG+YVrsBrSwvdz+c5WcbxpK4Mv7sEI5Rds2CAxa65VqdYJx7rIcx2w0tDw=='),
(931, 1, '2017-03-29 22:29:55', 1, 'IjNT/TYDhKmJiooRBUXkAfCEIJh2hp1DlHMRBNf6wbM5nSIIDDGZhgVY6DM9pCz7Q2vuIbgVtAI='),
(932, 1, '2017-03-29 22:34:06', 1, 'J9aa26T6g4NcB4xEGOAABBpVb0MTbG+YVrsBrSwvdz+c5WcbxpK4MtvwVRwgDHjAe+BWIvokDvB7rIcx2w0tDw=='),
(933, 1, '2017-03-29 22:36:26', 1, 'nAljz0/0wxT57vV5k2ZKOPCEIJh2hp1DlHMRBNf6wbM5nSIIDDGZhpRztK03xxTZQ2vuIbgVtAI='),
(934, 2, '2017-03-29 22:37:32', 1, 'kAnQj2ZDlLxT13v9+vTHlMMhOnV2AhNfLn6K1diH+USMRzDA7AnzRCgcL4u55ciICPbIyYPwyQyjpCYXi+iOng=='),
(935, 1, '2017-03-29 22:37:58', 1, 'euB3sM/DlNVvJ4/BvNQ4TPCEIJh2hp1DlHMRBNf6wbM5nSIIDDGZhgQoDTy5zVMvQ2vuIbgVtAI='),
(936, 1, '2017-03-29 22:41:33', 1, 'B/Pby3gfwgK0XzidP23ZKBpVb0MTbG+YVrsBrSwvdz+c5WcbxpK4Mm7gIpcCPnGpa5sr9eEzTtx7rIcx2w0tDw=='),
(937, 3, '2017-03-29 22:42:31', 1, 'WnMY3v6qPFtvJ4/BvNQ4TPCEIJh2hp1DlHMRBNf6wbM5nSIIDDGZhkdOTm/uU6R7Ti6VFqxsTjg='),
(938, 1, '2017-03-29 22:50:36', 1, 'm8gTG7m8giFuoxqssbrgLBpVb0MTbG+YVrsBrSwvdz+c5WcbxpK4MjSOoP5vjIBUjgieV96+Sgt7rIcx2w0tDw=='),
(939, 4, '2017-03-29 22:53:04', 1, '0gurTOP8XLQkOCT4T388PsMhOnV2AhNfLn6K1diH+USMRzDA7AnzRFdyyx8oxKTypcMInXZ4nE2jpCYXi+iOng=='),
(940, 4, '2017-03-29 22:55:10', 1, 'GCMndXehwWcFvJqf4Oqo2vCEIJh2hp1DlHMRBNf6wbM5nSIIDDGZhmWeGtlIfWEw50DG4eNqeIs='),
(941, 4, '2017-03-30 18:06:47', 1, 'avbJ5QkD4E1Wjtume09gFxpVb0MTbG+YVrsBrSwvdz+c5WcbxpK4Mgq3A/c+REbJeuSXyfYFIOx7rIcx2w0tDw=='),
(942, 4, '2017-03-30 18:09:45', 1, '68DVJP1ZGwmGlPogFDVf5hpVb0MTbG+YVrsBrSwvdz+c5WcbxpK4MmijJtKF/3kSxOc+r3tJ67p7rIcx2w0tDw=='),
(943, 4, '2017-03-30 19:00:36', 1, 'x+D9XdJIiOc4azgRnmar+vCEIJh2hp1DlHMRBNf6wbNq6B0ulLWMrfdQO2cbITQE50DG4eNqeIs='),
(944, 1, '2017-03-30 19:42:33', 1, 'k4JBydEiiC+lrOpOKGYOnhpVb0MTbG+YVrsBrSwvdz+c5WcbxpK4MtTEybfTLpOiLqPpQXr6sXZ7rIcx2w0tDw=='),
(945, 1, '2017-03-30 19:54:03', 1, 's8HQnOuqpiihwdJsQ0AeO8MhOnV2AhNfLn6K1diH+USMRzDA7AnzRHPsOXWKysmT6KQBCOiQxIajpCYXi+iOng=='),
(946, 1, '2017-03-30 20:19:20', 1, '3Op9QDLJqSuAZSoh2obdLhpVb0MTbG+YVrsBrSwvdz+c5WcbxpK4Mni+UNs7nYCnmZE95gFhV357rIcx2w0tDw=='),
(947, 93, '2017-03-30 20:33:01', 1, 'T2L10V94OAkFvJqf4Oqo2vCEIJh2hp1DlHMRBNf6wbNq6B0ulLWMrXcRyk0b0dOlDFhhE1+7T3g='),
(948, 93, '2017-03-30 20:33:53', 1, 'lleNy0IDVWAKdxPAUrY4NxpVb0MTbG+YVrsBrSwvdz+c5WcbxpK4MglcRBoRYZ5HJ5xuIFk9V5l7rIcx2w0tDw=='),
(949, 31, '2017-03-30 20:34:17', 1, 'Y0xjcvdFO3KepLq/GZsUQMMhOnV2AhNfLn6K1diH+USMRzDA7AnzRMIBYwrTX0blExtsTG9GA3ajpCYXi+iOng=='),
(950, 31, '2017-03-30 21:13:51', 1, 'dr4pgJfE33yHZMkm2Ybk3MMhOnV2AhNfLn6K1diH+USMRzDA7AnzRD6WMNXyBSfonepPGBhCwOejpCYXi+iOng=='),
(951, 1, '2017-03-30 21:14:50', 1, 'T9Ywr83tsjgiq1iZtkQPYxpVb0MTbG+YVrsBrSwvdz+c5WcbxpK4MoIcCNlXMZ0/fXcyrElWFOp7rIcx2w0tDw=='),
(952, 1, '2017-03-30 21:27:42', 1, 'VBvUeZFUr+z57vV5k2ZKOPCEIJh2hp1DlHMRBNf6wbNq6B0ulLWMrQgBGOwxCMYIQ2vuIbgVtAI='),
(953, 1, '2017-03-30 21:31:31', 1, 'FmASPkSl6hp5fmfjyCc05MMhOnV2AhNfLn6K1diH+USMRzDA7AnzRKVnBIP0guwLK1e2njF+O1GjpCYXi+iOng=='),
(954, 1, '2017-03-30 21:35:34', 1, 'jDLIP4cpGm6noBAEOR+dSRpVb0MTbG+YVrsBrSwvdz+c5WcbxpK4Mp9fmzQq0ggGe+BWIvokDvB7rIcx2w0tDw=='),
(955, 1, '2017-03-30 21:35:49', 1, '+X673AK8YBIer3q+dl+FpRpVb0MTbG+YVrsBrSwvdz+c5WcbxpK4MqIx9viUP8wce+BWIvokDvB7rIcx2w0tDw=='),
(956, 1, '2017-03-30 21:37:36', 1, 'UuY+V4nc8J+JiooRBUXkAfCEIJh2hp1DlHMRBNf6wbNq6B0ulLWMrdqulZ3nhrgJQ2vuIbgVtAI='),
(957, 1, '2017-03-30 21:39:56', 1, '+07Gl32+GweGlPogFDVf5hpVb0MTbG+YVrsBrSwvdz+c5WcbxpK4MoLBBKzUauCAo6RMWM88+g17rIcx2w0tDw=='),
(958, 1, '2017-03-30 21:40:13', 1, '+9BBY8jiSMGvVSj3To4hKMMhOnV2AhNfLn6K1diH+USMRzDA7AnzRMXLF8orKvfHFFwWKFda9fGjpCYXi+iOng=='),
(959, 1, '2017-03-30 21:51:54', 1, 'Eihq+v299qQTNifGGEwxSsMhOnV2AhNfLn6K1diH+USMRzDA7AnzRA24ZlAh8XLgL5XX7t+Yh2qjpCYXi+iOng=='),
(960, 1, '2017-03-30 21:59:08', 1, 'oh6GelkkUVCcdc1KGNdUmfCEIJh2hp1DlHMRBNf6wbNq6B0ulLWMrfAdBYmf2XQOQ2vuIbgVtAI='),
(961, 1, '2017-03-30 22:00:42', 1, '+RzsMwTwIKxI3LzRBvrYuMMhOnV2AhNfLn6K1diH+USMRzDA7AnzRBngA6A1Y2gCizEjLh98lE6jpCYXi+iOng=='),
(962, 1, '2017-03-30 22:01:41', 1, 'cSu+S0Je5PFA7ZbI0v1W+hpVb0MTbG+YVrsBrSwvdz+c5WcbxpK4Muwi2C8BUIlnLqPpQXr6sXZ7rIcx2w0tDw=='),
(963, 1, '2017-03-30 22:04:06', 1, 'Vkcykv0mBxSaKKuu5QyS/vCEIJh2hp1DlHMRBNf6wbNq6B0ulLWMrda3a2UGYbSoQ2vuIbgVtAI='),
(964, 1, '2017-03-30 22:08:23', 1, 'kSscj0PM+D5HZ1t2PAb/fRpVb0MTbG+YVrsBrSwvdz+c5WcbxpK4MioZTZyKN8Wae+BWIvokDvB7rIcx2w0tDw=='),
(965, 1, '2017-03-30 22:12:00', 1, 'Miy/Le1gGoj4AuCw3nE5qsMhOnV2AhNfLn6K1diH+USMRzDA7AnzROOMPoinkGkgizEjLh98lE6jpCYXi+iOng=='),
(966, 1, '2017-03-30 22:16:15', 1, 'OTOS/2OJ5H44azgRnmar+vCEIJh2hp1DlHMRBNf6wbNq6B0ulLWMreqEHaGHqZnSQ2vuIbgVtAI='),
(967, 1, '2017-03-30 22:18:10', 1, 'WUDY/mCe4MXJQXnIdxqzvhpVb0MTbG+YVrsBrSwvdz+c5WcbxpK4Mk3VpUe9u/KuLqPpQXr6sXZ7rIcx2w0tDw=='),
(968, 1, '2017-03-30 22:19:42', 1, 'qK1jF/I9yGhFX7cp/bX/dvCEIJh2hp1DlHMRBNf6wbNq6B0ulLWMrVG0rfGjgvJ1Q2vuIbgVtAI='),
(969, 1, '2017-03-30 22:20:36', 1, '+H0enhYVlLge6mKqzymR2wfQTXCRgijLj0hslw33O9yn/Hn5QgTk8vOhlj/2OdLm1RXzzLIInfI='),
(970, 1, '2017-03-30 22:22:56', 1, 'Rw74C4EQkTwJJPpJkJu6xxpVb0MTbG+YVrsBrSwvdz+c5WcbxpK4MqGU2Yn2cPOvmZE95gFhV357rIcx2w0tDw=='),
(971, 1, '2017-03-30 22:23:58', 1, 's9u6Mw6mj4iaKKuu5QyS/vCEIJh2hp1DlHMRBNf6wbNq6B0ulLWMrZEK71mU7IG1Q2vuIbgVtAI='),
(972, 1, '2017-03-30 22:25:28', 1, 'l0fmjBn38m/8NQjRLXMKzhpVb0MTbG+YVrsBrSwvdz+c5WcbxpK4MmNtdl5WGbPNAxa65VqdYJx7rIcx2w0tDw=='),
(973, 1, '2017-03-30 22:26:59', 1, 'DFHlp3tZOICyXyjL2kUvgsMhOnV2AhNfLn6K1diH+USMRzDA7AnzRFYpHymFovCVKcQheON2n/ijpCYXi+iOng=='),
(974, 1, '2017-03-30 22:27:19', 1, '6AcU8/d2+9bgsnd0cz6cgMMhOnV2AhNfLn6K1diH+USMRzDA7AnzRAY38zXkpVLBSS8Q+2NnN5yjpCYXi+iOng=='),
(975, 1, '2017-03-30 22:28:39', 1, 'gOggmiZCrqpYETUhg/FgUsMhOnV2AhNfLn6K1diH+USMRzDA7AnzRHlQ35DkGfNcOZDJubqrw4WjpCYXi+iOng=='),
(976, 1, '2017-03-30 22:29:01', 1, 'njMr9tUBiwm97K0JUgC7KcMhOnV2AhNfLn6K1diH+USMRzDA7AnzRIntwsnxBGzIfxqnfWWUHIujpCYXi+iOng=='),
(977, 1, '2017-03-30 22:30:52', 1, 'nCHZMkb2HaCaKKuu5QyS/vCEIJh2hp1DlHMRBNf6wbNq6B0ulLWMrZCUJZjtwVHpQ2vuIbgVtAI='),
(978, 1, '2017-03-30 22:32:08', 1, '/7a2uWKM1ZmJiooRBUXkAfCEIJh2hp1DlHMRBNf6wbNq6B0ulLWMrTnvBxCGit/9Q2vuIbgVtAI='),
(979, 1, '2017-03-30 22:38:09', 1, 'PMneL6cg/YKcdc1KGNdUmfCEIJh2hp1DlHMRBNf6wbNq6B0ulLWMrZIm1bIMn5ABQ2vuIbgVtAI='),
(980, 1, '2017-03-30 22:38:53', 1, 'xNuG7w8BSCsfdfIYZnJFiRpVb0MTbG+YVrsBrSwvdz+c5WcbxpK4Mia7KQ2mrwGYmZE95gFhV357rIcx2w0tDw=='),
(981, 1, '2017-03-30 22:39:19', 1, 'xOEd0dLTL+ckpBnY/lu9rhpVb0MTbG+YVrsBrSwvdz+c5WcbxpK4MsQQMGyHRyTOLqPpQXr6sXZ7rIcx2w0tDw=='),
(982, 1, '2017-03-30 22:40:05', 1, 'v2vIbgJBZxoFvJqf4Oqo2vCEIJh2hp1DlHMRBNf6wbNq6B0ulLWMreZgsHBhFomzQ2vuIbgVtAI='),
(983, 1, '2017-03-30 22:42:44', 1, 'ACrYo55hmHdHPpvcEoBem8MhOnV2AhNfLn6K1diH+USMRzDA7AnzRHzg+P4Hx71ApgToi9503JejpCYXi+iOng=='),
(984, 1, '2017-03-30 22:43:32', 1, 'kRbvIG+jAjPGqPpI5FhLCRpVb0MTbG+YVrsBrSwvdz+c5WcbxpK4MqfePKhUyiNNa5sr9eEzTtx7rIcx2w0tDw=='),
(985, 1, '2017-03-30 22:44:01', 1, 'd+glfgrt7hlWjtume09gFxpVb0MTbG+YVrsBrSwvdz+c5WcbxpK4MoYUCPcVk/9ILqPpQXr6sXZ7rIcx2w0tDw=='),
(986, 1, '2017-03-30 22:45:04', 1, 'nL+gDQcigYCkPWgB6Nnu5RpVb0MTbG+YVrsBrSwvdz+c5WcbxpK4MlBobGsqx1K2a5sr9eEzTtx7rIcx2w0tDw=='),
(987, 1, '2017-03-30 22:45:27', 1, 'LzW/cpAujRFQdOOAQvxa/cMhOnV2AhNfLn6K1diH+USMRzDA7AnzREAXpO+T6pOJn038OoT1Rz+jpCYXi+iOng=='),
(988, 1, '2017-03-30 22:48:28', 1, 'ff0xZ1oDcpBvJ4/BvNQ4TPCEIJh2hp1DlHMRBNf6wbNq6B0ulLWMrcIVF15dLb3kQ2vuIbgVtAI='),
(989, 1, '2017-03-30 22:49:37', 1, 'GUSlv34iFJYsM19UVellBRpVb0MTbG+YVrsBrSwvdz+c5WcbxpK4Mj0gPnTCS0hILqPpQXr6sXZ7rIcx2w0tDw=='),
(990, 1, '2017-03-30 22:49:42', 1, 'wRbDy4Wi1uA4azgRnmar+vCEIJh2hp1DlHMRBNf6wbNq6B0ulLWMrRSLr0K5EDb0Q2vuIbgVtAI='),
(991, 1, '2017-03-30 22:52:47', 1, 'jMGv0e94XriJiooRBUXkAfCEIJh2hp1DlHMRBNf6wbNq6B0ulLWMrfGXYVykg/JUQ2vuIbgVtAI='),
(992, 1, '2017-03-30 22:53:46', 1, 'Jp3RcEHntVKAZSoh2obdLhpVb0MTbG+YVrsBrSwvdz+c5WcbxpK4MunfAjwX3KZMfXcyrElWFOp7rIcx2w0tDw=='),
(993, 1, '2017-03-30 22:56:09', 1, 'pD7W+FYKhLFA7p53x+9eZsMhOnV2AhNfLn6K1diH+USMRzDA7AnzRNfkWN7HbfCEsOhrChaSvRWjpCYXi+iOng=='),
(994, 1, '2017-03-30 22:58:22', 1, 'rdJnpPXyh/otmKiEH6uPVhpVb0MTbG+YVrsBrSwvdz+c5WcbxpK4Mn2YD4a6PCUWe+BWIvokDvB7rIcx2w0tDw=='),
(995, 1, '2017-03-30 22:59:35', 1, 'ExF+4X1rOZ/fpAsHNTuewPCEIJh2hp1DlHMRBNf6wbNq6B0ulLWMrWOO4H6xuHZqQ2vuIbgVtAI='),
(996, 1, '2017-03-30 22:59:37', 1, 'rt6fmNZp3ZJ/4Wzm8268vhpVb0MTbG+YVrsBrSwvdz+c5WcbxpK4MvyyT1wB6DxB2vjG//N2EMl7rIcx2w0tDw=='),
(997, 1, '2017-03-30 23:02:06', 1, 'ujlgVX3o+kxrndvN5pyBA8MhOnV2AhNfLn6K1diH+USMRzDA7AnzRGGnuNiaDo4AZMRig2B5UBqjpCYXi+iOng=='),
(998, 1, '2017-03-30 23:03:04', 1, 'PeKGDxk/TU7fpAsHNTuewPCEIJh2hp1DlHMRBNf6wbNq6B0ulLWMreXK8ysDJr2NQ2vuIbgVtAI='),
(999, 1, '2017-03-30 23:20:35', 1, 'wnsZsO1NHP/V/BFiUptyoRpVb0MTbG+YVrsBrSwvdz+c5WcbxpK4Mgzw+KC9RUxLfXcyrElWFOp7rIcx2w0tDw=='),
(1000, 1, '2017-03-31 15:59:13', 1, 'yQ6FdEH01klfFyABQ0nR1MMhOnV2AhNfLn6K1diH+USMRzDA7AnzRA+ZCqti/g++K1e2njF+O1GjpCYXi+iOng=='),
(1001, 1, '2017-03-31 16:01:58', 1, 'SF9DvwtOX304/7XG/sLNBBpVb0MTbG+YVrsBrSwvdz+c5WcbxpK4Mv9H2Afir2tae+BWIvokDvB7rIcx2w0tDw=='),
(1002, 1, '2017-03-31 16:07:09', 1, 'FIXP/tdNu0+cdc1KGNdUmfCEIJh2hp1DlHMRBNf6wbOMbGZYRPcLJSc1/A+laQiWQ2vuIbgVtAI='),
(1003, 1, '2017-03-31 16:11:36', 1, '8dNysMNK5hOLIoRMpKui8sMhOnV2AhNfLn6K1diH+USMRzDA7AnzRIBekqzdsK2SZL8S2MFEby6jpCYXi+iOng=='),
(1004, 1, '2017-03-31 16:18:47', 1, 'hKM08JWFz/5xxLcFnbxuYRpVb0MTbG+YVrsBrSwvdz+c5WcbxpK4MhiBWpY1M1cX9gOraSU1B9V7rIcx2w0tDw=='),
(1005, 1, '2017-03-31 16:26:15', 1, 'geLkJphlMo8KdxPAUrY4NxpVb0MTbG+YVrsBrSwvdz+c5WcbxpK4MqK2nukUNCiVo6RMWM88+g17rIcx2w0tDw=='),
(1006, 1, '2017-03-31 16:35:48', 1, 'B6h3dAkuMjeaKKuu5QyS/vCEIJh2hp1DlHMRBNf6wbOMbGZYRPcLJdy/AXp+NKUaQ2vuIbgVtAI='),
(1007, 1, '2017-03-31 16:53:44', 1, '+J89sgTie/YfdfIYZnJFiRpVb0MTbG+YVrsBrSwvdz+c5WcbxpK4MmDyBI9t+hX2LqPpQXr6sXZ7rIcx2w0tDw=='),
(1008, 1, '2017-03-31 16:58:37', 1, 'q+YZRAJPXe0fdfIYZnJFiRpVb0MTbG+YVrsBrSwvdz+c5WcbxpK4Mjmv9p5M2VSxmZE95gFhV357rIcx2w0tDw=='),
(1009, 1, '2017-03-31 17:08:57', 1, '7MtNk/XRVlY+xAewA+POVMMhOnV2AhNfLn6K1diH+USMRzDA7AnzRJyOvqpDWVm4zIqYA+cFJJyjpCYXi+iOng=='),
(1010, 1, '2017-03-31 17:15:34', 1, '5OBXEOaGTdGcdc1KGNdUmfCEIJh2hp1DlHMRBNf6wbOMbGZYRPcLJbK+j75JP025Q2vuIbgVtAI='),
(1011, 1, '2017-03-31 17:22:59', 1, 'EyzxHUEkBA/PJSvU+Lui6RpVb0MTbG+YVrsBrSwvdz+c5WcbxpK4MkSnaqr3SEzAAxa65VqdYJx7rIcx2w0tDw=='),
(1012, 1, '2017-03-31 17:29:58', 1, 'mf1v4pPkeiANnhff7i8F7hpVb0MTbG+YVrsBrSwvdz+c5WcbxpK4Mg20qbM2SgR2o6RMWM88+g17rIcx2w0tDw=='),
(1013, 1, '2017-03-31 17:37:21', 1, 'X4rOi4qa2YQzM9mPGmnUiMMhOnV2AhNfLn6K1diH+USMRzDA7AnzRM/JLAozBoFWSdxMIjKaBgmjpCYXi+iOng=='),
(1014, 1, '2017-03-31 17:41:45', 1, 'r+lulK4T58dzJp5ErYbSLcMhOnV2AhNfLn6K1diH+USMRzDA7AnzRJkfSpkHSX5w8+fn4bwij8SjpCYXi+iOng=='),
(1015, 1, '2017-03-31 17:54:43', 1, '/ViYjK/S+0RCIr9J/GerUhpVb0MTbG+YVrsBrSwvdz+c5WcbxpK4MuEqT3ZqF+TCAxa65VqdYJx7rIcx2w0tDw=='),
(1016, 1, '2017-03-31 18:07:24', 1, 'hPbYv36sEn7F6InPNh68IBpVb0MTbG+YVrsBrSwvdz+c5WcbxpK4MkYk40eAP7joe+BWIvokDvB7rIcx2w0tDw=='),
(1017, 1, '2017-03-31 18:08:51', 1, 'i8UY+ECAt8rqMbFC69nt8MMhOnV2AhNfLn6K1diH+USMRzDA7AnzREaJRq6ciULndCzRslRd1qujpCYXi+iOng=='),
(1018, 1, '2017-03-31 18:12:28', 1, 'PJt7JINTNXrp3sw52m4jBRpVb0MTbG+YVrsBrSwvdz+c5WcbxpK4MhQ/S8th1FHSo6RMWM88+g17rIcx2w0tDw=='),
(1019, 1, '2017-03-31 18:14:39', 1, 'tU2nK1f+snEJJPpJkJu6xxpVb0MTbG+YVrsBrSwvdz+c5WcbxpK4Mqxt3HGkB94w9gOraSU1B9V7rIcx2w0tDw=='),
(1020, 1, '2017-03-31 18:23:08', 1, '22nZ69WXO1/V6zK9X6wmwBpVb0MTbG+YVrsBrSwvdz+c5WcbxpK4Mg4QpA5SMdiDe+BWIvokDvB7rIcx2w0tDw=='),
(1021, 1, '2017-03-31 20:19:30', 1, 'kNMMlb+F/SL2sMbkQWvy28MhOnV2AhNfLn6K1diH+USMRzDA7AnzRD4C8wMOH46oIE2LkASdvuCjpCYXi+iOng=='),
(1022, 1, '2017-03-31 20:27:54', 1, 'h6S2bLKDzABQdOOAQvxa/cMhOnV2AhNfLn6K1diH+USMRzDA7AnzRBPlewzhsRALdCzRslRd1qujpCYXi+iOng=='),
(1023, 1, '2017-03-31 20:33:29', 1, 'YKDTBeYGU0sG9PSMsOb3rRpVb0MTbG+YVrsBrSwvdz+c5WcbxpK4MkcXagQMJvQNjgieV96+Sgt7rIcx2w0tDw=='),
(1024, 1, '2017-03-31 20:38:11', 1, '87+FJZ4WePPgfCYdDFThUMMhOnV2AhNfLn6K1diH+USMRzDA7AnzRHcF8DCQ9JQi8+fn4bwij8SjpCYXi+iOng=='),
(1025, 1, '2017-03-31 20:40:21', 1, 'iX41BB4xwfjwMOgHEbUg0MMhOnV2AhNfLn6K1diH+USMRzDA7AnzRHKrvWBAO6xfsOhrChaSvRWjpCYXi+iOng=='),
(1026, 1, '2017-03-31 20:43:05', 1, 'iUYRk/+qaHtaf40LUB8hohpVb0MTbG+YVrsBrSwvdz+c5WcbxpK4MuBLhzO0jUynfXcyrElWFOp7rIcx2w0tDw=='),
(1027, 1, '2017-03-31 21:08:09', 1, 'SknDLz3oESffpAsHNTuewPCEIJh2hp1DlHMRBNf6wbOMbGZYRPcLJSpG07UB85+2Q2vuIbgVtAI='),
(1028, 1, '2017-03-31 21:35:53', 1, 'x1gpw3iv/eDfpAsHNTuewPCEIJh2hp1DlHMRBNf6wbOMbGZYRPcLJfnXp+PRnfOoQ2vuIbgVtAI='),
(1029, 1, '2017-03-31 21:45:52', 1, '3LouoD1yHSFCIr9J/GerUhpVb0MTbG+YVrsBrSwvdz+c5WcbxpK4MopjLTK7YYyVfXcyrElWFOp7rIcx2w0tDw=='),
(1030, 1, '2017-03-31 21:51:54', 1, 'tY8QCBVp4BTadP7whul7OxpVb0MTbG+YVrsBrSwvdz+c5WcbxpK4MraGl0BAIvIDLqPpQXr6sXZ7rIcx2w0tDw=='),
(1031, 1, '2017-03-31 21:55:21', 1, 'sY5mbBOeXVH57vV5k2ZKOPCEIJh2hp1DlHMRBNf6wbOMbGZYRPcLJVnhi26r55cPQ2vuIbgVtAI='),
(1032, 1, '2017-03-31 22:41:59', 1, '/Ft4jKfo+xue+iDim4HJfRpVb0MTbG+YVrsBrSwvdz+c5WcbxpK4Mt4CZldbHO4+2vjG//N2EMl7rIcx2w0tDw=='),
(1033, 1, '2017-03-31 22:56:36', 1, '69I9Dbdo5foOxK+Y428j/xpVb0MTbG+YVrsBrSwvdz+c5WcbxpK4MlVhKP3+Jh3H2vjG//N2EMl7rIcx2w0tDw=='),
(1034, 1, '2017-03-31 22:59:31', 1, 'a/LPDe6CKRVjhbCgf06jihpVb0MTbG+YVrsBrSwvdz+c5WcbxpK4Mj4D+/UTzysaAxa65VqdYJx7rIcx2w0tDw=='),
(1035, 1, '2017-03-31 23:09:58', 1, 'gwy7sM1tVOKmDCHcLpRkBMMhOnV2AhNfLn6K1diH+USMRzDA7AnzRBrK7y0pQ84V6KQBCOiQxIajpCYXi+iOng=='),
(1036, 1, '2017-03-31 23:18:16', 1, 'lc5I9BBHYmeJiooRBUXkAfCEIJh2hp1DlHMRBNf6wbOMbGZYRPcLJXq7nSo8BqrGQ2vuIbgVtAI='),
(1037, 1, '2017-03-31 23:46:23', 1, 'Fv/iRR/V/qUOTSUcMgeIzsMhOnV2AhNfLn6K1diH+USMRzDA7AnzRDt48J8OvuJySyJ8yVrVMVGjpCYXi+iOng=='),
(1038, 1, '2017-03-31 23:56:08', 1, 'f6oeGJQHcu2cdc1KGNdUmfCEIJh2hp1DlHMRBNf6wbOMbGZYRPcLJYuczZ6Pu3d0Q2vuIbgVtAI='),
(1039, 1, '2017-04-01 00:35:21', 1, 'uhjS8cJPiKMJsHrQRUIMiMMhOnV2AhNfLn6K1diH+USMRzDA7AnzRA/qb2xTGPuC90o5gvoUp7yjpCYXi+iOng=='),
(1040, 1, '2017-04-01 00:47:43', 1, 'xMg8mUrea6Sg/MazR9CUisMhOnV2AhNfLn6K1diH+USMRzDA7AnzREug9gGs87e3Za2CQ4CSthijpCYXi+iOng=='),
(1041, 1, '2017-04-01 00:51:25', 1, 'Hs9IIc9sXCIe6mKqzymR2wfQTXCRgijLj0hslw33O9zdKesnfSwaYVl/9iWIWQJn1RXzzLIInfI='),
(1042, 1, '2017-04-01 00:58:18', 1, '5yM3pxnVtRShwdJsQ0AeO8MhOnV2AhNfLn6K1diH+USMRzDA7AnzRDn8bwGK78e+HSLdlsxvEQSjpCYXi+iOng=='),
(1043, 1, '2017-04-01 01:03:14', 1, 'DrUfv8Ncy0jOPUIjdYDnchpVb0MTbG+YVrsBrSwvdz+c5WcbxpK4MplXRFetVP8M2vjG//N2EMl7rIcx2w0tDw=='),
(1044, 1, '2017-04-01 01:20:08', 1, 'MTckxjCzAPlW18kE1ZcBAMMhOnV2AhNfLn6K1diH+USMRzDA7AnzRBV32PlntFl+OZDJubqrw4WjpCYXi+iOng=='),
(1045, 1, '2017-04-01 01:30:19', 1, 'Jd57aVnPNLAVQmDJilcn0hpVb0MTbG+YVrsBrSwvdz+c5WcbxpK4MiZ8L6RT/fVpAxa65VqdYJx7rIcx2w0tDw=='),
(1046, 1, '2017-04-01 01:45:04', 1, 'CWVC4a6LVrkvCQ7quj+1lxpVb0MTbG+YVrsBrSwvdz+c5WcbxpK4Mh2bM1LUF8VMo6RMWM88+g17rIcx2w0tDw=='),
(1047, 1, '2017-04-01 01:49:33', 1, 'xI8n0kGgaaMOxK+Y428j/xpVb0MTbG+YVrsBrSwvdz+c5WcbxpK4MirZ5na7oVwue+BWIvokDvB7rIcx2w0tDw=='),
(1048, 1, '2017-04-01 01:56:58', 1, 'nsBNHDQ/N4Scdc1KGNdUmfCEIJh2hp1DlHMRBNf6wbOMbGZYRPcLJX10/c47xdgqQ2vuIbgVtAI='),
(1049, 1, '2017-04-01 02:00:09', 1, 'eVvTq7Ent5mQjQ8QwMw5BBpVb0MTbG+YVrsBrSwvdz+c5WcbxpK4MtO9McQJOfJy9gOraSU1B9V7rIcx2w0tDw=='),
(1050, 1, '2017-04-01 02:04:31', 1, 'pjlhZPifPoOt8L5BPjBuacMhOnV2AhNfLn6K1diH+USMRzDA7AnzRL7geFZqDn0Z3qeM15krCqijpCYXi+iOng=='),
(1051, 1, '2017-04-01 02:10:16', 1, 'HbFSKrZSWhb8NQjRLXMKzhpVb0MTbG+YVrsBrSwvdz+c5WcbxpK4Mh3ovDtOTveqe+BWIvokDvB7rIcx2w0tDw=='),
(1052, 1, '2017-04-01 02:14:08', 1, 'k2fqLScypkkFEVEOscU6/hpVb0MTbG+YVrsBrSwvdz+c5WcbxpK4Mjx5vTX8z4AtAxa65VqdYJx7rIcx2w0tDw=='),
(1053, 1, '2017-04-01 02:21:40', 1, 'DSXdxCWxEJ2noBAEOR+dSRpVb0MTbG+YVrsBrSwvdz+c5WcbxpK4MqBsTdiVtSjU2vjG//N2EMl7rIcx2w0tDw=='),
(1054, 1, '2017-04-01 02:30:28', 1, '97mNH1C8HDrf9VMi/1Q4BcMhOnV2AhNfLn6K1diH+USMRzDA7AnzRIW9r0g6U0VclxclH05QLLOjpCYXi+iOng=='),
(1055, 1, '2017-04-01 02:33:19', 1, 'xurwULeMqrBVkHkDVWhOcsMhOnV2AhNfLn6K1diH+USMRzDA7AnzRDkyATotfbCdIbUuBX/0o+ajpCYXi+iOng=='),
(1056, 1, '2017-04-01 02:35:23', 1, 'gfAfkvTEzmUVQmDJilcn0hpVb0MTbG+YVrsBrSwvdz+c5WcbxpK4Mp0qDFnCRE3O2vjG//N2EMl7rIcx2w0tDw=='),
(1057, 1, '2017-04-01 02:39:09', 1, 'Q1Ec7GFbA2OVnYI4foATDMMhOnV2AhNfLn6K1diH+USMRzDA7AnzRGXpuDn6T3mhaefU+U8KhtSjpCYXi+iOng=='),
(1058, 1, '2017-04-01 02:42:51', 1, 'NtqCmzNNSpb57vV5k2ZKOPCEIJh2hp1DlHMRBNf6wbOMbGZYRPcLJd+ZLXXS88d0Q2vuIbgVtAI='),
(1059, 1, '2017-04-01 02:46:08', 1, 'vxebtvQjeQRFX7cp/bX/dvCEIJh2hp1DlHMRBNf6wbOMbGZYRPcLJWRxVde4lZjVQ2vuIbgVtAI='),
(1060, 1, '2017-04-01 03:12:16', 1, 'FH12smta3UNjhbCgf06jihpVb0MTbG+YVrsBrSwvdz+c5WcbxpK4MtWGFNS+4FpDmZE95gFhV357rIcx2w0tDw=='),
(1061, 1, '2017-04-01 03:16:38', 1, 'B5bgT+GVJk+QjQ8QwMw5BBpVb0MTbG+YVrsBrSwvdz+c5WcbxpK4Mq1mFDZSxvJH9gOraSU1B9V7rIcx2w0tDw=='),
(1062, 1, '2017-04-01 22:40:15', 1, 'v5w8u2GCwJCAZSoh2obdLhpVb0MTbG+YVrsBrSwvdz8mIyAQhJjMu/OuaMZBWjLvmZE95gFhV357rIcx2w0tDw=='),
(1063, 1, '2017-04-01 23:02:19', 1, 'iDCTsgc9Zj3m2hqRa6YemhpVb0MTbG+YVrsBrSwvdz8mIyAQhJjMu7uGKyZlVAvl9gOraSU1B9V7rIcx2w0tDw=='),
(1064, 1, '2017-04-01 23:27:16', 1, 'D2ImtgmYh+Wcdc1KGNdUmfCEIJh2hp1DlHMRBNf6wbNdLkDAXZA3vtUqM38g9KWCQ2vuIbgVtAI='),
(1065, 1, '2017-04-01 23:27:37', 1, 'Gl5CdBgnfRq8wY4882B1HxpVb0MTbG+YVrsBrSwvdz8mIyAQhJjMu5Y+mQl5h7al2vjG//N2EMl7rIcx2w0tDw=='),
(1066, 1, '2017-04-01 23:27:46', 1, '6vkTecTniNwFvJqf4Oqo2vCEIJh2hp1DlHMRBNf6wbNdLkDAXZA3vpbT2VTNO8ZjQ2vuIbgVtAI='),
(1067, 1, '2017-04-01 23:31:33', 1, 'JBkx0ZUX3SVoCuY4aMlTIxpVb0MTbG+YVrsBrSwvdz8mIyAQhJjMu9DZC0s3JsGto6RMWM88+g17rIcx2w0tDw=='),
(1068, 1, '2017-04-01 23:35:51', 1, 'XFZ0vK/kRCCPqx6Xker1XBpVb0MTbG+YVrsBrSwvdz8mIyAQhJjMu/kRRm1K7eMbe+BWIvokDvB7rIcx2w0tDw=='),
(1069, 1, '2017-04-01 23:38:44', 1, 'pfh0IW5OQukVQmDJilcn0hpVb0MTbG+YVrsBrSwvdz8mIyAQhJjMu3Dw5NQHYoAH9gOraSU1B9V7rIcx2w0tDw=='),
(1070, 1, '2017-04-01 23:46:12', 1, '1hn93hzYyX6RNlAWk3DsaRpVb0MTbG+YVrsBrSwvdz8mIyAQhJjMu7So79MHPMJFjgieV96+Sgt7rIcx2w0tDw=='),
(1071, 1, '2017-04-01 23:49:26', 1, 'yKKT9omupbgiq1iZtkQPYxpVb0MTbG+YVrsBrSwvdz8mIyAQhJjMuxLvAFfSkT/89gOraSU1B9V7rIcx2w0tDw=='),
(1072, 1, '2017-04-01 23:52:24', 1, '7xuvXC813Wger3q+dl+FpRpVb0MTbG+YVrsBrSwvdz8mIyAQhJjMu/CoEEnG15xXfXcyrElWFOp7rIcx2w0tDw=='),
(1073, 1, '2017-04-01 23:55:43', 1, 'Ks8+VyqZ+d5cKqyFYsOIScMhOnV2AhNfLn6K1diH+USMRzDA7AnzRMmAyP0CtkkuAFMR4DND6bejpCYXi+iOng=='),
(1074, 1, '2017-04-01 23:58:33', 1, 'FNWFL6fQFRScdc1KGNdUmfCEIJh2hp1DlHMRBNf6wbNdLkDAXZA3vsvXBFDkGkc4Q2vuIbgVtAI='),
(1075, 1, '2017-04-01 23:58:54', 1, 'BUKXBS1O8fGlGrdJdcRAi8MhOnV2AhNfLn6K1diH+USMRzDA7AnzRAPmOfQc7cQQCxdWkHuO4TijpCYXi+iOng=='),
(1076, 1, '2017-04-02 00:02:19', 1, 'NJIueSbyJdUfdfIYZnJFiRpVb0MTbG+YVrsBrSwvdz8mIyAQhJjMu/wOAi0TK9ccAxa65VqdYJx7rIcx2w0tDw=='),
(1077, 1, '2017-04-02 00:08:55', 1, 'kipD3Hr4grdVvG6liLGVDMMhOnV2AhNfLn6K1diH+USMRzDA7AnzROu/mZOmTH9OAO+hDYEg9zGjpCYXi+iOng=='),
(1078, 1, '2017-04-02 00:43:18', 1, 'csCBymYD5ON+jQ7XfX1GksMhOnV2AhNfLn6K1diH+USMRzDA7AnzRHcQCwTXuia5dnuP0Zra5dKjpCYXi+iOng=='),
(1079, 1, '2017-04-02 00:51:03', 1, 'HdHmgw1iUHAOxK+Y428j/xpVb0MTbG+YVrsBrSwvdz8mIyAQhJjMu2/Y28rwkiszfXcyrElWFOp7rIcx2w0tDw=='),
(1080, 1, '2017-04-02 00:57:04', 1, 'Tsmz1fpo03rV6zK9X6wmwBpVb0MTbG+YVrsBrSwvdz8mIyAQhJjMu0V1XDoE8ed12vjG//N2EMl7rIcx2w0tDw=='),
(1081, 1, '2017-04-02 01:01:33', 1, 'AzCkSRRVgvsD06whsGJLw8MhOnV2AhNfLn6K1diH+USMRzDA7AnzRBuLJjJQVhJa2B4YffY2vnOjpCYXi+iOng=='),
(1082, 1, '2017-04-02 01:04:20', 1, 'RcUl44AEFHy8GZhmOdlkeBpVb0MTbG+YVrsBrSwvdz8mIyAQhJjMuxkcuT0KVHV12vjG//N2EMl7rIcx2w0tDw=='),
(1083, 1, '2017-04-02 01:07:30', 1, 'rdBJ7IUMbiAh8PjDMhPppxpVb0MTbG+YVrsBrSwvdz8mIyAQhJjMu4e1ulj7glKSa5sr9eEzTtx7rIcx2w0tDw=='),
(1084, 1, '2017-04-02 01:11:38', 1, 'hoWpUSnLs72JiooRBUXkAfCEIJh2hp1DlHMRBNf6wbNdLkDAXZA3vvfZ39Iaa/qlQ2vuIbgVtAI='),
(1085, 1, '2017-04-02 01:16:38', 1, 'v6r/TO4PlSPH2I8Zjo3YshpVb0MTbG+YVrsBrSwvdz8mIyAQhJjMu5AEBl37GwG5Axa65VqdYJx7rIcx2w0tDw=='),
(1086, 1, '2017-04-02 01:21:59', 1, 'vRhvfyFuY4iJiooRBUXkAfCEIJh2hp1DlHMRBNf6wbNdLkDAXZA3vkuqLkyPNVxoQ2vuIbgVtAI='),
(1087, 1, '2017-04-02 01:24:32', 1, 'tQw177luMBSkPWgB6Nnu5RpVb0MTbG+YVrsBrSwvdz8mIyAQhJjMuxdlrHzCbeWWLqPpQXr6sXZ7rIcx2w0tDw=='),
(1088, 1, '2017-04-02 01:26:35', 1, '5DJI5F5tSqtFX7cp/bX/dvCEIJh2hp1DlHMRBNf6wbNdLkDAXZA3vq9qfo2QaMsdQ2vuIbgVtAI='),
(1089, 1, '2017-04-02 01:27:52', 1, 'vZ2CS0paPdtizR/e1C0b4cMhOnV2AhNfLn6K1diH+USMRzDA7AnzRGq/LrLFo68jPg1aBIz4G3ijpCYXi+iOng=='),
(1090, 1, '2017-04-02 01:32:50', 1, 'kqJpECef+HHPJSvU+Lui6RpVb0MTbG+YVrsBrSwvdz8mIyAQhJjMu7e+nTYKRGFCa5sr9eEzTtx7rIcx2w0tDw=='),
(1091, 4, '2017-04-03 19:31:52', 1, 'vGf3NwuRxRAtYIblNbypXRpVb0MTbG+YVrsBrSwvdz8mIyAQhJjMuyZQLt7gYcs/AGPqbh5TyTp7rIcx2w0tDw=='),
(1092, 1, '2017-04-04 09:20:31', 1, 'fJ4UIZuRFAwn3RRqWh51OhpVb0MTbG+YVrsBrSwvdz8mIyAQhJjMuywpj5OzR0BYa5sr9eEzTtx7rIcx2w0tDw=='),
(1093, 1, '2017-04-04 09:21:48', 1, '3OrpUBlkpyucdc1KGNdUmfCEIJh2hp1DlHMRBNf6wbNVxa2XcK/PAiBVv/7gJxZfQ2vuIbgVtAI='),
(1094, 2, '2017-04-04 09:31:53', 1, 'tRQjEBdKNL6aKKuu5QyS/vCEIJh2hp1DlHMRBNf6wbNVxa2XcK/PAt8ikoUTg4BFxgqumPIZbXs='),
(1095, 1, '2017-04-04 09:32:28', 1, 'Frg+zbGQ6LhFX7cp/bX/dvCEIJh2hp1DlHMRBNf6wbNVxa2XcK/PAoq8+fnhOSFAQ2vuIbgVtAI='),
(1096, 1, '2017-04-04 09:35:57', 1, 'NLOM6sIpFlB2Elwr5YKgwBpVb0MTbG+YVrsBrSwvdz8mIyAQhJjMu+Fuese+UbZcjgieV96+Sgt7rIcx2w0tDw=='),
(1097, 1, '2017-04-04 09:39:25', 1, '+uwNa3TEew0FvJqf4Oqo2vCEIJh2hp1DlHMRBNf6wbNVxa2XcK/PAjPM+SswaeifQ2vuIbgVtAI='),
(1098, 2, '2017-04-04 09:39:39', 1, 'dhasbYXcLGMFvJqf4Oqo2vCEIJh2hp1DlHMRBNf6wbNVxa2XcK/PAjf2KNsn7x1TxgqumPIZbXs='),
(1099, 2, '2017-04-04 09:45:14', 1, 'CTKEMy9BjrvhovUNGvnwHsMhOnV2AhNfLn6K1diH+USMRzDA7AnzRMp2+DIOrQiYyzbww5Qxu7WjpCYXi+iOng=='),
(1100, 2, '2017-04-04 11:40:07', 1, 'VSKGseqztpk4DxjkJRsktBpVb0MTbG+YVrsBrSwvdz8mIyAQhJjMuy3OCSRjG1zXWvTR2HFoVmN7rIcx2w0tDw=='),
(1101, 1, '2017-04-04 12:25:46', 1, 'dWpc24JNoYdkefh37n0QAPCEIJh2hp1DlHMRBNf6wbNVxa2XcK/PAjvMki6DN17RQ2vuIbgVtAI='),
(1102, 1, '2017-04-04 12:31:51', 1, 'D+evCDleukR2qpmYBSIlZMMhOnV2AhNfLn6K1diH+USMRzDA7AnzRIP+67YCEzSH0BsABoLDsnqjpCYXi+iOng=='),
(1103, 1, '2017-04-04 12:40:09', 1, 'IhauYTbd33hUpgEgnkF6t8MhOnV2AhNfLn6K1diH+USMRzDA7AnzRJJGes0oVx/EQbB79pRSMHujpCYXi+iOng=='),
(1104, 1, '2017-04-04 12:42:01', 1, 'toaj8vUBTITfpAsHNTuewPCEIJh2hp1DlHMRBNf6wbNVxa2XcK/PAuZXmuISQkN7Q2vuIbgVtAI='),
(1105, 1, '2017-04-04 12:55:57', 1, '8+MdAwWyU2757vV5k2ZKOPCEIJh2hp1DlHMRBNf6wbNVxa2XcK/PAm9z7rHirwkPQ2vuIbgVtAI='),
(1106, 1, '2017-04-04 13:15:28', 1, '8w9SI7B26jMVQmDJilcn0hpVb0MTbG+YVrsBrSwvdz8mIyAQhJjMu70uaJINYXASfXcyrElWFOp7rIcx2w0tDw=='),
(1107, 1, '2017-04-04 13:22:09', 1, '7s8ZO0hH7ErBqnScqOQ+GBpVb0MTbG+YVrsBrSwvdz8mIyAQhJjMuzEFDHxVtwqme+BWIvokDvB7rIcx2w0tDw=='),
(1108, 1, '2017-04-04 13:24:58', 1, '2WI/93M88fz6JVw7taRAnxpVb0MTbG+YVrsBrSwvdz8mIyAQhJjMu1x7HTwEepWOfXcyrElWFOp7rIcx2w0tDw=='),
(1109, 2, '2017-04-04 13:48:24', 1, 'EuBBMqKW+AIG9PSMsOb3rRpVb0MTbG+YVrsBrSwvdz8mIyAQhJjMuwdaiVM6iV4OWvTR2HFoVmN7rIcx2w0tDw=='),
(1110, 1, '2017-04-04 14:29:44', 1, 'gFL63a/E1sBFX7cp/bX/dvCEIJh2hp1DlHMRBNf6wbNVxa2XcK/PAlUmhKKrVqiYQ2vuIbgVtAI='),
(1111, 1, '2017-04-04 14:30:12', 1, '6DjcuvPAO+mQjQ8QwMw5BBpVb0MTbG+YVrsBrSwvdz8mIyAQhJjMu4UEjAioA3Sfa5sr9eEzTtx7rIcx2w0tDw=='),
(1112, 1, '2017-04-04 16:47:03', 1, 'hHxLXDJ2//mk/g4JMqANfsMhOnV2AhNfLn6K1diH+USMRzDA7AnzRDIxx3AAWJ2YDzH6DVOVi/CjpCYXi+iOng=='),
(1113, 4, '2017-04-04 20:47:42', 1, 'T93UfsiPdC2VLX4hnG5HJ8MhOnV2AhNfLn6K1diH+USMRzDA7AnzRJYUiRy11B5QuDv9siOUU1ejpCYXi+iOng=='),
(1114, 4, '2017-04-04 20:56:42', 1, 'JVDlGRD6v9bu2NTYRX5IXhpVb0MTbG+YVrsBrSwvdz8mIyAQhJjMu+SGPCCL9L91YSGa5oeMma97rIcx2w0tDw=='),
(1115, 4, '2017-04-04 21:00:38', 1, 'ibHdU9m82ezBqnScqOQ+GBpVb0MTbG+YVrsBrSwvdz8mIyAQhJjMu4Pd6Jv9/7E7nXsIIyz1fL17rIcx2w0tDw=='),
(1116, 4, '2017-04-04 21:01:31', 1, 'ijf7SoQRjTGGJs4u2C2m6MMhOnV2AhNfLn6K1diH+USMRzDA7AnzRPNq179q8qbRs27IzmZg1TKjpCYXi+iOng=='),
(1117, 4, '2017-04-04 21:41:44', 1, 'EYaXzktTM4Ocdc1KGNdUmfCEIJh2hp1DlHMRBNf6wbNtCVruxeK0CM6YStkgDdDL50DG4eNqeIs='),
(1118, 4, '2017-04-04 21:42:25', 1, 'J1ZS7aIDQr0vCQ7quj+1lxpVb0MTbG+YVrsBrSwvdz8mIyAQhJjMu7zyZc1bsSRmYSGa5oeMma97rIcx2w0tDw=='),
(1119, 4, '2017-04-04 21:44:12', 1, 'dhXDsqEu5Q4kbQDN72KdRBpVb0MTbG+YVrsBrSwvdz8mIyAQhJjMu7k43cYoAQFfeuSXyfYFIOx7rIcx2w0tDw=='),
(1120, 4, '2017-04-04 21:56:25', 1, '8D2SmtRkjVlkefh37n0QAPCEIJh2hp1DlHMRBNf6wbNtCVruxeK0CEtf8ZNU4CkW50DG4eNqeIs='),
(1121, 97, '2017-04-04 21:57:54', 1, 'nPxOIvdIUT/fpAsHNTuewPCEIJh2hp1DlHMRBNf6wbNtCVruxeK0CONG6UczBLZbtSQK4PJA6AU='),
(1122, 7, '2017-04-04 22:06:06', 1, 'tS+5G7qhUjJWnSwG/16FoMMhOnV2AhNfLn6K1diH+USMRzDA7AnzRLjwDRG+EPdrVbfKpKcnRjejpCYXi+iOng=='),
(1123, 1, '2017-04-04 22:06:45', 1, 'v/qbHB08+pJFX7cp/bX/dvCEIJh2hp1DlHMRBNf6wbNtCVruxeK0CCbLmRtSeJXlQ2vuIbgVtAI='),
(1124, 8, '2017-04-04 22:09:23', 1, '2T4uSJhxSLSsNB5kUAOU48MhOnV2AhNfLn6K1diH+USMRzDA7AnzREb+BB5fvhhVBu43mU8PBFCjpCYXi+iOng=='),
(1125, 1, '2017-04-04 23:24:02', 1, 'BKLlEVy2OAcFvJqf4Oqo2vCEIJh2hp1DlHMRBNf6wbNtCVruxeK0CCupvs6NUk7mQ2vuIbgVtAI='),
(1126, 1, '2017-04-04 23:27:24', 1, 'ot/5MY7mZlIvCQ7quj+1lxpVb0MTbG+YVrsBrSwvdz8mIyAQhJjMuw4eGCt5vrtga5sr9eEzTtx7rIcx2w0tDw=='),
(1127, 1, '2017-04-04 23:28:22', 1, 'H9hmQt/s2UkpLOy6mnwHqxpVb0MTbG+YVrsBrSwvdz8mIyAQhJjMu8OlpL9J6pmto6RMWM88+g17rIcx2w0tDw=='),
(1128, 2, '2017-04-04 23:29:42', 1, 'mDXwa1iw1lz+oyfToERYWsMhOnV2AhNfLn6K1diH+USMRzDA7AnzRM9R8v6I0ThcYgpDKZJGnLajpCYXi+iOng=='),
(1129, 2, '2017-04-04 23:31:56', 1, '63wkJhlZxx1FX7cp/bX/dvCEIJh2hp1DlHMRBNf6wbNtCVruxeK0CONejy+GF2A1xgqumPIZbXs='),
(1130, 3, '2017-04-04 23:33:12', 1, 'pw3s1aACB/dZT4hWlbWONMMhOnV2AhNfLn6K1diH+USMRzDA7AnzRM6x3S9nYRbU3eVMUqocZ9mjpCYXi+iOng=='),
(1131, 3, '2017-04-04 23:33:39', 1, '+L66YQ39QidH1WD61bnMghpVb0MTbG+YVrsBrSwvdz8mIyAQhJjMu0KpHERSp8zTW0A5K+jFMmF7rIcx2w0tDw=='),
(1132, 1, '2017-04-04 23:34:14', 1, 'fdRHZjrHxY8Qinhmozq6n8MhOnV2AhNfLn6K1diH+USMRzDA7AnzRFUQG/GBDcJsAgfHEGDfAn+jpCYXi+iOng=='),
(1133, 1, '2017-04-05 00:28:59', 1, '4VwH53cXbosjwwLnuLhMqRpVb0MTbG+YVrsBrSwvdz8mIyAQhJjMu0UeTQC+ekl0o6RMWM88+g17rIcx2w0tDw=='),
(1134, 1, '2017-04-05 00:29:10', 1, 'YPbtYwNwgcv2ybn3DaguWBpVb0MTbG+YVrsBrSwvdz8mIyAQhJjMuxqpLx0+kKvljgieV96+Sgt7rIcx2w0tDw=='),
(1135, 1, '2017-04-05 00:29:35', 1, '5AvR09TTMdsFnqraJt81vsMhOnV2AhNfLn6K1diH+USMRzDA7AnzRCKRjXa/HwTs/PrHNyeaUVGjpCYXi+iOng=='),
(1136, 1, '2017-04-05 00:31:19', 1, 'KFjoelAKfwEu8Yd3xjV6msMhOnV2AhNfLn6K1diH+USMRzDA7AnzRFuTAVXqXWmrAO+hDYEg9zGjpCYXi+iOng=='),
(1137, 1, '2017-04-05 00:34:06', 1, '9eqhqRtQvcfH4cdbq8m2XhpVb0MTbG+YVrsBrSwvdz8mIyAQhJjMu9jB/eAHEq1jLqPpQXr6sXZ7rIcx2w0tDw=='),
(1138, 1, '2017-04-05 00:35:44', 1, '2lcqcyU+G3Au+boPRBxDsMMhOnV2AhNfLn6K1diH+USMRzDA7AnzRDjf5qC/dcoks9JVCsfHDjujpCYXi+iOng=='),
(1139, 1, '2017-04-05 00:37:17', 1, 'bhUmbVFyeKbu2NTYRX5IXhpVb0MTbG+YVrsBrSwvdz8mIyAQhJjMu3lM0Mxz7/qve+BWIvokDvB7rIcx2w0tDw=='),
(1140, 1, '2017-04-05 00:41:33', 1, 'U60YK8iHjg7fpAsHNTuewPCEIJh2hp1DlHMRBNf6wbNtCVruxeK0CPg5rxWGwQq6Q2vuIbgVtAI='),
(1141, 1, '2017-04-05 00:48:23', 1, 'Nlgr8TPXfcffpAsHNTuewPCEIJh2hp1DlHMRBNf6wbNtCVruxeK0CIN1yBkkJ/sVQ2vuIbgVtAI='),
(1142, 1, '2017-04-05 00:56:02', 1, 'n8qwsRmZJncr3sYbBLmObhpVb0MTbG+YVrsBrSwvdz8mIyAQhJjMu7OxA+KwuGTx2vjG//N2EMl7rIcx2w0tDw=='),
(1143, 1, '2017-04-05 01:18:21', 1, 'a8d4tEU2q/mlrOpOKGYOnhpVb0MTbG+YVrsBrSwvdz8mIyAQhJjMu58LTcY4fQZ3jgieV96+Sgt7rIcx2w0tDw=='),
(1144, 1, '2017-04-05 01:24:32', 1, '5t8AK7Ol4aicdc1KGNdUmfCEIJh2hp1DlHMRBNf6wbNtCVruxeK0CLKLafgLNRlhQ2vuIbgVtAI='),
(1145, 1, '2017-04-05 01:45:12', 1, '1puWeTOuq384azgRnmar+vCEIJh2hp1DlHMRBNf6wbNtCVruxeK0CPx6reASQ/JgQ2vuIbgVtAI='),
(1146, 1, '2017-04-05 02:03:55', 1, '6b8aDykvuwVYQONA+8Zu4BpVb0MTbG+YVrsBrSwvdz8mIyAQhJjMuwGfeKFhnXb8e+BWIvokDvB7rIcx2w0tDw=='),
(1147, 1, '2017-04-05 02:06:37', 1, 'oG6V+rZU9Dc4azgRnmar+vCEIJh2hp1DlHMRBNf6wbNtCVruxeK0CKZxXT6zL9BmQ2vuIbgVtAI='),
(1148, 1, '2017-04-05 02:19:49', 1, 'UjXzYOJlAhxkefh37n0QAPCEIJh2hp1DlHMRBNf6wbNtCVruxeK0CFxYnLz6lyrzQ2vuIbgVtAI='),
(1149, 1, '2017-04-05 02:25:59', 1, 'lC8x5B66/3/fpAsHNTuewPCEIJh2hp1DlHMRBNf6wbNtCVruxeK0CCPwUzDFL5SXQ2vuIbgVtAI='),
(1150, 1, '2017-04-05 02:32:04', 1, 'OcQHRhHOBdJFX7cp/bX/dvCEIJh2hp1DlHMRBNf6wbNtCVruxeK0CCq7k8sGx0J9Q2vuIbgVtAI='),
(1151, 1, '2017-04-05 02:39:11', 1, 'z5oD2QCJgQajmWuxPdPutRpVb0MTbG+YVrsBrSwvdz8mIyAQhJjMu6UavoO1zHuQAxa65VqdYJx7rIcx2w0tDw=='),
(1152, 1, '2017-04-05 02:44:00', 1, 'beL9yeB4QOVvJ4/BvNQ4TPCEIJh2hp1DlHMRBNf6wbNtCVruxeK0CA9eXZSPLGNZQ2vuIbgVtAI='),
(1153, 1, '2017-04-05 02:53:55', 1, '50dL+9L/ouokbQDN72KdRBpVb0MTbG+YVrsBrSwvdz8mIyAQhJjMu0Rh9GHSVW6Ko6RMWM88+g17rIcx2w0tDw=='),
(1154, 90, '2017-04-05 10:42:56', 1, 'B2+r8xW67GyjWg2mXJMZCBpVb0MTbG+YVrsBrSwvdz8mIyAQhJjMu0OJTcj7zym4ZyUo2d9pQ0x7rIcx2w0tDw=='),
(1155, 90, '2017-04-05 10:44:45', 1, '78pmM8aYd5elrOpOKGYOnhpVb0MTbG+YVrsBrSwvdz8mIyAQhJjMu653Y9VkU5NpbUrmYXDKgVV7rIcx2w0tDw=='),
(1156, 90, '2017-04-05 10:44:59', 1, 'MdLvJX201O2QjQ8QwMw5BBpVb0MTbG+YVrsBrSwvdz8mIyAQhJjMu3e/ChKScjhsiCiv8dJSDTd7rIcx2w0tDw=='),
(1157, 98, '2017-04-05 10:47:07', 1, 'KGD2gIJqGuZxxLcFnbxuYRpVb0MTbG+YVrsBrSwvdz8mIyAQhJjMu0TcRXYGrmYVUtEcQhFBa917rIcx2w0tDw=='),
(1158, 90, '2017-04-05 10:53:09', 1, '/7dGgf4WqokoAXhTEdhBFRpVb0MTbG+YVrsBrSwvdz8mIyAQhJjMu7n/owy9PFPfiCiv8dJSDTd7rIcx2w0tDw=='),
(1159, 98, '2017-04-05 10:54:01', 1, 'gkwtB8/mZSoKdxPAUrY4NxpVb0MTbG+YVrsBrSwvdz8mIyAQhJjMuz1Y0FCZBoBbWBRfPPUKc0h7rIcx2w0tDw=='),
(1160, 90, '2017-04-05 10:54:45', 1, 'pwkPbsKO+S7LhfMP/iTVl8MhOnV2AhNfLn6K1diH+USMRzDA7AnzRHHZ1BCKUSv2LVYzkeOhD72jpCYXi+iOng=='),
(1161, 98, '2017-04-05 10:59:08', 1, 'uWC8bsez0WlvJ4/BvNQ4TPCEIJh2hp1DlHMRBNf6wbNtCVruxeK0CJyMAiw4y9oLx4+oOlj+0uI='),
(1162, 98, '2017-04-05 11:05:19', 1, 'XEEqvnn3s8A1A5ua0tG4yMMhOnV2AhNfLn6K1diH+USMRzDA7AnzRAFok1V+/LhMIl298dwcN4ejpCYXi+iOng=='),
(1163, 90, '2017-04-05 11:18:06', 1, 'zYEzLY0jLKZ7BDDr+d7eVcMhOnV2AhNfLn6K1diH+USMRzDA7AnzRB97hJXcAXPW6ZxNJw90FyGjpCYXi+iOng=='),
(1164, 98, '2017-04-05 11:19:26', 1, 'TOoTq0DoQPuJiooRBUXkAfCEIJh2hp1DlHMRBNf6wbNtCVruxeK0CDVWe2ftokzax4+oOlj+0uI='),
(1165, 90, '2017-04-05 12:02:51', 1, 'xpmOoQUxAAgT7EQ0PyB27sMhOnV2AhNfLn6K1diH+USMRzDA7AnzRMrbAkTh7SoFjKjs189vvSmjpCYXi+iOng=='),
(1166, 90, '2017-04-05 12:09:26', 1, 'wt7CLdMR5FuS+YQp0FdqVcMhOnV2AhNfLn6K1diH+USMRzDA7AnzRJuo2lOuQwCvrHRVDIIoubijpCYXi+iOng=='),
(1167, 90, '2017-04-05 12:15:12', 1, 'Z5sgC0zEVzQFvJqf4Oqo2vCEIJh2hp1DlHMRBNf6wbNtCVruxeK0CGQUn9mcR8I/da1D0LoBohI='),
(1168, 90, '2017-04-05 12:15:31', 1, 'umCbmCbmwSU0khjQp0/dGRpVb0MTbG+YVrsBrSwvdz8mIyAQhJjMu7CfRYweMiN3cXxxeQ9ViKp7rIcx2w0tDw=='),
(1169, 90, '2017-04-05 12:16:01', 1, '9CxFQt0poaMFvJqf4Oqo2vCEIJh2hp1DlHMRBNf6wbNtCVruxeK0CC/T3WDWkOoDda1D0LoBohI='),
(1170, 90, '2017-04-05 12:16:44', 1, 'J1Y8UifSxjbEHpxdPnahS8MhOnV2AhNfLn6K1diH+USMRzDA7AnzRK0NExyY5FZFez7j4jYRu2ajpCYXi+iOng=='),
(1171, 90, '2017-04-05 12:29:14', 1, 'rE8bDpjMDbsiq1iZtkQPYxpVb0MTbG+YVrsBrSwvdz8mIyAQhJjMuyx+IrScRykKSBJPFPBB3Tx7rIcx2w0tDw=='),
(1172, 98, '2017-04-05 12:29:41', 1, 'mEe7SdGFNFZ0FlYq0efsHsMhOnV2AhNfLn6K1diH+USMRzDA7AnzRLvjU9ABKom+pMtYo9xzmGqjpCYXi+iOng=='),
(1173, 90, '2017-04-05 14:18:33', 1, 'CfqDSV4zbNlWjtume09gFxpVb0MTbG+YVrsBrSwvdz8mIyAQhJjMuwbN5HreCoKu+KYYbnpQSUl7rIcx2w0tDw=='),
(1174, 98, '2017-04-05 14:18:52', 1, 'C1Cm5zgSPMBjhbCgf06jihpVb0MTbG+YVrsBrSwvdz8mIyAQhJjMu4uUI1jb5Ob4Xbc04mx42wF7rIcx2w0tDw=='),
(1175, 90, '2017-04-05 14:32:39', 1, 'QOHXaZ1xC+T57vV5k2ZKOPCEIJh2hp1DlHMRBNf6wbNtCVruxeK0CFAY6by0BhEUda1D0LoBohI='),
(1176, 90, '2017-04-05 14:34:06', 1, 'RQ5G5aad7JJCIr9J/GerUhpVb0MTbG+YVrsBrSwvdz8mIyAQhJjMu2FT3+XrVtE1eKiiFHuFZGV7rIcx2w0tDw=='),
(1177, 90, '2017-04-05 14:38:49', 1, 'tCuksMHGnEEm7hjqY6evYsMhOnV2AhNfLn6K1diH+USMRzDA7AnzRAcdbVomln+j6ZxNJw90FyGjpCYXi+iOng=='),
(1178, 90, '2017-04-05 14:45:33', 1, 'e75kQDK8AN0lxGELNMXJksMhOnV2AhNfLn6K1diH+USMRzDA7AnzRCohxlJtD3qL8BqY/bFd8sSjpCYXi+iOng=='),
(1179, 90, '2017-04-05 15:58:48', 1, 'YnAsK7Iil5yRNlAWk3DsaRpVb0MTbG+YVrsBrSwvdz8mIyAQhJjMuzO7XhnkOXGXcXxxeQ9ViKp7rIcx2w0tDw=='),
(1180, 98, '2017-04-05 16:00:29', 1, 'aiLb766N1fZkZ72MoymfCsMhOnV2AhNfLn6K1diH+USMRzDA7AnzREEvfMwbB3y5VaNqzLU+uESjpCYXi+iOng=='),
(1181, 90, '2017-04-05 17:22:08', 1, 'BbDHuKsxrJDtq8DIELr0YhpVb0MTbG+YVrsBrSwvdz8mIyAQhJjMu4boraFwa8w/SBJPFPBB3Tx7rIcx2w0tDw=='),
(1182, 1, '2017-04-05 17:22:26', 1, '6FG6eDEz3TAh8PjDMhPppxpVb0MTbG+YVrsBrSwvdz8mIyAQhJjMu1wofOwOxjjLjgieV96+Sgt7rIcx2w0tDw=='),
(1183, 1, '2017-04-05 17:25:41', 1, 'L2hyw0+pPGrm2hqRa6YemhpVb0MTbG+YVrsBrSwvdz8mIyAQhJjMu4wWscmXB2Ad2vjG//N2EMl7rIcx2w0tDw=='),
(1184, 1, '2017-04-05 17:45:49', 1, 'cfkPzL+/KFRFX7cp/bX/dvCEIJh2hp1DlHMRBNf6wbNtCVruxeK0COj9c2n5lVbSQ2vuIbgVtAI='),
(1185, 1, '2017-04-05 20:39:57', 1, 'Zz32OVAzqPO0XzidP23ZKBpVb0MTbG+YVrsBrSwvdz8mIyAQhJjMuw4GiJsVRI1io6RMWM88+g17rIcx2w0tDw=='),
(1186, 1, '2017-04-05 20:41:35', 1, '+sk32v9xt/FrndvN5pyBA8MhOnV2AhNfLn6K1diH+USMRzDA7AnzRF57r4oW1U7U2B4YffY2vnOjpCYXi+iOng=='),
(1187, 98, '2017-04-05 20:51:26', 1, 'VLDoweladDge6mKqzymR2wfQTXCRgijLj0hslw33O9xmIpsnl1d7nMd0jPJjg0lCCR4/bu+KH8k='),
(1188, 90, '2017-04-05 20:55:16', 1, 'ehqyMKcgnoQRs0zXdeY9ucMhOnV2AhNfLn6K1diH+USMRzDA7AnzROoDJp9Jh6h1PngEMu+RjZyjpCYXi+iOng=='),
(1189, 98, '2017-04-05 20:57:29', 1, '0IvvJLGHxG52Elwr5YKgwBpVb0MTbG+YVrsBrSwvdz8mIyAQhJjMu7G14zRVw6d1UctfdBUsD817rIcx2w0tDw=='),
(1190, 90, '2017-04-05 21:27:05', 1, '3nCKJ2FXEMvUCT/2FsSjKsMhOnV2AhNfLn6K1diH+USMRzDA7AnzRPhwrFHLlxDL3MaNf4hWF7ijpCYXi+iOng=='),
(1191, 90, '2017-04-05 21:27:35', 1, '6c4I6sjaTjJ5XhPvH0cdbBpVb0MTbG+YVrsBrSwvdz8mIyAQhJjMu/PqNnWBE2cDeKiiFHuFZGV7rIcx2w0tDw=='),
(1192, 98, '2017-04-06 08:26:56', 1, 'mKllPKRaMqyPqx6Xker1XBpVb0MTbG+YVrsBrSwvdz8mIyAQhJjMuzlWIDFtTkjk+QsQ6cob/SZ7rIcx2w0tDw=='),
(1193, 98, '2017-04-06 08:28:43', 1, 'a37PgS2v4NNFX7cp/bX/dvCEIJh2hp1DlHMRBNf6wbMzsrBuPc2whVM9r6KcnEGCx4+oOlj+0uI='),
(1194, 98, '2017-04-06 08:30:01', 1, 'jFD+F+IV8444azgRnmar+vCEIJh2hp1DlHMRBNf6wbMzsrBuPc2whdxNwhzWvf7vx4+oOlj+0uI='),
(1195, 98, '2017-04-06 08:35:08', 1, 'EWGM0ItgdVIe6mKqzymR2wfQTXCRgijLj0hslw33O9wY81ckF984gqXAhikx4ioTCR4/bu+KH8k='),
(1196, 4, '2017-04-06 08:42:17', 1, 'v89J6cbAD36jWg2mXJMZCBpVb0MTbG+YVrsBrSwvdz8mIyAQhJjMu6x5h/HKEU5AxOc+r3tJ67p7rIcx2w0tDw=='),
(1197, 4, '2017-04-06 08:43:52', 1, '4H3Ylehl4L3NGw3/clra9MMhOnV2AhNfLn6K1diH+USMRzDA7AnzRK2v5HO98xnRIq3AK3aE2aijpCYXi+iOng=='),
(1198, 1, '2017-04-06 09:17:48', 1, 'FEZOyozOz5N5TvEs/sgsPcMhOnV2AhNfLn6K1diH+USMRzDA7AnzRLgPDms7Q4yj+tjX/fWp7fajpCYXi+iOng=='),
(1199, 1, '2017-04-06 09:19:21', 1, '+tpidC55ljQTtS0YSLt9QcMhOnV2AhNfLn6K1diH+USMRzDA7AnzRCigN7+8jNKFxxXsXpIZawKjpCYXi+iOng=='),
(1200, 1, '2017-04-06 09:22:44', 1, '/7M1KuJgujmf5szJ3HvdNhpVb0MTbG+YVrsBrSwvdz8mIyAQhJjMu+8N7b5soWI62vjG//N2EMl7rIcx2w0tDw=='),
(1201, 1, '2017-04-06 09:40:09', 1, '62bP65iXg7357vV5k2ZKOPCEIJh2hp1DlHMRBNf6wbMzsrBuPc2whXCQDuFD6vyCQ2vuIbgVtAI='),
(1202, 1, '2017-04-06 09:41:23', 1, 'UJEmffgmwJ3H4cdbq8m2XhpVb0MTbG+YVrsBrSwvdz8mIyAQhJjMu+BDOHJ2Kd5Yo6RMWM88+g17rIcx2w0tDw=='),
(1203, 1, '2017-04-06 09:58:15', 1, 'B0txTILi09eaKKuu5QyS/vCEIJh2hp1DlHMRBNf6wbMzsrBuPc2whQZUcs71GQT1Q2vuIbgVtAI='),
(1204, 1, '2017-04-06 09:59:38', 1, 'Q2KNwcrgtvfs4kK75iMnQRpVb0MTbG+YVrsBrSwvdz8mIyAQhJjMuxLdee9r6A/Ke+BWIvokDvB7rIcx2w0tDw=='),
(1205, 7, '2017-04-06 14:32:55', 1, 'U+LtnzEgtd0r3sYbBLmObhpVb0MTbG+YVrsBrSwvdz8mIyAQhJjMuzQ7K4WeaZjbh7xPJqYX1I57rIcx2w0tDw=='),
(1206, 8, '2017-04-06 14:34:07', 1, '2JtHzcPUyK+lrOpOKGYOnhpVb0MTbG+YVrsBrSwvdz8mIyAQhJjMu27Jcsegk/eJgpvRxMP2W8N7rIcx2w0tDw=='),
(1207, 8, '2017-04-06 17:15:25', 1, '15TGwCh0ev5oCuY4aMlTIxpVb0MTbG+YVrsBrSwvdz8mIyAQhJjMu1wucetcn1QmDe3jLrdNasd7rIcx2w0tDw=='),
(1208, 8, '2017-04-06 18:58:52', 1, '6GAhc84kd78fdfIYZnJFiRpVb0MTbG+YVrsBrSwvdz8mIyAQhJjMu9dHannikNJZDe3jLrdNasd7rIcx2w0tDw=='),
(1209, 8, '2017-04-06 21:59:10', 1, 'EF2yw4SXQT7p3sw52m4jBRpVb0MTbG+YVrsBrSwvdz8mIyAQhJjMu8R3VUw1OZNh5MDXVXecq4B7rIcx2w0tDw=='),
(1210, 98, '2017-04-06 21:59:46', 1, 'FGgKQHi1AEXOPUIjdYDnchpVb0MTbG+YVrsBrSwvdz8mIyAQhJjMuxrCig7UY6ha1GL4xJS8Gjt7rIcx2w0tDw=='),
(1211, 1, '2017-04-06 22:03:24', 1, 'sNlarWIUqePGqPpI5FhLCRpVb0MTbG+YVrsBrSwvdz8mIyAQhJjMu2KXcjTb7bige+BWIvokDvB7rIcx2w0tDw=='),
(1212, 1, '2017-04-06 22:05:14', 1, 'jvD3B3mWj4ApLOy6mnwHqxpVb0MTbG+YVrsBrSwvdz8mIyAQhJjMu8v2DyoVpZJtAxa65VqdYJx7rIcx2w0tDw=='),
(1213, 1, '2017-04-06 22:05:59', 1, 'DQJvK0RXzJE0OvHP08lV/8MhOnV2AhNfLn6K1diH+USMRzDA7AnzRKyGiDl86SDf1PnLRiRFLNOjpCYXi+iOng=='),
(1214, 1, '2017-04-06 22:06:40', 1, 'M2sUZzzOVXkpLOy6mnwHqxpVb0MTbG+YVrsBrSwvdz8mIyAQhJjMu/7KmkKQujXyAxa65VqdYJx7rIcx2w0tDw=='),
(1215, 1, '2017-04-06 22:11:59', 1, '5E9UCYCuQrWPqx6Xker1XBpVb0MTbG+YVrsBrSwvdz8mIyAQhJjMuyajJCu/ORGSLqPpQXr6sXZ7rIcx2w0tDw=='),
(1216, 1, '2017-04-06 22:12:04', 1, 'hlrOcl7kdpGlrOpOKGYOnhpVb0MTbG+YVrsBrSwvdz8mIyAQhJjMu3oEqyMnfTaH2vjG//N2EMl7rIcx2w0tDw=='),
(1217, 1, '2017-04-06 22:12:14', 1, '84ySCpr1/NCNP+NwKQzL4sMhOnV2AhNfLn6K1diH+USMRzDA7AnzRJbw5oxuYLj9O/XZtRdvnUKjpCYXi+iOng=='),
(1218, 98, '2017-04-06 22:14:10', 1, '0o0PV6HUCAOcdc1KGNdUmfCEIJh2hp1DlHMRBNf6wbMzsrBuPc2whZdiRXZfBk1Rx4+oOlj+0uI='),
(1219, 3, '2017-04-07 23:28:56', 1, 'lZUYVyQUrlhCIr9J/GerUhpVb0MTbG+YVrsBrSwvdz8mIyAQhJjMuxFGfYO8NDrqW0A5K+jFMmF7rIcx2w0tDw=='),
(1220, 98, '2017-04-08 15:12:06', 1, 'DF9PZYO9vvxkefh37n0QAPCEIJh2hp1DlHMRBNf6wbPONV5Zf95zLnI0gumLF7r1x4+oOlj+0uI='),
(1221, 1, '2017-04-08 15:12:45', 1, 'aa3ySth4z9YFvJqf4Oqo2vCEIJh2hp1DlHMRBNf6wbPONV5Zf95zLsQQGcrE7Bb/Q2vuIbgVtAI='),
(1222, 98, '2017-04-08 15:14:08', 1, '2NdN00x4Lk2AZSoh2obdLhpVb0MTbG+YVrsBrSwvdz8mIyAQhJjMu8bolkbAhy9ZhGlaFu4yPzt7rIcx2w0tDw=='),
(1223, 1, '2017-04-08 15:30:56', 1, 'bPcoSwqmJGPfJDbn1CsLP8MhOnV2AhNfLn6K1diH+USMRzDA7AnzRBZsaU03s5G93fmCNZfg/bCjpCYXi+iOng=='),
(1224, 1, '2017-04-08 15:41:34', 1, '6zPBpseCKbd2Elwr5YKgwBpVb0MTbG+YVrsBrSwvdz8mIyAQhJjMu/MC6HwydTXeo6RMWM88+g17rIcx2w0tDw=='),
(1225, 1, '2017-04-08 15:43:52', 1, '3jznm+BaVXfH2I8Zjo3YshpVb0MTbG+YVrsBrSwvdz8mIyAQhJjMu2ywYZqB/UKca5sr9eEzTtx7rIcx2w0tDw=='),
(1226, 1, '2017-04-08 15:45:27', 1, 'zROe4dY71SCnoBAEOR+dSRpVb0MTbG+YVrsBrSwvdz8mIyAQhJjMu9hxVYETdTV1LqPpQXr6sXZ7rIcx2w0tDw=='),
(1227, 1, '2017-04-08 15:45:34', 1, 'vpuhtG+P6rNYs0/sdN/nNMMhOnV2AhNfLn6K1diH+USMRzDA7AnzRNr7DJszBXsfdCzRslRd1qujpCYXi+iOng=='),
(1228, 1, '2017-04-08 15:45:51', 1, 'VavXZJkrGbftq8DIELr0YhpVb0MTbG+YVrsBrSwvdz8mIyAQhJjMuwlKHjDDHRAko6RMWM88+g17rIcx2w0tDw=='),
(1229, 1, '2017-04-08 15:54:11', 1, 'wZbKBFuGDlUe6mKqzymR2wfQTXCRgijLj0hslw33O9xO3k8hUM0Vb/oOsKQ1BGqX1RXzzLIInfI='),
(1230, 3, '2017-04-08 19:14:24', 1, 'LnwxA6hrWJ9RwamTgL41ohpVb0MTbG+YVrsBrSwvdz8mIyAQhJjMu9FLSQ76UqyAsynZbGAOZ+R7rIcx2w0tDw=='),
(1231, 3, '2017-04-08 19:14:32', 1, '2oNDs3RyMXHpwJSPk66VEMMhOnV2AhNfLn6K1diH+USMRzDA7AnzRMtPkg88xcn772eHBRu8tqmjpCYXi+iOng=='),
(1232, 3, '2017-04-08 19:27:22', 1, 'NEsiLTSH9doh8PjDMhPppxpVb0MTbG+YVrsBrSwvdz8mIyAQhJjMu1YEBiXw5MzOdP8AAWZ+G+N7rIcx2w0tDw=='),
(1233, 3, '2017-04-08 20:00:11', 1, 't6x+yyg831pdBTKIr8ItX8MhOnV2AhNfLn6K1diH+USMRzDA7AnzRCjndidxZaRdvH8jM+/1eNyjpCYXi+iOng=='),
(1234, 1, '2017-04-08 20:00:22', 1, 'D+XPpo3G3yeaKKuu5QyS/vCEIJh2hp1DlHMRBNf6wbPONV5Zf95zLiT5SiXmsHWpQ2vuIbgVtAI='),
(1235, 1, '2017-04-08 20:22:22', 1, 'rn7jSsqtWWxFX7cp/bX/dvCEIJh2hp1DlHMRBNf6wbPONV5Zf95zLjdwctQRd4qWQ2vuIbgVtAI='),
(1236, 1, '2017-04-08 20:22:32', 1, 'GxGXMo5/mRiaKKuu5QyS/vCEIJh2hp1DlHMRBNf6wbPONV5Zf95zLrM9z8nRyRGiQ2vuIbgVtAI='),
(1237, 1, '2017-04-08 20:26:51', 1, 'vq9fs/XTSA9zJp5ErYbSLcMhOnV2AhNfLn6K1diH+USMRzDA7AnzRJMwEzQePdGUlxclH05QLLOjpCYXi+iOng=='),
(1238, 1, '2017-04-08 20:30:32', 1, 'uhTBMoQa6kAjwwLnuLhMqRpVb0MTbG+YVrsBrSwvdz8mIyAQhJjMuxKPXsyB+CzWAxa65VqdYJx7rIcx2w0tDw=='),
(1239, 1, '2017-04-09 09:39:57', 1, 'rgmZWqgD/nWsciUc4EuE5sMhOnV2AhNfLn6K1diH+USMRzDA7AnzRFHq1wH0fpokZhObntmz4xijpCYXi+iOng=='),
(1240, 1, '2017-04-09 11:22:04', 1, 'a8bpZB4tLWgtYIblNbypXRpVb0MTbG+YVrsBrSwvdz8mIyAQhJjMu9GTB+bo+ojSmZE95gFhV357rIcx2w0tDw=='),
(1241, 1, '2017-04-09 11:41:39', 1, '7hDDyRLaqsecdc1KGNdUmfCEIJh2hp1DlHMRBNf6wbOsfpEY4xRDasLA+GvgCXqnQ2vuIbgVtAI=');
INSERT INTO `jianghu_token` (`id`, `user_id`, `time`, `state`, `token`) VALUES
(1242, 1, '2017-04-09 11:42:47', 1, 'kV8yO+eC/FQoAXhTEdhBFRpVb0MTbG+YVrsBrSwvdz8mIyAQhJjMu3jo8il2ij+g9gOraSU1B9V7rIcx2w0tDw=='),
(1243, 1, '2017-04-09 11:43:04', 1, 'SXAjL4NGwslJtuInOPcPkBpVb0MTbG+YVrsBrSwvdz8mIyAQhJjMu3h22pLrBCZw2vjG//N2EMl7rIcx2w0tDw=='),
(1244, 1, '2017-04-09 11:43:09', 1, 'gbw12HIDXIoCMgW+ZY2KzsMhOnV2AhNfLn6K1diH+USMRzDA7AnzRAD8o3t02dJiu5P5Tx/QdgCjpCYXi+iOng=='),
(1245, 1, '2017-04-11 07:23:04', 1, '6UK+FZXKy7lvJ4/BvNQ4TPCEIJh2hp1DlHMRBNf6wbMQ9DEl+z3asHCb4apAfI2wQ2vuIbgVtAI='),
(1246, 1, '2017-04-11 07:23:34', 1, 'XMfRaqrKpvSh22+lmgTItBpVb0MTbG+YVrsBrSwvdz8mIyAQhJjMuwHqZv3mPUTx2vjG//N2EMl7rIcx2w0tDw=='),
(1247, 1, '2017-04-11 07:24:24', 1, 'AE05cgv6X5dxxLcFnbxuYRpVb0MTbG+YVrsBrSwvdz8mIyAQhJjMuyHKPP6v1+y7o6RMWM88+g17rIcx2w0tDw=='),
(1248, 1, '2017-04-11 07:24:40', 1, 'ft/bPCittMQ4azgRnmar+vCEIJh2hp1DlHMRBNf6wbMQ9DEl+z3asDWS6ZuLSOFlQ2vuIbgVtAI='),
(1249, 1, '2017-04-11 07:24:51', 1, '45zTi71kFDPfpAsHNTuewPCEIJh2hp1DlHMRBNf6wbMQ9DEl+z3asATbbCfYc2o/Q2vuIbgVtAI='),
(1250, 1, '2017-04-11 07:25:22', 1, 'rg/pThzzZg/aOl8uekOssRpVb0MTbG+YVrsBrSwvdz8mIyAQhJjMu0U5r7ASpsfofXcyrElWFOp7rIcx2w0tDw=='),
(1251, 1, '2017-04-11 07:50:45', 1, 'jPL2IQqpuqveiFsR41KEQRpVb0MTbG+YVrsBrSwvdz8mIyAQhJjMu5Yf3O54jXm2a5sr9eEzTtx7rIcx2w0tDw=='),
(1252, 1, '2017-04-11 18:19:20', 1, 'SqPBwXGYXp/2ybn3DaguWBpVb0MTbG+YVrsBrSwvdz8mIyAQhJjMu16Jqjh+gj/f2vjG//N2EMl7rIcx2w0tDw=='),
(1253, 1, '2017-04-12 20:12:04', 1, '1qllD1qqzt5lKR8+Ap72zMMhOnV2AhNfLn6K1diH+USMRzDA7AnzRO4TkndHOsw8jy9pTt7yyiSjpCYXi+iOng=='),
(1254, 1, '2017-04-12 20:12:13', 1, 'BWG4GF710LG6HU35h656CsMhOnV2AhNfLn6K1diH+USMRzDA7AnzRFUg8vwqz1Vv1PnLRiRFLNOjpCYXi+iOng=='),
(1255, 1, '2017-04-12 20:12:59', 1, 'QRp5ZfbYXv04DxjkJRsktBpVb0MTbG+YVrsBrSwvdz8mIyAQhJjMu3g6OOaCzipv2vjG//N2EMl7rIcx2w0tDw=='),
(1256, 1, '2017-04-12 20:14:20', 1, 'CGPGSqExBJMZMHXqvuTBUhpVb0MTbG+YVrsBrSwvdz8mIyAQhJjMu467YTB32iSnfXcyrElWFOp7rIcx2w0tDw=='),
(1257, 1, '2017-04-12 20:16:06', 1, 'wJGFhLbxEGa6Jg7R7f1F5cMhOnV2AhNfLn6K1diH+USMRzDA7AnzRBH5kbdJzVIAcwz7PqBF0JyjpCYXi+iOng=='),
(1258, 98, '2017-04-12 20:16:37', 1, 'j8GhomtLOe0iq1iZtkQPYxpVb0MTbG+YVrsBrSwvdz8mIyAQhJjMu61UeDsP46/L+xfYO4TmStF7rIcx2w0tDw=='),
(1259, 98, '2017-04-12 20:27:54', 1, 'wyE7qici6ouyXyjL2kUvgsMhOnV2AhNfLn6K1diH+USMRzDA7AnzRHBpq/7QbHwLGXcAW+t+qhCjpCYXi+iOng=='),
(1260, 1, '2017-04-15 16:53:32', 1, 'mesK42dJ4ZgFEVEOscU6/hpVb0MTbG+YVrsBrSwvdz9ikk5GzdCg/au1mJN4RHQSmZE95gFhV357rIcx2w0tDw=='),
(1261, 1, '2017-04-16 14:01:58', 1, 'J/jKXOktwf0FEVEOscU6/hpVb0MTbG+YVrsBrSwvdz9ikk5GzdCg/RNtzvCvV3qhmZE95gFhV357rIcx2w0tDw=='),
(1262, 1, '2017-04-16 14:42:50', 1, '19tACC1ngkFvJ4/BvNQ4TPCEIJh2hp1DlHMRBNf6wbOPHU73Jnx4RBvl8vxmr96FQ2vuIbgVtAI='),
(1263, 1, '2017-04-16 14:50:21', 1, 'yZRdiYt7B5mJiooRBUXkAfCEIJh2hp1DlHMRBNf6wbOPHU73Jnx4RL9cptVihqWYQ2vuIbgVtAI='),
(1264, 1, '2017-04-16 14:53:15', 1, '6zijI7ARKoPk87M0UxQkZ8MhOnV2AhNfLn6K1diH+USMRzDA7AnzRPmZEVRTVUwBf8LSVvtRusWjpCYXi+iOng=='),
(1265, 1, '2017-04-16 14:58:34', 1, 'mP8CUN10Mn2h22+lmgTItBpVb0MTbG+YVrsBrSwvdz9ikk5GzdCg/USDBHFyzIZFAxa65VqdYJx7rIcx2w0tDw=='),
(1266, 1, '2017-04-16 15:04:44', 1, '94KNDLSA00J/4Wzm8268vhpVb0MTbG+YVrsBrSwvdz9ikk5GzdCg/Qxm3NMrHTsje+BWIvokDvB7rIcx2w0tDw=='),
(1267, 1, '2017-04-16 15:13:16', 1, 'tskq/RMMcU9mqmwDaGQAqcMhOnV2AhNfLn6K1diH+USMRzDA7AnzRO/AX+kZGx9rGq6iNRHejTOjpCYXi+iOng=='),
(1268, 1, '2017-04-16 15:26:34', 1, 'TSTyZCtT0RJoCuY4aMlTIxpVb0MTbG+YVrsBrSwvdz9ikk5GzdCg/ZJPEQuewFzI9gOraSU1B9V7rIcx2w0tDw=='),
(1269, 1, '2017-04-16 15:27:38', 1, 'HnKMyjpq8pAOZ97ElVw+dMMhOnV2AhNfLn6K1diH+USMRzDA7AnzRCHsr6M+U4P33qeM15krCqijpCYXi+iOng=='),
(1270, 1, '2017-04-16 15:31:49', 1, '/Q8YGVWlgjhA7ZbI0v1W+hpVb0MTbG+YVrsBrSwvdz9ikk5GzdCg/bLWG41XoGwr2vjG//N2EMl7rIcx2w0tDw=='),
(1271, 1, '2017-04-16 15:32:25', 1, 'sX4eNTc9sBAGDuxkpJisgsMhOnV2AhNfLn6K1diH+USMRzDA7AnzRAuvxuswwCJYoLRW3O0uJDujpCYXi+iOng=='),
(1272, 1, '2017-04-16 15:33:26', 1, '6sDy+cpemdffpAsHNTuewPCEIJh2hp1DlHMRBNf6wbOPHU73Jnx4RMO19CRC7lx+Q2vuIbgVtAI='),
(1273, 1, '2017-04-16 15:35:55', 1, 'tNrflxFHaR0pLOy6mnwHqxpVb0MTbG+YVrsBrSwvdz9ikk5GzdCg/VAPhW6fMWTNjgieV96+Sgt7rIcx2w0tDw=='),
(1274, 1, '2017-04-16 15:52:52', 1, 'ysXRIl3kdHl0z30NzTGUTsMhOnV2AhNfLn6K1diH+USMRzDA7AnzRBtUduIyy2Ah59gdd8gV0/ajpCYXi+iOng=='),
(1275, 1, '2017-04-16 15:56:28', 1, '+xEMBmATdFxizR/e1C0b4cMhOnV2AhNfLn6K1diH+USMRzDA7AnzRPu4KNrJWQ/5hBWUdQL+BQCjpCYXi+iOng=='),
(1276, 1, '2017-04-16 16:08:57', 1, 'pnRQt9e8pZjfpAsHNTuewPCEIJh2hp1DlHMRBNf6wbOPHU73Jnx4RC2tILo1g4v+Q2vuIbgVtAI='),
(1277, 1, '2017-04-16 16:41:09', 1, 'WA6javtH1JqjmWuxPdPutRpVb0MTbG+YVrsBrSwvdz9ikk5GzdCg/f4Jy8ciXcPmmZE95gFhV357rIcx2w0tDw=='),
(1278, 1, '2017-04-16 16:43:25', 1, 'Nbt3zbsTzZMVQmDJilcn0hpVb0MTbG+YVrsBrSwvdz9ikk5GzdCg/ZWakmZTRl/YAxa65VqdYJx7rIcx2w0tDw=='),
(1279, 1, '2017-04-16 18:51:32', 1, 'Ddu49/G95bMh8PjDMhPppxpVb0MTbG+YVrsBrSwvdz9ikk5GzdCg/eE34GcfcuzrAxa65VqdYJx7rIcx2w0tDw=='),
(1280, 1, '2017-04-17 22:16:45', 1, '6BcWyAcUVm9wD5q3mvuMW8MhOnV2AhNfLn6K1diH+USMRzDA7AnzRNub0DMbf96EhajzefOV0lqjpCYXi+iOng=='),
(1281, 1, '2017-04-17 22:23:06', 1, 'r9iyneI1bd9W18kE1ZcBAMMhOnV2AhNfLn6K1diH+USMRzDA7AnzRI1ZmQajCal35TTEzpr+zr6jpCYXi+iOng=='),
(1282, 1, '2017-04-17 22:26:02', 1, '/Jl1WQbWge1af40LUB8hohpVb0MTbG+YVrsBrSwvdz9ikk5GzdCg/do28CdeTqCpe+BWIvokDvB7rIcx2w0tDw=='),
(1283, 1, '2017-04-17 22:26:29', 1, '353aaD+0YPrPJSvU+Lui6RpVb0MTbG+YVrsBrSwvdz9ikk5GzdCg/S7ZKZmSg+ImfXcyrElWFOp7rIcx2w0tDw=='),
(1284, 1, '2017-04-21 19:08:53', 1, 'lYa1xJcReUsvCQ7quj+1lxpVb0MTbG+YVrsBrSwvdz9ikk5GzdCg/fA+EzeIOt6D9gOraSU1B9V7rIcx2w0tDw=='),
(1285, 1, '2017-04-21 19:09:13', 1, 'VbHoBEUf63SjmWuxPdPutRpVb0MTbG+YVrsBrSwvdz9ikk5GzdCg/TKotSnf5+M0fXcyrElWFOp7rIcx2w0tDw=='),
(1286, 1, '2017-04-22 21:26:18', 1, 'koJnwLfdvwBYQONA+8Zu4BpVb0MTbG+YVrsBrSwvdz9ikk5GzdCg/eg5HWmoBfkJo6RMWM88+g17rIcx2w0tDw=='),
(1287, 1, '2017-04-22 21:38:03', 1, '3YCrhfpAOjn1T4UjqZ1poMMhOnV2AhNfLn6K1diH+USMRzDA7AnzRHhCm078q7xXKcQheON2n/ijpCYXi+iOng=='),
(1288, 1, '2017-04-22 22:58:27', 1, '4lF0C5sJo3owxVLd5lEI08MhOnV2AhNfLn6K1diH+USMRzDA7AnzRK4cT2EqGwIfO/XZtRdvnUKjpCYXi+iOng=='),
(1289, 1, '2017-04-23 16:24:22', 1, 'F3i2TbQE43tFX7cp/bX/dvCEIJh2hp1DlHMRBNf6wbPcdHuKVYk2JoJsnhZ3q9TnQ2vuIbgVtAI='),
(1290, 98, '2017-04-25 19:35:37', 1, 'qXbbvkwoblQfqfMQneIuFcMhOnV2AhNfLn6K1diH+USMRzDA7AnzRA4IuYb1hdT0UTmskvZviy2jpCYXi+iOng=='),
(1291, 99, '2017-04-25 19:46:58', 1, 'H1oTr+uoX+TfpAsHNTuewPCEIJh2hp1DlHMRBNf6wbMnD8fRJlj4nlJGk7Px0izfE5FkfnN73o4='),
(1292, 99, '2017-04-25 19:49:51', 1, 'io951ZZSiiI1A5ua0tG4yMMhOnV2AhNfLn6K1diH+USMRzDA7AnzREd+BfMiH9E7IeRfeyWZBv6jpCYXi+iOng=='),
(1293, 98, '2017-04-25 19:51:09', 1, 'veNBY2H2F7Se+iDim4HJfRpVb0MTbG+YVrsBrSwvdz/wWSXjbWa1897pfmicBo/4+QsQ6cob/SZ7rIcx2w0tDw=='),
(1294, 99, '2017-04-25 19:54:18', 1, 'kdo7sNCrlyhx2lyTrCN57MMhOnV2AhNfLn6K1diH+USMRzDA7AnzRNjAtzPi1vRRlByQDq3DmxejpCYXi+iOng=='),
(1295, 99, '2017-04-25 21:56:03', 1, 'Xc/2+VCWN+04YXRVm8Gjs8MhOnV2AhNfLn6K1diH+USMRzDA7AnzRIjExwVa65gU6WLzW98k2XKjpCYXi+iOng=='),
(1296, 98, '2017-04-25 22:04:17', 1, 'j2uV0RZjvs2cdc1KGNdUmfCEIJh2hp1DlHMRBNf6wbMnD8fRJlj4ngpF1hsSWcH7x4+oOlj+0uI='),
(1297, 98, '2017-04-25 22:16:49', 1, 'Vd+MgJNDZWKcdc1KGNdUmfCEIJh2hp1DlHMRBNf6wbMnD8fRJlj4nhmsHbild2G3x4+oOlj+0uI='),
(1298, 98, '2017-04-25 22:22:06', 1, 'tjTNTk4EyS+Ec5L6Ui2dnhpVb0MTbG+YVrsBrSwvdz/wWSXjbWa184w0ag7uNEf81GL4xJS8Gjt7rIcx2w0tDw=='),
(1299, 99, '2017-04-26 07:41:59', 1, 'KlbCh4BZWjUsM19UVellBRpVb0MTbG+YVrsBrSwvdz/wWSXjbWa1881It6K6Vc3AtGvLC82NJyd7rIcx2w0tDw=='),
(1300, 99, '2017-04-26 10:20:21', 1, 'j60t+FQ6QDSaKKuu5QyS/vCEIJh2hp1DlHMRBNf6wbMnD8fRJlj4ngevSW6SiG/DE5FkfnN73o4='),
(1301, 99, '2017-04-26 10:22:31', 1, '9BrzOAHMwpMGfcYncC6N6cMhOnV2AhNfLn6K1diH+USMRzDA7AnzRP0Vas2t0AMPudoP3i8nzsajpCYXi+iOng=='),
(1302, 98, '2017-04-26 20:53:11', 1, 'OiKWi3zzcV55XhPvH0cdbBpVb0MTbG+YVrsBrSwvdz/wWSXjbWa188y3zZ5O11LvXbc04mx42wF7rIcx2w0tDw=='),
(1303, 99, '2017-04-26 21:06:44', 1, '9dVEs6JkA1baOl8uekOssRpVb0MTbG+YVrsBrSwvdz/wWSXjbWa180hVF4KlZVTztGvLC82NJyd7rIcx2w0tDw=='),
(1304, 90, '2017-04-26 21:07:49', 1, 'VEOvU/Ij57vp3sw52m4jBRpVb0MTbG+YVrsBrSwvdz/wWSXjbWa18wChiDHgTS5G+KYYbnpQSUl7rIcx2w0tDw=='),
(1305, 90, '2017-04-26 21:08:11', 1, 'mJViuMCgePgFvJqf4Oqo2vCEIJh2hp1DlHMRBNf6wbORBn6SK8USQ6uTcXpeHu3Tda1D0LoBohI='),
(1306, 90, '2017-04-26 21:08:12', 1, 'wFz8G2dOtqMZ13Ko7yA2/MMhOnV2AhNfLn6K1diH+USMRzDA7AnzRKzw3mHPDJJzdH6EyFlSoSCjpCYXi+iOng=='),
(1307, 100, '2017-04-26 21:12:17', 1, 'Bm+mNk3R3UKwQs4UDTKcHcMhOnV2AhNfLn6K1diH+USMRzDA7AnzRMFuhskH+sKUdTiy44mEpYu5jUbS3RlSdw=='),
(1308, 90, '2017-04-26 21:37:43', 1, 'cWS2LHVdcKMkbQDN72KdRBpVb0MTbG+YVrsBrSwvdz/wWSXjbWa18/Mh0FWFDGrQbUrmYXDKgVV7rIcx2w0tDw=='),
(1309, 100, '2017-04-26 21:39:01', 1, 'lbcl2x4qH095XhPvH0cdbBpVb0MTbG+YVrsBrSwvdz/wWSXjbWa18/FRpT2AD/iC1K5gMoXUa/R7rIcx2w0tDw=='),
(1310, 99, '2017-04-26 21:50:00', 1, 'LbPTlHT8ws5FX7cp/bX/dvCEIJh2hp1DlHMRBNf6wbORBn6SK8USQ6BjfUvdoCeTE5FkfnN73o4='),
(1311, 99, '2017-04-27 06:17:05', 1, 'ndU2wcq2DdG8wY4882B1HxpVb0MTbG+YVrsBrSwvdz/wWSXjbWa184wtnJYn1TDd+SsBSm5RkVF7rIcx2w0tDw=='),
(1312, 1, '2017-04-27 07:17:39', 1, 'oEpkL/TMHhnH4cdbq8m2XhpVb0MTbG+YVrsBrSwvdz/wWSXjbWa18x/Vcv5whnynfXcyrElWFOp7rIcx2w0tDw=='),
(1313, 1, '2017-04-27 14:57:01', 1, 'jGLHudrjNpsFvJqf4Oqo2vCEIJh2hp1DlHMRBNf6wbORBn6SK8USQ0kl/O723RpLQ2vuIbgVtAI='),
(1314, 1, '2017-04-27 20:51:58', 1, 'GYlom5sf5g+cdc1KGNdUmfCEIJh2hp1DlHMRBNf6wbORBn6SK8USQ1molPs15Wp4Q2vuIbgVtAI='),
(1315, 99, '2017-04-27 20:55:00', 1, 'LGlGRGBvn5Ee6mKqzymR2wfQTXCRgijLj0hslw33O9x/LR6Dr3MiX+IGTLACOjMAnqd6GqPbF9o='),
(1316, 98, '2017-04-27 20:55:39', 1, 'NXLFoCZLAmbwSxBFkfqQeMMhOnV2AhNfLn6K1diH+USMRzDA7AnzRH7QUjwBe7+1l3q/HRG8T0qjpCYXi+iOng=='),
(1317, 100, '2017-04-27 20:56:59', 1, '2fhyYXAw8g1kefh37n0QAPCEIJh2hp1DlHMRBNf6wbORBn6SK8USQyCvxVMZ12bkIZ201cb6upg='),
(1318, 100, '2017-04-28 10:57:47', 1, 'GEiTY3qz01QkbQDN72KdRBpVb0MTbG+YVrsBrSwvdz/wWSXjbWa1838TdE4/CBZzVUP6xhR+Wpx7rIcx2w0tDw=='),
(1319, 100, '2017-04-29 08:45:01', 1, 'qfIZ95q3q3Faf40LUB8hohpVb0MTbG+YVrsBrSwvdz/wWSXjbWa18y/TBrhSHAjB+p/W6MRaVYR7rIcx2w0tDw=='),
(1320, 98, '2017-04-29 08:47:33', 1, 'IIFFt5eoEgVVkHkDVWhOcsMhOnV2AhNfLn6K1diH+USMRzDA7AnzREtv21vPpkeCyZhrpcL5/1ujpCYXi+iOng=='),
(1321, 100, '2017-04-29 08:47:53', 1, '593cmjtMaaBvJ4/BvNQ4TPCEIJh2hp1DlHMRBNf6wbM/i3PCBCMJpdW9omajNoH7IZ201cb6upg='),
(1322, 99, '2017-04-29 08:48:19', 1, '0unnnYMb9r2aKKuu5QyS/vCEIJh2hp1DlHMRBNf6wbM/i3PCBCMJpXpStYHIhDoGE5FkfnN73o4='),
(1323, 99, '2017-04-29 08:51:58', 1, '6PZWy/BLtFQkbQDN72KdRBpVb0MTbG+YVrsBrSwvdz/wWSXjbWa18xB3/OGAS1gybjcGLMr0LF57rIcx2w0tDw=='),
(1324, 1, '2017-04-29 14:40:08', 1, 'abMC8rH0oezF6InPNh68IBpVb0MTbG+YVrsBrSwvdz/wWSXjbWa18+z6N/qEM+8ImZE95gFhV357rIcx2w0tDw=='),
(1325, 99, '2017-04-29 15:21:34', 1, 'UOAhjwFhNRF5XhPvH0cdbBpVb0MTbG+YVrsBrSwvdz/wWSXjbWa18xkG8qhZUcHf2l9Ih8Z7Bwh7rIcx2w0tDw=='),
(1326, 1, '2017-04-29 17:06:52', 1, 'elTNEkG4TEmsNB5kUAOU48MhOnV2AhNfLn6K1diH+USMRzDA7AnzRA1kn4tW/l4pSdxMIjKaBgmjpCYXi+iOng=='),
(1327, 1, '2017-04-29 17:18:19', 1, '0LTf1dFpP3VoCuY4aMlTIxpVb0MTbG+YVrsBrSwvdz/wWSXjbWa189EhyuNSqncsa5sr9eEzTtx7rIcx2w0tDw=='),
(1328, 99, '2017-04-29 18:04:20', 1, 'Wwyd/HnlYlju2NTYRX5IXhpVb0MTbG+YVrsBrSwvdz/wWSXjbWa18x1SdYh0lVhy+SsBSm5RkVF7rIcx2w0tDw=='),
(1329, 99, '2017-04-29 18:54:31', 1, '1x/+Lw4GitSrVMej892z98MhOnV2AhNfLn6K1diH+USMRzDA7AnzRCGxjIs9jqO3unh5pzREoPejpCYXi+iOng=='),
(1330, 1, '2017-04-29 20:39:40', 1, 'rN6LoRAGFdyf5szJ3HvdNhpVb0MTbG+YVrsBrSwvdz/wWSXjbWa185PUqCM2c2iUAxa65VqdYJx7rIcx2w0tDw=='),
(1331, 99, '2017-04-29 20:47:55', 1, '3H3oBNE/brc4azgRnmar+vCEIJh2hp1DlHMRBNf6wbM/i3PCBCMJpSBKoqBaiqfkE5FkfnN73o4='),
(1332, 1, '2017-04-29 20:55:39', 1, 'aAB5AMcjAYXSgfFFmJEB78MhOnV2AhNfLn6K1diH+USMRzDA7AnzRH28ejTeqVo6dCInDlAUsQejpCYXi+iOng=='),
(1333, 1, '2017-04-29 20:59:02', 1, 'q3PRB+UdZrmPqx6Xker1XBpVb0MTbG+YVrsBrSwvdz/wWSXjbWa189tfBZrNZCNYo6RMWM88+g17rIcx2w0tDw=='),
(1334, 1, '2017-04-29 21:03:23', 1, '6LFdUzm8fD6k/g4JMqANfsMhOnV2AhNfLn6K1diH+USMRzDA7AnzRPAKv9Rd0nN4Gq6iNRHejTOjpCYXi+iOng=='),
(1335, 1, '2017-04-29 21:09:09', 1, 'YXTFPlLXGjkwxVLd5lEI08MhOnV2AhNfLn6K1diH+USMRzDA7AnzROPGFhzAMdV2ZL8S2MFEby6jpCYXi+iOng=='),
(1336, 1, '2017-04-29 21:13:33', 1, 'jA/TrB/D2WXGqPpI5FhLCRpVb0MTbG+YVrsBrSwvdz/wWSXjbWa184qxZIZFtTgEmZE95gFhV357rIcx2w0tDw=='),
(1337, 1, '2017-04-29 21:16:07', 1, 'DTPv7JMceAhQdOOAQvxa/cMhOnV2AhNfLn6K1diH+USMRzDA7AnzRLQXc7tE/I924QgowSABMS2jpCYXi+iOng=='),
(1338, 1, '2017-04-29 21:20:01', 1, 'IxcOdZa+y+Bmb8isjba+G8MhOnV2AhNfLn6K1diH+USMRzDA7AnzRCEIg5XG4cT8skweygAW2DWjpCYXi+iOng=='),
(1339, 1, '2017-05-02 20:09:19', 1, 'lgSCTtOHPSWEc5L6Ui2dnhpVb0MTbG+YVrsBrSwvdz/wWSXjbWa187Z811II7vW3fXcyrElWFOp7rIcx2w0tDw=='),
(1340, 1, '2017-05-02 23:41:45', 1, 'eZBcfoklWqOnoBAEOR+dSRpVb0MTbG+YVrsBrSwvdz/wWSXjbWa180uvyj/36rn+Axa65VqdYJx7rIcx2w0tDw=='),
(1341, 1, '2017-05-02 23:43:14', 1, 'RhGy0yXGaLfadP7whul7OxpVb0MTbG+YVrsBrSwvdz/wWSXjbWa18yFKcdUsjOYfe+BWIvokDvB7rIcx2w0tDw=='),
(1342, 2, '2017-05-02 23:45:26', 1, 'ft7P5SP9PoxvJ4/BvNQ4TPCEIJh2hp1DlHMRBNf6wbN5veLf1ucz9Zy2956JdgyYxgqumPIZbXs='),
(1343, 1, '2017-05-02 23:57:52', 1, 'NDa9RrTdsrq8GZhmOdlkeBpVb0MTbG+YVrsBrSwvdz/wWSXjbWa188wnGjrZ6qEP9gOraSU1B9V7rIcx2w0tDw=='),
(1344, 1, '2017-05-04 15:06:41', 1, 'gOYsdoao+fKnoBAEOR+dSRpVb0MTbG+YVrsBrSwvdz/wWSXjbWa181t/EN/FCd5pmZE95gFhV357rIcx2w0tDw=='),
(1345, 99, '2017-05-04 15:15:24', 1, 'FBk90CjbCN5kefh37n0QAPCEIJh2hp1DlHMRBNf6wbPui7Hfp5kPP+h4apQ3vX2DE5FkfnN73o4='),
(1346, 1, '2017-05-04 15:16:08', 1, 'dxVEGOWaoOk4DxjkJRsktBpVb0MTbG+YVrsBrSwvdz/wWSXjbWa180P+eNiJ+NOKfXcyrElWFOp7rIcx2w0tDw=='),
(1347, 1, '2017-05-04 15:17:24', 1, 'zlZPUPRUg5yCsx9i8t/6+BpVb0MTbG+YVrsBrSwvdz/wWSXjbWa188R2Jsrvu/Nua5sr9eEzTtx7rIcx2w0tDw=='),
(1348, 1, '2017-05-04 15:19:14', 1, 'X+//BGS2PCYkbQDN72KdRBpVb0MTbG+YVrsBrSwvdz/wWSXjbWa188dlqfrYMSx8fXcyrElWFOp7rIcx2w0tDw=='),
(1349, 1, '2017-05-04 15:24:03', 1, '1bRLmaeBHFxuoxqssbrgLBpVb0MTbG+YVrsBrSwvdz/wWSXjbWa18zgSC+xlx/GPe+BWIvokDvB7rIcx2w0tDw=='),
(1350, 99, '2017-05-04 19:06:02', 1, 'zvqe4ZgVLuMTxcI+/7PYKcMhOnV2AhNfLn6K1diH+USMRzDA7AnzRMtdYLMI/XmtXAJ1KSNNB0mjpCYXi+iOng=='),
(1351, 99, '2017-05-04 19:16:46', 1, 'YazuG0eC1IMFvJqf4Oqo2vCEIJh2hp1DlHMRBNf6wbPui7Hfp5kPP8hoGN1U/+c0E5FkfnN73o4='),
(1352, 99, '2017-05-04 19:24:39', 1, 'Xp/O4OS5vax3t/f6piiwlcMhOnV2AhNfLn6K1diH+USMRzDA7AnzRGpA0XWjLZIRfavrNRraKh+jpCYXi+iOng=='),
(1353, 99, '2017-05-05 15:37:15', 1, 'lcTLzIejh1sfdfIYZnJFiRpVb0MTbG+YVrsBrSwvdz/wWSXjbWa1828DhYItpURTdmh8V0dW53l7rIcx2w0tDw=='),
(1354, 99, '2017-05-05 15:37:52', 1, 'P+/zT63wwtmh22+lmgTItBpVb0MTbG+YVrsBrSwvdz/wWSXjbWa18/RbIhEOp3Trvf1PAd9jNkB7rIcx2w0tDw=='),
(1355, 99, '2017-05-05 15:57:13', 1, 'ulxPAS5GvUEjuzDl1BooP8MhOnV2AhNfLn6K1diH+USMRzDA7AnzRFXa8CqAtr2g8pr58IJP+vqjpCYXi+iOng=='),
(1356, 99, '2017-05-05 15:58:27', 1, 'IWRtQgyGtwzadP7whul7OxpVb0MTbG+YVrsBrSwvdz/wWSXjbWa18z24hSxxTDZ42l9Ih8Z7Bwh7rIcx2w0tDw=='),
(1357, 98, '2017-05-05 15:59:59', 1, '20om6IODjh3p3sw52m4jBRpVb0MTbG+YVrsBrSwvdz/wWSXjbWa18xMYvdPn9Ip6+QsQ6cob/SZ7rIcx2w0tDw=='),
(1358, 99, '2017-05-05 16:09:55', 1, 'jKSZcvDk5uHaOl8uekOssRpVb0MTbG+YVrsBrSwvdz/wWSXjbWa183mLTWP9rKMStGvLC82NJyd7rIcx2w0tDw=='),
(1359, 99, '2017-05-05 16:33:08', 1, '/AAVPsrXHQn+oyfToERYWsMhOnV2AhNfLn6K1diH+USMRzDA7AnzRB7mxoFhC2eg3BoYM4DvHXujpCYXi+iOng=='),
(1360, 99, '2017-05-05 16:33:16', 1, 'YVJVnSnnOmmaKKuu5QyS/vCEIJh2hp1DlHMRBNf6wbO88S+o/+h1fj0sxPas8PNkE5FkfnN73o4='),
(1361, 99, '2017-05-05 16:39:37', 1, 'rERQ+BhM9yyjWg2mXJMZCBpVb0MTbG+YVrsBrSwvdz/wWSXjbWa18+JGeKlsT0Ox+SsBSm5RkVF7rIcx2w0tDw=='),
(1362, 1, '2017-05-05 17:34:29', 1, 'qV2BavteD5LbFZqfUTiI18MhOnV2AhNfLn6K1diH+USMRzDA7AnzREzmPaHFD2EsFPnXfjIeOXSjpCYXi+iOng=='),
(1363, 99, '2017-05-05 18:21:59', 1, '8GG8pvDaN/vp3sw52m4jBRpVb0MTbG+YVrsBrSwvdz/wWSXjbWa187RjxMvaxjIkbjcGLMr0LF57rIcx2w0tDw=='),
(1364, 99, '2017-05-06 09:44:23', 1, '+2psNmIRBxOt20X3Nf9al8MhOnV2AhNfLn6K1diH+USMRzDA7AnzRO0oluuGVCljGSenp2JU94KjpCYXi+iOng=='),
(1365, 99, '2017-05-06 11:12:20', 1, 'p1O+pDEnv4DfpAsHNTuewPCEIJh2hp1DlHMRBNf6wbNrpPx6RFE4Ix5A9MiarV/JE5FkfnN73o4='),
(1366, 99, '2017-05-06 11:12:40', 1, '1JX3Jto3XVPQo0riXM/Ox8MhOnV2AhNfLn6K1diH+USMRzDA7AnzRMWo2zwPRmwaj6OdVIq4v3WjpCYXi+iOng=='),
(1367, 99, '2017-05-06 11:14:17', 1, 'CpspRuy7qfUtmKiEH6uPVhpVb0MTbG+YVrsBrSwvdz/X7f0W8QsjOuGGgJqosi0ySD88KAx8Mpt7rIcx2w0tDw=='),
(1368, 99, '2017-05-06 15:04:34', 1, 'G2QUOTTa7BUfdfIYZnJFiRpVb0MTbG+YVrsBrSwvdz/X7f0W8QsjOt7VGSQOekldyDBztTAwGRF7rIcx2w0tDw=='),
(1369, 99, '2017-05-06 15:13:21', 1, '0v95dpkiHxN5TEEVP25/PsMhOnV2AhNfLn6K1diH+USMRzDA7AnzRATh9/I+JikSR+VErkQBVqSjpCYXi+iOng=='),
(1370, 99, '2017-05-06 15:13:25', 1, '6UFSvGuDp06aKKuu5QyS/vCEIJh2hp1DlHMRBNf6wbNrpPx6RFE4I95m3w1WHkFeE5FkfnN73o4='),
(1371, 99, '2017-05-06 15:13:30', 1, 'KCQZWKNIkXwNnhff7i8F7hpVb0MTbG+YVrsBrSwvdz/X7f0W8QsjOk8xW6nvIt3GyDBztTAwGRF7rIcx2w0tDw=='),
(1372, 99, '2017-05-06 15:13:35', 1, 'FDJ7m0LtSG2aKKuu5QyS/vCEIJh2hp1DlHMRBNf6wbNrpPx6RFE4IwpeJylJd7NhE5FkfnN73o4='),
(1373, 99, '2017-05-06 15:14:09', 1, 'OKOOocTDYw2jmWuxPdPutRpVb0MTbG+YVrsBrSwvdz/X7f0W8QsjOq9lmG7r4iy6tGvLC82NJyd7rIcx2w0tDw=='),
(1374, 99, '2017-05-06 15:14:32', 1, 'qJ2jlPcSdMxoCuY4aMlTIxpVb0MTbG+YVrsBrSwvdz/X7f0W8QsjOiUlWkeJX1bhdmh8V0dW53l7rIcx2w0tDw=='),
(1375, 99, '2017-05-06 15:16:08', 1, 'JL23ClVMS5faqAtkwkFRJsMhOnV2AhNfLn6K1diH+USMRzDA7AnzRDQ11h4B34+SdaTf9ssWXh2jpCYXi+iOng=='),
(1376, 99, '2017-05-06 15:16:40', 1, '8eYhDRUz0otkefh37n0QAPCEIJh2hp1DlHMRBNf6wbNrpPx6RFE4IwFt7vrmadFYE5FkfnN73o4='),
(1377, 99, '2017-05-06 15:16:54', 1, 'eJfCR7ekKSUbeg77EO7Y3sMhOnV2AhNfLn6K1diH+USMRzDA7AnzRKKC+0fKKDWE4nrW0+6NJ0ujpCYXi+iOng=='),
(1378, 99, '2017-05-06 15:17:49', 1, 'CshUrYgnHfNJaRk2p3qevcMhOnV2AhNfLn6K1diH+USMRzDA7AnzROVXKy0/mH906XMtmkTwFQujpCYXi+iOng=='),
(1379, 99, '2017-05-06 15:22:16', 1, 'qtyryDldQgn3Hjkg8KzZa8MhOnV2AhNfLn6K1diH+USMRzDA7AnzRGcRFc1j/mUpdaTf9ssWXh2jpCYXi+iOng=='),
(1380, 99, '2017-05-06 15:22:24', 1, 'JaK2qLGf6LNFX7cp/bX/dvCEIJh2hp1DlHMRBNf6wbNrpPx6RFE4I7xGDt0okSUIE5FkfnN73o4='),
(1381, 99, '2017-05-06 15:22:28', 1, 'lUWSFCOT4Ztkefh37n0QAPCEIJh2hp1DlHMRBNf6wbNrpPx6RFE4I8sU+x82dczlE5FkfnN73o4='),
(1382, 99, '2017-05-06 15:27:28', 1, 'Y4ialfhdukdFX7cp/bX/dvCEIJh2hp1DlHMRBNf6wbNrpPx6RFE4I/XVj6UVnPNpE5FkfnN73o4='),
(1383, 99, '2017-05-06 15:32:48', 1, 'QxY+A7CfBd8+xAewA+POVMMhOnV2AhNfLn6K1diH+USMRzDA7AnzRAN5iVIQOnd0DlZhTnkOGROjpCYXi+iOng=='),
(1384, 99, '2017-05-06 15:33:08', 1, 'C7aSmZz2UCFJtuInOPcPkBpVb0MTbG+YVrsBrSwvdz/X7f0W8QsjOsnvM0LsLtwJbjcGLMr0LF57rIcx2w0tDw=='),
(1385, 98, '2017-05-06 15:34:36', 1, 'Tk0A9G++AOJH1WD61bnMghpVb0MTbG+YVrsBrSwvdz/X7f0W8QsjOjgQxCK3wIt8qpyltyilhi17rIcx2w0tDw=='),
(1386, 1, '2017-05-08 12:17:14', 1, '4g/htJQLo8m8wY4882B1HxpVb0MTbG+YVrsBrSwvdz/X7f0W8QsjOqnEaiwS2H+rmZE95gFhV357rIcx2w0tDw=='),
(1387, 98, '2017-05-10 10:42:32', 1, 'GpPQzSXmIejrYHKFA3sbpxpVb0MTbG+YVrsBrSwvdz/X7f0W8QsjOg9Qhy72MOj/Xbc04mx42wF7rIcx2w0tDw=='),
(1388, 1, '2017-05-10 19:41:23', 1, 'UdB/z2JDGWxvJ4/BvNQ4TPCEIJh2hp1DlHMRBNf6wbOF3qDPfNZAt0NnEHJ1Eb8bQ2vuIbgVtAI='),
(1389, 2, '2017-05-15 13:59:12', 1, 'DJykHAFSzh3db2mQ8BHNQ8MhOnV2AhNfLn6K1diH+USMRzDA7AnzRHe3/3gLkdnEV3sMr8QLRNSjpCYXi+iOng=='),
(1390, 2, '2017-05-15 14:03:19', 1, 'BuhjaSs9ufAEblWWHSeUTcMhOnV2AhNfLn6K1diH+USMRzDA7AnzRBZnU1o2HZByJONmEgNnqYqjpCYXi+iOng=='),
(1391, 2, '2017-05-15 14:05:53', 1, 'P8QxVDvc+gy8wY4882B1HxpVb0MTbG+YVrsBrSwvdz/X7f0W8QsjOg7dk3TAA6xjtQtdllCIwEx7rIcx2w0tDw=='),
(1392, 3, '2017-05-15 14:11:05', 1, '23yxBDtF9QDfpAsHNTuewPCEIJh2hp1DlHMRBNf6wbMeS/1rvR3Yd4GFopvEmlKnTi6VFqxsTjg='),
(1393, 1, '2017-05-16 16:56:23', 1, 'COOt83YT25sOxK+Y428j/xpVb0MTbG+YVrsBrSwvdz/X7f0W8QsjOn6msilITMJe9gOraSU1B9V7rIcx2w0tDw=='),
(1394, 1, '2017-05-16 17:02:52', 1, 'Wujwz3jr+w00QUPX7mP2ocMhOnV2AhNfLn6K1diH+USMRzDA7AnzRFaupiMy7Kp7IEkdJhAxTnajpCYXi+iOng=='),
(1395, 1, '2017-05-16 17:06:10', 1, 'adRINc3M/OOdJglcuBeW7MMhOnV2AhNfLn6K1diH+USMRzDA7AnzRH+PaEUxe5mQTTQ1hCUp0dSjpCYXi+iOng=='),
(1396, 1, '2017-05-16 17:17:31', 1, '7KmSkbjwGZcn3RRqWh51OhpVb0MTbG+YVrsBrSwvdz/X7f0W8QsjOq1C8OTalrhyjgieV96+Sgt7rIcx2w0tDw=='),
(1397, 1, '2017-05-16 17:31:33', 1, 'rNlezRF51W0juzDl1BooP8MhOnV2AhNfLn6K1diH+USMRzDA7AnzRHNxTrqHMTxLHSLdlsxvEQSjpCYXi+iOng=='),
(1398, 1, '2017-05-16 17:35:11', 1, 'LtNZNI6jaxAG9PSMsOb3rRpVb0MTbG+YVrsBrSwvdz/X7f0W8QsjOtfRmscchRwE9gOraSU1B9V7rIcx2w0tDw=='),
(1399, 1, '2017-05-16 17:38:04', 1, 'ngg6jWIOnfkJJPpJkJu6xxpVb0MTbG+YVrsBrSwvdz/X7f0W8QsjOie0crb69R5Pe+BWIvokDvB7rIcx2w0tDw=='),
(1400, 1, '2017-05-16 17:42:43', 1, 'NWyauS2pyfGCsx9i8t/6+BpVb0MTbG+YVrsBrSwvdz/X7f0W8QsjOoh3fpmnK7E8LqPpQXr6sXZ7rIcx2w0tDw=='),
(1401, 1, '2017-05-16 17:43:17', 1, 'z1hPM5xMVXeh22+lmgTItBpVb0MTbG+YVrsBrSwvdz/X7f0W8QsjOqS7ZzXkBxAOLqPpQXr6sXZ7rIcx2w0tDw=='),
(1402, 1, '2017-05-16 17:55:19', 1, 'FEJBuOzcDt3fpAsHNTuewPCEIJh2hp1DlHMRBNf6wbMmwiEp1SOzDcgLbUftkiX6Q2vuIbgVtAI='),
(1403, 1, '2017-05-16 17:56:44', 1, 'YB6pr1HEvg0yUviaIU8KfsMhOnV2AhNfLn6K1diH+USMRzDA7AnzRLe0a5E0TsRQe/8vwX4yfEejpCYXi+iOng=='),
(1404, 1, '2017-05-16 17:57:47', 1, '/FdU6fSZjpo4/7XG/sLNBBpVb0MTbG+YVrsBrSwvdz/X7f0W8QsjOgs+FNl7SZQQo6RMWM88+g17rIcx2w0tDw=='),
(1405, 1, '2017-05-16 18:05:16', 1, 'O1ThDhTqgodNt+f8Ayu3eMMhOnV2AhNfLn6K1diH+USMRzDA7AnzRGek4YFmPBeAK1e2njF+O1GjpCYXi+iOng=='),
(1406, 1, '2017-05-16 18:05:25', 1, 'eW1WP7NhKFE4azgRnmar+vCEIJh2hp1DlHMRBNf6wbMmwiEp1SOzDV6kjYUQkP92Q2vuIbgVtAI='),
(1407, 1, '2017-05-16 18:11:26', 1, 'Rluseq05Us4G9PSMsOb3rRpVb0MTbG+YVrsBrSwvdz/X7f0W8QsjOojHRhomgxk/9gOraSU1B9V7rIcx2w0tDw=='),
(1408, 1, '2017-05-16 22:41:02', 1, '4IwrK4BoSxlic9eKCz88s8MhOnV2AhNfLn6K1diH+USMRzDA7AnzRMtH49LjCEeNxxXsXpIZawKjpCYXi+iOng=='),
(1409, 1, '2017-05-17 09:25:24', 1, 'DAP3akpB8+DJQXnIdxqzvhpVb0MTbG+YVrsBrSwvdz/X7f0W8QsjOsWv8MrrC5Wz2vjG//N2EMl7rIcx2w0tDw=='),
(1410, 1, '2017-05-18 19:57:12', 1, 'ws0xQqfhC3udXGM5IwCya8MhOnV2AhNfLn6K1diH+USMRzDA7AnzRIau84eYwpXG5TTEzpr+zr6jpCYXi+iOng=='),
(1411, 1, '2017-05-18 20:22:25', 1, 'qaiYgs4AHysvCQ7quj+1lxpVb0MTbG+YVrsBrSwvdz8ZNa/7jmsyTSnB/RQxW72ImZE95gFhV357rIcx2w0tDw=='),
(1412, 1, '2017-05-18 20:27:41', 1, '88N6ZM3JxXL57vV5k2ZKOPCEIJh2hp1DlHMRBNf6wbOE0VnWU9vtM3xfRUlIHM0qQ2vuIbgVtAI='),
(1413, 1, '2017-05-18 20:37:28', 1, 'sVb7C8yQcDlaB8/T5jUpKcMhOnV2AhNfLn6K1diH+USMRzDA7AnzRCRLv3aI1mExI23vm1Teg9GjpCYXi+iOng=='),
(1414, 1, '2017-05-18 20:38:14', 1, '3VaJemLzKwPJQXnIdxqzvhpVb0MTbG+YVrsBrSwvdz8ZNa/7jmsyTVrVlksV5FffAxa65VqdYJx7rIcx2w0tDw=='),
(1415, 1, '2017-05-18 20:48:19', 1, 'qBptJchR/W5MMu0NhQ1JoMMhOnV2AhNfLn6K1diH+USMRzDA7AnzRFFMJtQEH+lMcLmUKOH6sw6jpCYXi+iOng=='),
(1416, 1, '2017-05-18 20:57:12', 1, 'UtwNSZ/rXFIFvJqf4Oqo2vCEIJh2hp1DlHMRBNf6wbOE0VnWU9vtM1IrqobVFmfBQ2vuIbgVtAI='),
(1417, 1, '2017-05-18 20:59:32', 1, 'ri2YAsiQ3dMNnhff7i8F7hpVb0MTbG+YVrsBrSwvdz8ZNa/7jmsyTU9u0UlXfv3Yo6RMWM88+g17rIcx2w0tDw=='),
(1418, 1, '2017-05-18 21:19:46', 1, 'ym7rUWYGrafiSUQnZ665rBpVb0MTbG+YVrsBrSwvdz8ZNa/7jmsyTfdh7D2yhI6xAxa65VqdYJx7rIcx2w0tDw=='),
(1419, 1, '2017-05-18 21:24:04', 1, 'oNFlkW4rriXYTHjydXEuRMMhOnV2AhNfLn6K1diH+USMRzDA7AnzRCd2uAbdHFQl3fmCNZfg/bCjpCYXi+iOng=='),
(1420, 1, '2017-05-18 21:31:17', 1, 'o0ROJT5SXL6JiooRBUXkAfCEIJh2hp1DlHMRBNf6wbOE0VnWU9vtM01Pbb4swpJgQ2vuIbgVtAI='),
(1421, 1, '2017-05-18 21:42:38', 1, 'o7QjcxI4wYeokB892frCI8MhOnV2AhNfLn6K1diH+USMRzDA7AnzRCdK5K8kssmAYTC+R+dd5tajpCYXi+iOng=='),
(1422, 1, '2017-05-18 23:38:31', 1, 'rc7DQ4g4lWqcaDonBFjsW8MhOnV2AhNfLn6K1diH+USMRzDA7AnzRGH6EuwO+UUe8+fn4bwij8SjpCYXi+iOng=='),
(1423, 1, '2017-05-18 23:39:20', 1, '6Z56GJJi5MSPqx6Xker1XBpVb0MTbG+YVrsBrSwvdz8ZNa/7jmsyTWcmxqhHYt1xmZE95gFhV357rIcx2w0tDw=='),
(1424, 1, '2017-05-21 10:55:13', 1, 'HXZhy+VPzJQer3q+dl+FpRpVb0MTbG+YVrsBrSwvdz8ZNa/7jmsyTQyOr2kNoMfS9gOraSU1B9V7rIcx2w0tDw=='),
(1425, 1, '2017-05-22 21:20:10', 1, 'X9OdaSM19cgr3sYbBLmObhpVb0MTbG+YVrsBrSwvdz8ZNa/7jmsyTdX5Qrkbg3HDLqPpQXr6sXZ7rIcx2w0tDw=='),
(1426, 1, '2017-05-22 21:42:45', 1, 'y0+TLUvtrwLF6InPNh68IBpVb0MTbG+YVrsBrSwvdz8ZNa/7jmsyTYMOcWkWLqQvLqPpQXr6sXZ7rIcx2w0tDw=='),
(1427, 1, '2017-05-22 21:50:15', 1, 'EjSuvjBqC2mfcmGgzfLo8MMhOnV2AhNfLn6K1diH+USMRzDA7AnzRAHTXxepay4fQshSautZD5GjpCYXi+iOng=='),
(1428, 1, '2017-05-22 21:50:29', 1, 'ZY4+t4MwWHfniDLWzCCpC8MhOnV2AhNfLn6K1diH+USMRzDA7AnzRAQ9eAY1g+tzK1e2njF+O1GjpCYXi+iOng=='),
(1429, 1, '2017-05-22 21:52:22', 1, 'mQqtFygNL2uaKKuu5QyS/vCEIJh2hp1DlHMRBNf6wbNXQ20e3B3A2CwqolimKGAkQ2vuIbgVtAI='),
(1430, 1, '2017-05-22 21:55:37', 1, 'q90VU/blTA5YQONA+8Zu4BpVb0MTbG+YVrsBrSwvdz8ZNa/7jmsyTc9N2wIntDjojgieV96+Sgt7rIcx2w0tDw=='),
(1431, 1, '2017-05-22 21:57:16', 1, 'MQKRRycULNRuoxqssbrgLBpVb0MTbG+YVrsBrSwvdz8ZNa/7jmsyTapiuaO5jJVOa5sr9eEzTtx7rIcx2w0tDw=='),
(1432, 1, '2017-05-22 21:58:07', 1, 'RwYlXVH2rprsf2qDE2A6QcMhOnV2AhNfLn6K1diH+USMRzDA7AnzRCOst1MkCaQDbV1046yhXbKjpCYXi+iOng=='),
(1433, 1, '2017-05-22 21:59:57', 1, 'OQpGvyUiPybf9VMi/1Q4BcMhOnV2AhNfLn6K1diH+USMRzDA7AnzRIeVDh3cALLg0BsABoLDsnqjpCYXi+iOng=='),
(1434, 1, '2017-05-22 22:01:10', 1, 'HQMVTwVSY7cr3sYbBLmObhpVb0MTbG+YVrsBrSwvdz8ZNa/7jmsyTS+nr0ZSrqnifXcyrElWFOp7rIcx2w0tDw=='),
(1435, 1, '2017-05-22 22:02:06', 1, 'ACiC3LaXJdEI0ZmL7ahHEsMhOnV2AhNfLn6K1diH+USMRzDA7AnzRAoPyyz2UCYPcLmUKOH6sw6jpCYXi+iOng=='),
(1436, 1, '2017-05-22 22:04:03', 1, 'Mzshn+sA+mmb+5JP1AXe3cMhOnV2AhNfLn6K1diH+USMRzDA7AnzRI/Yee7Dr/Sz18O6FDmJys2jpCYXi+iOng=='),
(1437, 1, '2017-05-22 22:05:17', 1, 'MTBkgDu/85tgiV3gQmFj/MMhOnV2AhNfLn6K1diH+USMRzDA7AnzRE5BMsgcVjyq4QgowSABMS2jpCYXi+iOng=='),
(1438, 1, '2017-05-22 22:06:45', 1, '842HJKEPtvanyKj4zD0wHcMhOnV2AhNfLn6K1diH+USMRzDA7AnzRGejLIKQNPHAhajzefOV0lqjpCYXi+iOng=='),
(1439, 1, '2017-05-22 22:27:12', 1, 'KRbzG8jNwP04azgRnmar+vCEIJh2hp1DlHMRBNf6wbNXQ20e3B3A2LipdzdPJcGqQ2vuIbgVtAI='),
(1440, 1, '2017-05-22 22:30:24', 1, 'lW1pmwa+AklHZ1t2PAb/fRpVb0MTbG+YVrsBrSwvdz8ZNa/7jmsyTVB7GaByUmMIa5sr9eEzTtx7rIcx2w0tDw=='),
(1441, 7, '2017-05-22 22:30:46', 1, 'zkpcH8yMNFuhvtHvDV7gnhpVb0MTbG+YVrsBrSwvdz8ZNa/7jmsyTRRqbR2GxzHH4WnhYviict17rIcx2w0tDw=='),
(1442, 1, '2017-05-22 22:31:32', 1, '5tqUSRUDostvJ4/BvNQ4TPCEIJh2hp1DlHMRBNf6wbNXQ20e3B3A2H21aJ6LwVu0Q2vuIbgVtAI='),
(1443, 1, '2017-05-22 22:33:36', 1, 'ZjMEMjkO4NM0khjQp0/dGRpVb0MTbG+YVrsBrSwvdz8ZNa/7jmsyTaLZqeQGOwgna5sr9eEzTtx7rIcx2w0tDw=='),
(1444, 2, '2017-05-22 22:33:59', 1, 'Mz9zBkZZWa0ZX8PzISpGncMhOnV2AhNfLn6K1diH+USMRzDA7AnzRIAKDbTSBjgIdDrUTfSsmWKjpCYXi+iOng=='),
(1445, 1, '2017-05-22 22:34:54', 1, 'ZBuRdTZOlOCjmWuxPdPutRpVb0MTbG+YVrsBrSwvdz8ZNa/7jmsyTQkyMvlDCEmvfXcyrElWFOp7rIcx2w0tDw=='),
(1446, 7, '2017-05-22 22:42:04', 1, 'MqbhYBtVBx9F6T+7v/AxgcMhOnV2AhNfLn6K1diH+USMRzDA7AnzRP13eSoIeGC1D2GX6ruZNpqjpCYXi+iOng=='),
(1447, 5, '2017-05-22 22:43:45', 1, '//RyCFRpsK9SH9kyHgCfgcMhOnV2AhNfLn6K1diH+USMRzDA7AnzRDaNc9yfpC38vTkVUVJ9+UOjpCYXi+iOng=='),
(1448, 3, '2017-05-22 22:45:23', 1, 'Nf/IxhMPALhHZ1t2PAb/fRpVb0MTbG+YVrsBrSwvdz8ZNa/7jmsyTWxSdiqofS87W0A5K+jFMmF7rIcx2w0tDw=='),
(1449, 4, '2017-05-22 22:45:39', 1, 'wq14oRb/xPmQjQ8QwMw5BBpVb0MTbG+YVrsBrSwvdz8ZNa/7jmsyTRW2nlJcWvSweuSXyfYFIOx7rIcx2w0tDw=='),
(1450, 1, '2017-05-22 22:46:48', 1, 'EF0pNnDmVrNFX7cp/bX/dvCEIJh2hp1DlHMRBNf6wbNXQ20e3B3A2L0CvKPMHZC9Q2vuIbgVtAI='),
(1451, 1, '2017-05-22 22:46:58', 1, '5pHeLrn7iCA0mQL/8Qxxo8MhOnV2AhNfLn6K1diH+USMRzDA7AnzRNnu0X+ibmzudCzRslRd1qujpCYXi+iOng=='),
(1452, 1, '2017-05-22 22:47:16', 1, 'g8f/dasB3Ulkefh37n0QAPCEIJh2hp1DlHMRBNf6wbNXQ20e3B3A2AqBy7R5mYcfQ2vuIbgVtAI='),
(1453, 1, '2017-05-22 22:48:59', 1, 'rrBgJ03CKTwCzKey9b0D3sMhOnV2AhNfLn6K1diH+USMRzDA7AnzRHNNT/wrKb5S3qeM15krCqijpCYXi+iOng=='),
(1454, 1, '2017-05-22 22:50:28', 1, 'T1XIbbzXgsqcdc1KGNdUmfCEIJh2hp1DlHMRBNf6wbNXQ20e3B3A2D6b4p9wRHGOQ2vuIbgVtAI='),
(1455, 1, '2017-05-22 22:53:18', 1, 'sbE75h1E7QmhvtHvDV7gnhpVb0MTbG+YVrsBrSwvdz8ZNa/7jmsyTW4taqKZ2lLHLqPpQXr6sXZ7rIcx2w0tDw=='),
(1456, 1, '2017-05-22 22:55:01', 1, 'Pgznywb8zqmGlPogFDVf5hpVb0MTbG+YVrsBrSwvdz8ZNa/7jmsyTbT20WZX9NLA9gOraSU1B9V7rIcx2w0tDw=='),
(1457, 1, '2017-05-22 22:58:58', 1, '52hNOqPPgET3jD5OKhm4wcMhOnV2AhNfLn6K1diH+USMRzDA7AnzRCL1QYXwYL1rINzTC0M3RECjpCYXi+iOng=='),
(1458, 4, '2017-05-22 23:01:24', 1, '9dJjZKDH0gMjwwLnuLhMqRpVb0MTbG+YVrsBrSwvdz8ZNa/7jmsyTRvk/DMMMSGgxOc+r3tJ67p7rIcx2w0tDw=='),
(1459, 1, '2017-05-23 15:27:12', 1, 'JeSNOpzvswj57vV5k2ZKOPCEIJh2hp1DlHMRBNf6wbNpHLxSEE242oHetRC8BA+/Q2vuIbgVtAI='),
(1460, 1, '2017-05-23 15:27:51', 1, 'kkZYCf1Rd2DH2I8Zjo3YshpVb0MTbG+YVrsBrSwvdz8ZNa/7jmsyTfO3jJqICNbnAxa65VqdYJx7rIcx2w0tDw=='),
(1461, 1, '2017-05-23 15:34:04', 1, 'khDkoQEL7yk/AjUSybS8hMMhOnV2AhNfLn6K1diH+USMRzDA7AnzRCYQoOE6rJF13fmCNZfg/bCjpCYXi+iOng=='),
(1462, 1, '2017-05-23 15:36:36', 1, 's9QhSFKezilxxLcFnbxuYRpVb0MTbG+YVrsBrSwvdz8ZNa/7jmsyTb+yqj+cWiBJLqPpQXr6sXZ7rIcx2w0tDw=='),
(1463, 1, '2017-05-23 15:44:37', 1, 'yU7rEFeboi9Wjtume09gFxpVb0MTbG+YVrsBrSwvdz8ZNa/7jmsyTSYMLhg1aCOpfXcyrElWFOp7rIcx2w0tDw=='),
(1464, 1, '2017-05-23 15:47:53', 1, 'fOCmdVxkr5I0khjQp0/dGRpVb0MTbG+YVrsBrSwvdz8ZNa/7jmsyTcpLDEhPMU3ca5sr9eEzTtx7rIcx2w0tDw=='),
(1465, 1, '2017-05-23 15:55:08', 1, '3V13B5kxFXt6vQu6NTKKZ8MhOnV2AhNfLn6K1diH+USMRzDA7AnzRNJPHCM13s9zhBWUdQL+BQCjpCYXi+iOng=='),
(1466, 1, '2017-05-23 15:57:30', 1, '5CeNWD2t1YX57vV5k2ZKOPCEIJh2hp1DlHMRBNf6wbNpHLxSEE242hqyP+0CLVVuQ2vuIbgVtAI='),
(1467, 1, '2017-05-23 15:59:31', 1, 'wIdd/3hkHAvJlvH4gaPVpcMhOnV2AhNfLn6K1diH+USMRzDA7AnzRMUjAuGOklkMSyJ8yVrVMVGjpCYXi+iOng=='),
(1468, 1, '2017-05-23 16:04:41', 1, 'vLo0ct5O8gzOPUIjdYDnchpVb0MTbG+YVrsBrSwvdz8ZNa/7jmsyTQo5M2HFozige+BWIvokDvB7rIcx2w0tDw=='),
(1469, 1, '2017-05-23 16:10:14', 1, 'xR/cP1CGLO1IdRXldGzHPBpVb0MTbG+YVrsBrSwvdz8ZNa/7jmsyTQe+s4dohXS0o6RMWM88+g17rIcx2w0tDw=='),
(1470, 1, '2017-05-23 16:19:15', 1, 'PFYxxLx8TL1u0A0qoll5jPA0csNCPy4FqcrVHqAS0Mr33aBJJYP23PcvFLiODrv9XuKbaNB3Eak='),
(1471, 1, '2017-05-23 16:20:22', 1, 'd+qlwqdBt0oy9a5pdax1qMMhOnV2AhNfLn6K1diH+USMRzDA7AnzRBaLOOW5NwjiDzH6DVOVi/CjpCYXi+iOng=='),
(1472, 2, '2017-05-23 16:20:43', 1, 'LT017M6joDAFvJqf4Oqo2vCEIJh2hp1DlHMRBNf6wbNpHLxSEE242l65i2Q2tsPWxgqumPIZbXs='),
(1473, 1, '2017-05-23 16:21:50', 1, 'pAoyF0S3vinfpAsHNTuewPCEIJh2hp1DlHMRBNf6wbNpHLxSEE242sJIwjZQ6J9PQ2vuIbgVtAI='),
(1474, 1, '2017-05-23 16:23:05', 1, 'lUlrIsNB940VQmDJilcn0hpVb0MTbG+YVrsBrSwvdz8ZNa/7jmsyTeiK5J2UexkfLqPpQXr6sXZ7rIcx2w0tDw=='),
(1475, 2, '2017-05-23 16:24:29', 1, 'cJKRO2IM/gtvJ4/BvNQ4TPCEIJh2hp1DlHMRBNf6wbNpHLxSEE242vdR9Rw07s8oxgqumPIZbXs='),
(1476, 2, '2017-05-23 16:29:13', 1, 'h3fIa8XHsA4vCQ7quj+1lxpVb0MTbG+YVrsBrSwvdz8ZNa/7jmsyTTP5MI325NsftQtdllCIwEx7rIcx2w0tDw=='),
(1477, 2, '2017-05-23 16:32:27', 1, 't61z2nw+U0bV6zK9X6wmwBpVb0MTbG+YVrsBrSwvdz8ZNa/7jmsyTYzu7gvBQgVqJZ0RfdwHFS17rIcx2w0tDw=='),
(1478, 2, '2017-05-23 16:34:46', 1, 'VDorTXDAejXs4kK75iMnQRpVb0MTbG+YVrsBrSwvdz8ZNa/7jmsyTZF5YQuf681PWvTR2HFoVmN7rIcx2w0tDw=='),
(1479, 2, '2017-05-23 16:38:43', 1, 'aoTvkaAGTI2aKKuu5QyS/vCEIJh2hp1DlHMRBNf6wbNpHLxSEE242vBcs8v++P/GxgqumPIZbXs='),
(1480, 2, '2017-05-23 16:44:34', 1, '3+ycqjmXYSkFvJqf4Oqo2vCEIJh2hp1DlHMRBNf6wbNpHLxSEE242iDDdaFEmQiexgqumPIZbXs='),
(1481, 2, '2017-05-23 16:50:18', 1, 'phKUpJD6EY2JiooRBUXkAfCEIJh2hp1DlHMRBNf6wbNpHLxSEE242vxltEoGWOVsxgqumPIZbXs='),
(1482, 2, '2017-05-23 16:53:21', 1, 'ugGx7BvjikmCsx9i8t/6+BpVb0MTbG+YVrsBrSwvdz8ZNa/7jmsyTaUUkTxE8dCykBEj7sT2r7J7rIcx2w0tDw=='),
(1483, 2, '2017-05-23 16:58:55', 1, 'jIcPdiqPtoScdc1KGNdUmfCEIJh2hp1DlHMRBNf6wbNpHLxSEE242ld2dtaFdi/RxgqumPIZbXs='),
(1484, 2, '2017-05-23 17:03:12', 1, '3wnqiVDHWXAHZEW5wmyA6cMhOnV2AhNfLn6K1diH+USMRzDA7AnzRBCZynXsFuXx0MZXuiYGccGjpCYXi+iOng=='),
(1485, 2, '2017-05-23 17:05:27', 1, '/WSEevayEzIh8PjDMhPppxpVb0MTbG+YVrsBrSwvdz8ZNa/7jmsyTbON7ZCbXnJ4cG7AXs/IB417rIcx2w0tDw=='),
(1486, 2, '2017-05-23 17:11:41', 1, 'FBaOfFStFpbLhfMP/iTVl8MhOnV2AhNfLn6K1diH+USMRzDA7AnzRLg4gfNDNeViFuk0gLOpuoCjpCYXi+iOng=='),
(1487, 2, '2017-05-23 17:17:19', 1, '8QtLnm93rSFFX7cp/bX/dvCEIJh2hp1DlHMRBNf6wbNpHLxSEE242gQTOj2VfTRuxgqumPIZbXs='),
(1488, 2, '2017-05-23 17:20:00', 1, 'nAAsa6eGH7PgHjtfzJIWiMMhOnV2AhNfLn6K1diH+USMRzDA7AnzRGCbZLy9/MTZqVXUl/IcBd6jpCYXi+iOng=='),
(1489, 2, '2017-05-23 17:27:38', 1, 'qAMdclmA3qovCQ7quj+1lxpVb0MTbG+YVrsBrSwvdz8ZNa/7jmsyTeLUwrBWs1jOUDMM8WevGo57rIcx2w0tDw=='),
(1490, 2, '2017-05-23 17:30:10', 1, 'ci6EUBN0XNYvCQ7quj+1lxpVb0MTbG+YVrsBrSwvdz8ZNa/7jmsyTaKJ1g1dA/K5tQtdllCIwEx7rIcx2w0tDw=='),
(1491, 2, '2017-05-23 19:04:26', 1, '/Wj+GWmqjUdwD5q3mvuMW8MhOnV2AhNfLn6K1diH+USMRzDA7AnzRHG068VbQp5YqIocIplKKOqjpCYXi+iOng=='),
(1492, 2, '2017-05-23 19:11:25', 1, 'xrC7HB9y0rTm2hqRa6YemhpVb0MTbG+YVrsBrSwvdz8ZNa/7jmsyTcfLXGbicC1WUDMM8WevGo57rIcx2w0tDw=='),
(1493, 2, '2017-05-23 19:20:00', 1, 'eTNZ9bA5YCyaKKuu5QyS/vCEIJh2hp1DlHMRBNf6wbNpHLxSEE242u9uzHhn/TLcxgqumPIZbXs='),
(1494, 2, '2017-05-23 19:25:36', 1, '1sKXOrFzpQEkbQDN72KdRBpVb0MTbG+YVrsBrSwvdz8ZNa/7jmsyTRpH7ThpkIYbP3L0uvuX4HN7rIcx2w0tDw=='),
(1495, 2, '2017-05-23 19:29:44', 1, '2qXwKo4OPcBkRE6H/DO83cMhOnV2AhNfLn6K1diH+USMRzDA7AnzRBvEmmvOT+Bauy5LJ+VVxKGjpCYXi+iOng=='),
(1496, 2, '2017-05-23 19:31:33', 1, 'up2jcr+JBWYh8PjDMhPppxpVb0MTbG+YVrsBrSwvdz8ZNa/7jmsyTbNRNTJxNCFNP3L0uvuX4HN7rIcx2w0tDw=='),
(1497, 2, '2017-05-23 19:32:38', 1, 'B2YO6KnC0pA4azgRnmar+vCEIJh2hp1DlHMRBNf6wbNpHLxSEE242iQDUO29+auOxgqumPIZbXs='),
(1498, 2, '2017-05-23 19:35:24', 1, 'e1bH7hXdHdMfdfIYZnJFiRpVb0MTbG+YVrsBrSwvdz8ZNa/7jmsyTehT+oh/pIR+WvTR2HFoVmN7rIcx2w0tDw=='),
(1499, 2, '2017-05-23 19:38:16', 1, 'lJGuQOA5rcbfpAsHNTuewPCEIJh2hp1DlHMRBNf6wbNpHLxSEE242riTR0N764sxxgqumPIZbXs='),
(1500, 2, '2017-05-23 19:42:40', 1, 'mQcpD6ZG4DcvCQ7quj+1lxpVb0MTbG+YVrsBrSwvdz8ZNa/7jmsyTcZf+VJuzmyjKf9RqwYFDih7rIcx2w0tDw=='),
(1501, 2, '2017-05-23 19:49:38', 1, 'q0s4X0LYJ9ejWg2mXJMZCBpVb0MTbG+YVrsBrSwvdz8ZNa/7jmsyTRa6Bs+YxRdWUKj5MYQbf757rIcx2w0tDw=='),
(1502, 2, '2017-05-23 19:54:03', 1, 'G69ZsyAnnRQPNlwiEvMNHMMhOnV2AhNfLn6K1diH+USMRzDA7AnzRMSkoX6+r7PNBKN1RMN0xU6jpCYXi+iOng=='),
(1503, 2, '2017-05-23 22:02:40', 1, 'Ito3DpIbxkrrYHKFA3sbpxpVb0MTbG+YVrsBrSwvdz8ZNa/7jmsyTQIHSZ3g8gxcP3L0uvuX4HN7rIcx2w0tDw=='),
(1504, 2, '2017-05-23 22:08:34', 1, 'CB9rFkyNolEKdxPAUrY4NxpVb0MTbG+YVrsBrSwvdz8ZNa/7jmsyTe8BN3Tu5hyPKf9RqwYFDih7rIcx2w0tDw=='),
(1505, 2, '2017-05-23 22:13:23', 1, 'RmBwXlob/aSTcnDMSzeut8MhOnV2AhNfLn6K1diH+USMRzDA7AnzROlfFzPVk18dT6x065147jKjpCYXi+iOng=='),
(1506, 2, '2017-05-23 22:18:01', 1, '8wZJXFQMORYfdfIYZnJFiRpVb0MTbG+YVrsBrSwvdz8ZNa/7jmsyTUSWRgoEhHq3P3L0uvuX4HN7rIcx2w0tDw=='),
(1507, 2, '2017-05-23 22:22:15', 1, 'wrUTleqMOJuBeSlKkG+Nl8MhOnV2AhNfLn6K1diH+USMRzDA7AnzRMtfRwLWXN9quy5LJ+VVxKGjpCYXi+iOng=='),
(1508, 2, '2017-05-23 22:25:27', 1, 'ugpGNHA2XUavysZv3dXEJhpVb0MTbG+YVrsBrSwvdz8ZNa/7jmsyTX/WUxhqiWR4tQtdllCIwEx7rIcx2w0tDw=='),
(1509, 2, '2017-05-23 22:28:03', 1, 'asDbQZCOzcIXqK/H/MmoY8MhOnV2AhNfLn6K1diH+USMRzDA7AnzRAIt2ZKGk8GvuP6lyxGFjJKjpCYXi+iOng=='),
(1510, 2, '2017-05-23 23:31:06', 1, 'qY8d6wW9MIJlRoWEO8cfXMMhOnV2AhNfLn6K1diH+USMRzDA7AnzRIEh9zcnIeA7ffqhXwQKbNajpCYXi+iOng=='),
(1511, 2, '2017-05-23 23:39:33', 1, '6ujUpZz7yjTs4kK75iMnQRpVb0MTbG+YVrsBrSwvdz8ZNa/7jmsyTRpC770NNxMM3o0ZtHixYcZ7rIcx2w0tDw=='),
(1512, 2, '2017-05-24 16:39:46', 1, 'Y7eArxrB2dnIFZDwYUGqMcMhOnV2AhNfLn6K1diH+USMRzDA7AnzRE9C6oTBA+RlHFu1QZrHg6ijpCYXi+iOng=='),
(1513, 99, '2017-06-01 19:27:15', 1, 'xjjYYrko5u9u7hKrSB0pC8MhOnV2AhNfLn6K1diH+USMRzDA7AnzROF9gdtvnQGw+rPF7gvunA6jpCYXi+iOng=='),
(1514, 99, '2017-06-01 19:27:18', 1, 'YVw7ZpPJeMhvJ4/BvNQ4TPCEIJh2hp1DlHMRBNf6wbMhq355G870nQOB5rT7nqDwE5FkfnN73o4='),
(1515, 99, '2017-06-01 19:27:29', 1, 'bABiCJGuRowfdfIYZnJFiRpVb0MTbG+YVrsBrSwvdz9vKNMTB2qjAhhuKvjtlK9ydmh8V0dW53l7rIcx2w0tDw=='),
(1516, 99, '2017-06-01 19:27:53', 1, 'iqWUudfxVPjSUbPRK/Ncg8MhOnV2AhNfLn6K1diH+USMRzDA7AnzRFZ1sXM/vC0tDqgBtuCrBgijpCYXi+iOng=='),
(1517, 99, '2017-06-01 19:27:54', 1, 'pJUL09KWEvVIdRXldGzHPBpVb0MTbG+YVrsBrSwvdz9vKNMTB2qjAlBAlNYrsmyCSD88KAx8Mpt7rIcx2w0tDw=='),
(1518, 90, '2017-06-01 19:30:23', 1, '/j/5h9oSV4Kcdc1KGNdUmfCEIJh2hp1DlHMRBNf6wbMhq355G870nau6LGLbC5oEda1D0LoBohI='),
(1519, 90, '2017-06-01 19:30:25', 1, 'RH0o2vBtdxP22QFqg4pqEMMhOnV2AhNfLn6K1diH+USMRzDA7AnzRHaDDFkZlwlIBy4zmkINbGmjpCYXi+iOng=='),
(1520, 90, '2017-06-01 19:30:30', 1, 'BdFzFyZqBJKLVpiNAS9pOxpVb0MTbG+YVrsBrSwvdz9vKNMTB2qjAneqwNo0mFqeZP+KOxW+c0Z7rIcx2w0tDw=='),
(1521, 90, '2017-06-01 19:30:30', 1, 'lbFXDsQCySLJQXnIdxqzvhpVb0MTbG+YVrsBrSwvdz9vKNMTB2qjAuNasYxruGehZP+KOxW+c0Z7rIcx2w0tDw=='),
(1522, 90, '2017-06-01 19:32:38', 1, 'ZgTpnD3ps+15XhPvH0cdbBpVb0MTbG+YVrsBrSwvdz9vKNMTB2qjAtFEBixkDSHF082B5s2B2nJ7rIcx2w0tDw=='),
(1523, 90, '2017-06-01 19:33:02', 1, 'y18oWhfhKRJxxLcFnbxuYRpVb0MTbG+YVrsBrSwvdz9vKNMTB2qjAghaOkouAPD0+KYYbnpQSUl7rIcx2w0tDw=='),
(1524, 90, '2017-06-01 19:33:21', 1, 'bgRHy6looyLaqAtkwkFRJsMhOnV2AhNfLn6K1diH+USMRzDA7AnzRDvtZ9p87zwWqQkZHCg8Yx2jpCYXi+iOng=='),
(1525, 90, '2017-06-01 19:34:15', 1, 'Ra25M3GiUwhYQONA+8Zu4BpVb0MTbG+YVrsBrSwvdz9vKNMTB2qjAkOkzup7FsyyjlnJDc1BDQ57rIcx2w0tDw=='),
(1526, 90, '2017-06-01 19:34:41', 1, 'jjSocmfnhaNxxLcFnbxuYRpVb0MTbG+YVrsBrSwvdz9vKNMTB2qjAg6PTjIMQbJkeKiiFHuFZGV7rIcx2w0tDw=='),
(1527, 90, '2017-06-01 19:35:44', 1, 'TcuBGpI15aE0OvHP08lV/8MhOnV2AhNfLn6K1diH+USMRzDA7AnzRMN0D4hbJXlaJ4E8BfjGIYCjpCYXi+iOng=='),
(1528, 10, '2017-06-01 19:41:59', 0, 'QdT2rQoTEjeaj05kdkMaasMhOnV2AhNfLn6K1diH+USMRzDA7AnzRG9LnINZDGoP+yB5Q2+2eQ2jpCYXi+iOng=='),
(1529, 10, '2017-06-01 19:42:04', 0, 'SZm7hXQrJa4e6mKqzymR2wfQTXCRgijLj0hslw33O9yyGvVoaHUAllZuVJmw28mOxLgWnl5vvXY='),
(1530, 10, '2017-06-01 19:42:06', 0, 'jBITWGJjNokh8PjDMhPppxpVb0MTbG+YVrsBrSwvdz9vKNMTB2qjAtILYwLz05SIRJBd+x6HXop7rIcx2w0tDw=='),
(1531, 10, '2017-06-01 19:42:07', 0, 'sRKZtg2UVDnGqPpI5FhLCRpVb0MTbG+YVrsBrSwvdz9vKNMTB2qjAnIm5BIpzNTuzC3y0uJ2LKF7rIcx2w0tDw=='),
(1532, 1, '2017-06-01 19:42:18', 1, 'gToAtbipVpPJQXnIdxqzvhpVb0MTbG+YVrsBrSwvdz9vKNMTB2qjAsnQl1WzpiTUjgieV96+Sgt7rIcx2w0tDw=='),
(1533, 1, '2017-06-01 19:45:29', 1, 'D+LthI8lzJSJiooRBUXkAfCEIJh2hp1DlHMRBNf6wbMhq355G870necLJs6yEk9zQ2vuIbgVtAI='),
(1534, 1, '2017-06-01 19:45:36', 1, 'EKP/JWWg3QX1B1HA7ZBfz8MhOnV2AhNfLn6K1diH+USMRzDA7AnzRHxa6zJt3yJ6/PrHNyeaUVGjpCYXi+iOng=='),
(1535, 1, '2017-06-01 19:45:38', 1, 'Kz6n4SlFPcz57vV5k2ZKOPCEIJh2hp1DlHMRBNf6wbMhq355G870nTuijT2WY2+UQ2vuIbgVtAI='),
(1536, 1, '2017-06-01 19:45:45', 1, '9fXEzjznR6CJiooRBUXkAfCEIJh2hp1DlHMRBNf6wbMhq355G870naq7+74Nblf3Q2vuIbgVtAI='),
(1537, 7, '2017-06-01 19:46:12', 0, 'Jl3L61c9nsrFsKOxWpIUURpVb0MTbG+YVrsBrSwvdz9vKNMTB2qjAkxnm8rMb6bxh3bGUJQ1SdF7rIcx2w0tDw=='),
(1538, 7, '2017-06-01 19:46:14', 0, 'HUb8YcKjTjWPqx6Xker1XBpVb0MTbG+YVrsBrSwvdz9vKNMTB2qjAiCQn1jx4hfsgRSNdfiRSBN7rIcx2w0tDw=='),
(1539, 7, '2017-06-01 19:46:15', 0, 'WdJSbu2QV7j57vV5k2ZKOPCEIJh2hp1DlHMRBNf6wbMhq355G870nStsq32WeiqGJccz5pfIls8='),
(1540, 98, '2017-06-01 19:46:28', 1, 'S+iYqXxVez8FEVEOscU6/hpVb0MTbG+YVrsBrSwvdz9vKNMTB2qjAi5+AmJtuwQrXbc04mx42wF7rIcx2w0tDw=='),
(1541, 98, '2017-06-01 19:46:30', 1, 'gxa676A7CGJH1WD61bnMghpVb0MTbG+YVrsBrSwvdz9vKNMTB2qjAp5Xgl5xa1cZhGlaFu4yPzt7rIcx2w0tDw=='),
(1542, 98, '2017-06-01 19:46:31', 1, 'W3KJfX46+DzadP7whul7OxpVb0MTbG+YVrsBrSwvdz9vKNMTB2qjAmEkBm9XqkBO+xfYO4TmStF7rIcx2w0tDw=='),
(1543, 98, '2017-06-01 19:46:31', 1, '08dCCEyISljiSUQnZ665rBpVb0MTbG+YVrsBrSwvdz9vKNMTB2qjAmqTiZRpDMko+QsQ6cob/SZ7rIcx2w0tDw=='),
(1544, 98, '2017-06-01 19:46:32', 1, 'tkYUgU1s2a3eiFsR41KEQRpVb0MTbG+YVrsBrSwvdz9vKNMTB2qjArz0ypsgqWvVUtEcQhFBa917rIcx2w0tDw=='),
(1545, 98, '2017-06-01 19:46:45', 1, 'ZvTrmdVFLyCQjQ8QwMw5BBpVb0MTbG+YVrsBrSwvdz9vKNMTB2qjAqKsoiKy8uop+xfYO4TmStF7rIcx2w0tDw=='),
(1546, 98, '2017-06-01 19:46:47', 1, 'Dzi9XZh4TKfrYHKFA3sbpxpVb0MTbG+YVrsBrSwvdz9vKNMTB2qjAlE5apNr3o2V1GL4xJS8Gjt7rIcx2w0tDw=='),
(1547, 90, '2017-06-01 19:50:57', 1, 'nlfhNwxNZsZ4gIT6KqMh18MhOnV2AhNfLn6K1diH+USMRzDA7AnzRB6w97tdUhB0DydJfrG2UlejpCYXi+iOng=='),
(1548, 99, '2017-06-01 19:51:24', 1, '9Pa8Ix9JmKxpAPJAkYu+w8MhOnV2AhNfLn6K1diH+USMRzDA7AnzRCOrZt4cfbOfl2IsOU9IkSyjpCYXi+iOng=='),
(1549, 99, '2017-06-01 19:51:25', 1, 'Leuk0mzaYvfjBIUQk90o6MMhOnV2AhNfLn6K1diH+USMRzDA7AnzRLV0In5NqQcBkxQIjxIkhXijpCYXi+iOng=='),
(1550, 99, '2017-06-01 19:51:35', 1, '/uObvjKoqBIf6qU88x0XvMMhOnV2AhNfLn6K1diH+USMRzDA7AnzRE++gwIdKaajdaTf9ssWXh2jpCYXi+iOng=='),
(1551, 99, '2017-06-01 19:51:36', 1, 'txXpn0FWyjmGlPogFDVf5hpVb0MTbG+YVrsBrSwvdz9vKNMTB2qjAkhi1iB+IWbIt/5/XHcXxrd7rIcx2w0tDw=='),
(1552, 99, '2017-06-01 19:51:59', 1, 'E46opycQ+71vJ4/BvNQ4TPCEIJh2hp1DlHMRBNf6wbMhq355G870nUNHTT9YlGhBE5FkfnN73o4='),
(1553, 99, '2017-06-01 19:52:02', 1, '9C3M66rKT5LH2I8Zjo3YshpVb0MTbG+YVrsBrSwvdz9vKNMTB2qjAnPczie/eSeSyDBztTAwGRF7rIcx2w0tDw=='),
(1554, 99, '2017-06-01 19:53:26', 1, '8ezV98TH73McyRTwkhzEgsMhOnV2AhNfLn6K1diH+USMRzDA7AnzRLc66ETJoyT180FhwJJQL+qjpCYXi+iOng=='),
(1555, 2, '2017-06-01 19:55:41', 1, '08tXQHuUfHwoAXhTEdhBFRpVb0MTbG+YVrsBrSwvdz9vKNMTB2qjAmgsYdf3vdeSUDMM8WevGo57rIcx2w0tDw=='),
(1556, 2, '2017-06-01 19:56:14', 0, 'WTq8hnMkxONFX7cp/bX/dvCEIJh2hp1DlHMRBNf6wbMhq355G870nW5Td63RFEKlxgqumPIZbXs='),
(1557, 90, '2017-06-01 19:59:25', 1, 'mbkSj5bIJPSwhu3zdJc9ccMhOnV2AhNfLn6K1diH+USMRzDA7AnzRImlHqKHMKS+3dSrs7HMFeujpCYXi+iOng=='),
(1558, 99, '2017-06-01 20:00:20', 1, 'vIVoJtRy2H4FvJqf4Oqo2vCEIJh2hp1DlHMRBNf6wbMhq355G870ncvFknRjCGQlE5FkfnN73o4='),
(1559, 99, '2017-06-01 20:00:51', 1, 'BP5Ofd+dCDoFEVEOscU6/hpVb0MTbG+YVrsBrSwvdz9vKNMTB2qjAq7L4x22ko+tbjcGLMr0LF57rIcx2w0tDw=='),
(1560, 99, '2017-06-01 20:03:20', 1, 'Il26dncDHO6Csx9i8t/6+BpVb0MTbG+YVrsBrSwvdz9vKNMTB2qjAh198AzWUIjZ+SsBSm5RkVF7rIcx2w0tDw=='),
(1561, 99, '2017-06-01 20:04:02', 1, 'tJob6y4s8/Hp3sw52m4jBRpVb0MTbG+YVrsBrSwvdz9vKNMTB2qjAuGMkeAteO5G+SsBSm5RkVF7rIcx2w0tDw=='),
(1562, 99, '2017-06-01 20:07:15', 1, 'Aco6H7gpEBYjwwLnuLhMqRpVb0MTbG+YVrsBrSwvdz9vKNMTB2qjAgeJnhS/bhJsvj9GIgGC71R7rIcx2w0tDw=='),
(1563, 99, '2017-06-01 20:07:17', 1, 'JVtsL6S1xNADcr7Z3j+A5MMhOnV2AhNfLn6K1diH+USMRzDA7AnzRAkPtUVdGftu5dUpUgjI13qjpCYXi+iOng=='),
(1564, 99, '2017-06-01 20:07:18', 1, 'wt/70VJHneger3q+dl+FpRpVb0MTbG+YVrsBrSwvdz9vKNMTB2qjAhcqsmCWTm+gdmh8V0dW53l7rIcx2w0tDw=='),
(1565, 99, '2017-06-01 20:07:20', 1, 'CMWwM3BFvAjFsKOxWpIUURpVb0MTbG+YVrsBrSwvdz9vKNMTB2qjAp82hBBLUrUo+SsBSm5RkVF7rIcx2w0tDw=='),
(1566, 99, '2017-06-01 20:08:14', 1, 'FTZMjhK08LJA7ZbI0v1W+hpVb0MTbG+YVrsBrSwvdz9vKNMTB2qjAmy85HPgBc7c2l9Ih8Z7Bwh7rIcx2w0tDw=='),
(1567, 99, '2017-06-01 21:46:43', 1, '4nSFti7cjv9af40LUB8hohpVb0MTbG+YVrsBrSwvdz9vKNMTB2qjAnH9s+is+2LY2l9Ih8Z7Bwh7rIcx2w0tDw=='),
(1568, 99, '2017-06-01 21:46:45', 1, 'akL9qd/webIFvJqf4Oqo2vCEIJh2hp1DlHMRBNf6wbMhq355G870nb/guvtmOZZGE5FkfnN73o4='),
(1569, 4, '2017-06-01 22:20:08', 1, 's0xceolGXLrFsKOxWpIUURpVb0MTbG+YVrsBrSwvdz9vKNMTB2qjAkjG5W14pbCRcArULmghVXJ7rIcx2w0tDw=='),
(1570, 4, '2017-06-01 22:21:07', 1, 'DhAKg3ovHZzu2NTYRX5IXhpVb0MTbG+YVrsBrSwvdz9vKNMTB2qjAt94hVU3ke9oAGPqbh5TyTp7rIcx2w0tDw=='),
(1571, 1, '2017-06-01 22:21:41', 1, 'A+OnV8XgkRser3q+dl+FpRpVb0MTbG+YVrsBrSwvdz9vKNMTB2qjAufkPNxNySaRLqPpQXr6sXZ7rIcx2w0tDw=='),
(1572, 99, '2017-06-01 22:36:28', 1, '4L8madpjVMHpP+vcer0a/cMhOnV2AhNfLn6K1diH+USMRzDA7AnzRBnAJGD3Kt0XsyQnsNs7b+ujpCYXi+iOng=='),
(1573, 99, '2017-06-02 10:29:08', 1, 'A7pNd/5iIKgCmjuCZjiYZxpVb0MTbG+YVrsBrSwvdz9vKNMTB2qjArwZf4uE/kGdSD88KAx8Mpt7rIcx2w0tDw=='),
(1574, 99, '2017-06-02 10:29:25', 1, 'N2G7XJl2ZfrFsKOxWpIUURpVb0MTbG+YVrsBrSwvdz9vKNMTB2qjAr9YDTx8Nhd1tGvLC82NJyd7rIcx2w0tDw=='),
(1575, 99, '2017-06-02 10:30:34', 1, 'UU4WoAtMVncZ13Ko7yA2/MMhOnV2AhNfLn6K1diH+USMRzDA7AnzRPTVvnc704d8bbO3L5otfJSjpCYXi+iOng=='),
(1576, 99, '2017-06-02 17:06:42', 1, 'Ld6hbTvnJGTBqnScqOQ+GBpVb0MTbG+YVrsBrSwvdz9vKNMTB2qjAvjHDSR/S+NKvf1PAd9jNkB7rIcx2w0tDw=='),
(1577, 99, '2017-06-02 17:06:44', 1, 'EHz1c8JqEM9l/Pmun/ug6MMhOnV2AhNfLn6K1diH+USMRzDA7AnzRANOgtnlYnD/AA8KY0RFIhujpCYXi+iOng=='),
(1578, 99, '2017-06-02 17:06:46', 1, 'AOsKPCCJNZrH4cdbq8m2XhpVb0MTbG+YVrsBrSwvdz9vKNMTB2qjAp3DhvWGBh8tvj9GIgGC71R7rIcx2w0tDw=='),
(1579, 98, '2017-06-02 17:06:53', 1, '3fpRPAQe1qMer3q+dl+FpRpVb0MTbG+YVrsBrSwvdz9vKNMTB2qjAvgNHYrahF/h+xfYO4TmStF7rIcx2w0tDw=='),
(1580, 98, '2017-06-02 17:06:54', 1, 'xMMIt/WuYx4e6mKqzymR2wfQTXCRgijLj0hslw33O9ylSC23lbdwRCcAjp3s9ZfvCR4/bu+KH8k='),
(1581, 98, '2017-06-02 17:06:55', 1, 'EwzJ+X+RB3zO3iVF65lpEcMhOnV2AhNfLn6K1diH+USMRzDA7AnzRC8mZQ/E/9n5Rszy6PH7UaSjpCYXi+iOng=='),
(1582, 98, '2017-06-03 08:37:18', 1, 'AD3t+67XQM4FvJqf4Oqo2vCEIJh2hp1DlHMRBNf6wbMRNAyqqb84Kp39IKEb6ziYx4+oOlj+0uI='),
(1583, 98, '2017-06-03 08:37:58', 1, '7y6UvfALe80GUgOboKz1RsMhOnV2AhNfLn6K1diH+USMRzDA7AnzRFKfQ+DHeSf1yZhrpcL5/1ujpCYXi+iOng=='),
(1584, 1, '2017-06-03 13:35:07', 1, 'Yb1wKgcOpPAJJPpJkJu6xxpVb0MTbG+YVrsBrSwvdz9vKNMTB2qjAsBoQGN9lh95o6RMWM88+g17rIcx2w0tDw=='),
(1585, 2, '2017-06-03 14:10:10', 0, 'as62nz4Gu3feiFsR41KEQRpVb0MTbG+YVrsBrSwvdz9vKNMTB2qjAiFKAiQtKfz3UDMM8WevGo57rIcx2w0tDw=='),
(1586, 98, '2017-06-05 09:11:51', 1, '8Dh4VZ8JSv6Ec5L6Ui2dnhpVb0MTbG+YVrsBrSwvdz9vKNMTB2qjApL7KCvamFelzoDKJS77ajl7rIcx2w0tDw=='),
(1587, 99, '2017-06-05 09:12:13', 1, '764chBN5liHOPUIjdYDnchpVb0MTbG+YVrsBrSwvdz9vKNMTB2qjArL7F4oHVnOmvf1PAd9jNkB7rIcx2w0tDw=='),
(1588, 98, '2017-06-05 09:12:59', 1, 'rM/T9xcSV/Ce+iDim4HJfRpVb0MTbG+YVrsBrSwvdz9vKNMTB2qjAp5JOSlQAKnsXbc04mx42wF7rIcx2w0tDw=='),
(1589, 99, '2017-06-05 09:15:08', 1, 'cbFQGc5Qe6tRwamTgL41ohpVb0MTbG+YVrsBrSwvdz9vKNMTB2qjAqqkX2A+Szaw2l9Ih8Z7Bwh7rIcx2w0tDw=='),
(1590, 99, '2017-06-05 09:15:09', 1, 'PoSpXFQvWf6Csx9i8t/6+BpVb0MTbG+YVrsBrSwvdz9vKNMTB2qjAh5hEZrh7MOqvj9GIgGC71R7rIcx2w0tDw=='),
(1591, 99, '2017-06-05 09:15:43', 1, '1SXkH3/TMKt2Elwr5YKgwBpVb0MTbG+YVrsBrSwvdz9vKNMTB2qjAo6t9oYIzua9t/5/XHcXxrd7rIcx2w0tDw=='),
(1592, 98, '2017-06-05 09:17:33', 1, 'pGDnRZ6pXW5uoxqssbrgLBpVb0MTbG+YVrsBrSwvdz9vKNMTB2qjAks36jv1+nf7UctfdBUsD817rIcx2w0tDw=='),
(1593, 98, '2017-06-05 09:18:04', 1, 'FMCklQ01DBWaKKuu5QyS/vCEIJh2hp1DlHMRBNf6wbPF1c8H64/M+wnpb7YIZvcMx4+oOlj+0uI='),
(1594, 98, '2017-06-05 09:19:14', 1, 'Q33CU0Ju/KceRMm62F9/lMMhOnV2AhNfLn6K1diH+USMRzDA7AnzRIT6p/sBZKwKSXpOA0k6xMmjpCYXi+iOng=='),
(1595, 98, '2017-06-05 09:25:28', 1, '/MSNqRQKVovUCT/2FsSjKsMhOnV2AhNfLn6K1diH+USMRzDA7AnzRFrLcOWiHvXgVaNqzLU+uESjpCYXi+iOng=='),
(1596, 1, '2017-06-05 20:58:24', 1, 'EQDTWSJJxKgVgljB0TsQuMMhOnV2AhNfLn6K1diH+USMRzDA7AnzRMsFyPT/mdHlsOhrChaSvRWjpCYXi+iOng=='),
(1597, 1, '2017-06-05 21:01:20', 1, 'dHTOqioehVs4azgRnmar+vCEIJh2hp1DlHMRBNf6wbPF1c8H64/M+8VoBF3oMo8VQ2vuIbgVtAI='),
(1598, 1, '2017-06-05 21:03:40', 1, 'sOOD0mhu7rVJtuInOPcPkBpVb0MTbG+YVrsBrSwvdz9vKNMTB2qjAmElZpoCdHfd9gOraSU1B9V7rIcx2w0tDw=='),
(1599, 2, '2017-06-05 21:06:23', 0, 'z0tgUGKJpUIYc/o0H79UPcMhOnV2AhNfLn6K1diH+USMRzDA7AnzRGQ5ODsWlCGeubeFfZz50LOjpCYXi+iOng=='),
(1600, 99, '2017-06-05 21:17:56', 1, 'OCXt8Lr2vl2toT+/WPh+xxpVb0MTbG+YVrsBrSwvdz9vKNMTB2qjApK7HG3me2BvbjcGLMr0LF57rIcx2w0tDw=='),
(1601, 99, '2017-06-05 21:18:00', 1, '7JGFowTkkw3eiFsR41KEQRpVb0MTbG+YVrsBrSwvdz9vKNMTB2qjAjksrcUfxXsv2l9Ih8Z7Bwh7rIcx2w0tDw=='),
(1602, 99, '2017-06-05 21:18:01', 1, 'RKShud2IrvSxVhZDWnwyEcMhOnV2AhNfLn6K1diH+USMRzDA7AnzRPQ1dA0KMG73favrNRraKh+jpCYXi+iOng=='),
(1603, 99, '2017-06-05 21:18:02', 1, '02elgHWAdLE2qI4jCiP+38MhOnV2AhNfLn6K1diH+USMRzDA7AnzRPiNK2BLSscFr4lBCKZn/LyjpCYXi+iOng=='),
(1604, 99, '2017-06-05 21:18:03', 1, 'D/BGxBvgqiaLVpiNAS9pOxpVb0MTbG+YVrsBrSwvdz9vKNMTB2qjAj93vSvS1tg1tGvLC82NJyd7rIcx2w0tDw=='),
(1605, 99, '2017-06-05 21:18:04', 1, 'JET0kgJQGXP57vV5k2ZKOPCEIJh2hp1DlHMRBNf6wbPF1c8H64/M+yF3j7GbJ829E5FkfnN73o4='),
(1606, 99, '2017-06-05 21:18:05', 1, 'ngy0lsvx0NJYETUhg/FgUsMhOnV2AhNfLn6K1diH+USMRzDA7AnzRDzUdfUbzOageo3erFlkxBWjpCYXi+iOng=='),
(1607, 99, '2017-06-05 21:18:06', 1, '29XgWlZKxoaPqx6Xker1XBpVb0MTbG+YVrsBrSwvdz9vKNMTB2qjAuZOd7lz8kCDdmh8V0dW53l7rIcx2w0tDw=='),
(1608, 99, '2017-06-05 21:18:35', 1, 'fdVIWKLQj1tTUwDz72EvF8MhOnV2AhNfLn6K1diH+USMRzDA7AnzRPN2d6rqXL8wsboTzUQyK2ijpCYXi+iOng=='),
(1609, 99, '2017-06-05 21:18:37', 1, 'zGMsOfkl4p4pLOy6mnwHqxpVb0MTbG+YVrsBrSwvdz9vKNMTB2qjAgyXZWVS1RjKSD88KAx8Mpt7rIcx2w0tDw=='),
(1610, 99, '2017-06-05 21:18:39', 1, 'GsaLJqR/6axkefh37n0QAPCEIJh2hp1DlHMRBNf6wbPF1c8H64/M+yDow5Ovh81EE5FkfnN73o4='),
(1611, 99, '2017-06-05 21:18:41', 1, 'UQCJqR6qOj58+pb/DMPNIMMhOnV2AhNfLn6K1diH+USMRzDA7AnzRAALJmavCwbGsyQnsNs7b+ujpCYXi+iOng=='),
(1612, 99, '2017-06-05 21:25:56', 1, 'MuEGRHJVUhBYQONA+8Zu4BpVb0MTbG+YVrsBrSwvdz9vKNMTB2qjAkVI5DFbPmcat/5/XHcXxrd7rIcx2w0tDw=='),
(1613, 99, '2017-06-05 21:26:39', 1, 'd+9K+T6f6DDJa+FgohvSfRpVb0MTbG+YVrsBrSwvdz9vKNMTB2qjAgtd1/A+bC/0dmh8V0dW53l7rIcx2w0tDw=='),
(1614, 99, '2017-06-05 21:26:41', 1, 'a5Y47IZVYVZjhbCgf06jihpVb0MTbG+YVrsBrSwvdz9vKNMTB2qjAnjlyzSVYLuhSD88KAx8Mpt7rIcx2w0tDw=='),
(1615, 99, '2017-06-05 21:26:43', 1, 'BgWhRWdD1uQ4azgRnmar+vCEIJh2hp1DlHMRBNf6wbPF1c8H64/M+1e3LPEJC0MXE5FkfnN73o4='),
(1616, 99, '2017-06-05 21:26:48', 1, 'Kc8/cY5rPsdtpoZny8uY6MMhOnV2AhNfLn6K1diH+USMRzDA7AnzRKqVhaYB1oQP4i5UGA7dxP+jpCYXi+iOng=='),
(1617, 99, '2017-06-05 21:26:49', 1, 'qQgPo0Uq8gvadP7whul7OxpVb0MTbG+YVrsBrSwvdz9vKNMTB2qjAjQgCs4Sa3SIvj9GIgGC71R7rIcx2w0tDw=='),
(1618, 99, '2017-06-05 21:26:50', 1, 'TnZPqM6CHnaaKKuu5QyS/vCEIJh2hp1DlHMRBNf6wbPF1c8H64/M+5+K35iszf5ZE5FkfnN73o4='),
(1619, 99, '2017-06-05 21:26:51', 1, 'hBrruKfVTyxkefh37n0QAPCEIJh2hp1DlHMRBNf6wbPF1c8H64/M+2ShUOq2dHOHE5FkfnN73o4='),
(1620, 2, '2017-06-05 22:10:55', 0, 'qUXo2/utn/YXS/dAlRXeIcMhOnV2AhNfLn6K1diH+USMRzDA7AnzRLV/HQAZlamzXK7PbbY2CrejpCYXi+iOng=='),
(1621, 2, '2017-06-05 22:11:31', 0, 'tKErExN+Jxqnnrwpnp+5C8MhOnV2AhNfLn6K1diH+USMRzDA7AnzRFk3ZVdxuCbR5J+bvQzgRXejpCYXi+iOng=='),
(1622, 2, '2017-06-05 22:15:09', 0, 'D5SbEQAOEkWnoBAEOR+dSRpVb0MTbG+YVrsBrSwvdz9vKNMTB2qjAi00jIVGOkysWvTR2HFoVmN7rIcx2w0tDw=='),
(1623, 2, '2017-06-05 22:37:33', 0, 'f4aHBE08kUDBIeq6r/X8ThpVb0MTbG+YVrsBrSwvdz9vKNMTB2qjAp7ATiGDvq3dP3L0uvuX4HN7rIcx2w0tDw=='),
(1624, 2, '2017-06-05 22:48:22', 0, 'jY6l4X7rjMb57vV5k2ZKOPCEIJh2hp1DlHMRBNf6wbPF1c8H64/M+7+GRPZrVoCuxgqumPIZbXs='),
(1625, 2, '2017-06-05 23:26:31', 0, 'MN/1MfM68UaEc5L6Ui2dnhpVb0MTbG+YVrsBrSwvdz9vKNMTB2qjAtHJpbyhfxUYJZ0RfdwHFS17rIcx2w0tDw=='),
(1626, 2, '2017-06-06 00:26:50', 0, 't/7KgusuYpcZMHXqvuTBUhpVb0MTbG+YVrsBrSwvdz9vKNMTB2qjAudv5CWa5ppmJZ0RfdwHFS17rIcx2w0tDw=='),
(1627, 99, '2017-06-06 08:10:55', 1, '5JcgK110yfssM19UVellBRpVb0MTbG+YVrsBrSwvdz9vKNMTB2qjAtJNcd58OkQFt/5/XHcXxrd7rIcx2w0tDw=='),
(1628, 99, '2017-06-06 08:23:19', 1, 'EXlXDUNBtoroQ4lMH0AsWsMhOnV2AhNfLn6K1diH+USMRzDA7AnzRK3xTWQEGt2+ibaAYwj0UAKjpCYXi+iOng=='),
(1629, 99, '2017-06-06 10:55:12', 1, 'xITxHvI3uZxfuT65cqzNiMMhOnV2AhNfLn6K1diH+USMRzDA7AnzRBo+UtSidIaUWcKhdJJeORmjpCYXi+iOng=='),
(1630, 98, '2017-06-06 17:53:48', 1, 'Loz6Sgm9+YjybjtgCiImgMMhOnV2AhNfLn6K1diH+USMRzDA7AnzRFuhShuj49mSzu3ElNs/1p+jpCYXi+iOng=='),
(1631, 98, '2017-06-06 18:51:16', 1, '5fGPO7SS5hYNnhff7i8F7hpVb0MTbG+YVrsBrSwvdz9vKNMTB2qjAm9nvjEJK7Vt1GL4xJS8Gjt7rIcx2w0tDw=='),
(1632, 100, '2017-06-06 19:03:39', 1, '1KMOzemQkzser3q+dl+FpRpVb0MTbG+YVrsBrSwvdz9vKNMTB2qjAgMrZQCHnbGHDojNqqEZdIx7rIcx2w0tDw=='),
(1633, 98, '2017-06-06 22:11:39', 1, 'HQIJ3UAkrpScdc1KGNdUmfCEIJh2hp1DlHMRBNf6wbOraMJB/g25buPqWY8LVdyqx4+oOlj+0uI='),
(1634, 99, '2017-06-06 22:30:01', 1, 'qwodDGGy+FIe6mKqzymR2wfQTXCRgijLj0hslw33O9wm9r/OkeBpU3Fm6UOWGgp4nqd6GqPbF9o='),
(1635, 100, '2017-06-06 22:32:15', 1, '0WH6KfcKE2o4azgRnmar+vCEIJh2hp1DlHMRBNf6wbOraMJB/g25bnjVv72P16DPIZ201cb6upg='),
(1636, 98, '2017-06-06 22:35:53', 1, 'f/QOI+7jfEJJtuInOPcPkBpVb0MTbG+YVrsBrSwvdz9vKNMTB2qjAml7Ztf0I1h1hGlaFu4yPzt7rIcx2w0tDw=='),
(1637, 98, '2017-06-06 22:38:49', 1, 'yeQOO0QZW++noBAEOR+dSRpVb0MTbG+YVrsBrSwvdz9vKNMTB2qjAi9nUGNfPd7uXbc04mx42wF7rIcx2w0tDw=='),
(1638, 98, '2017-06-06 22:40:01', 1, '1ZIbyw2LCVSxGCqtK/+WncMhOnV2AhNfLn6K1diH+USMRzDA7AnzRCJzKqmaNBHQIqOM3V2tnT6jpCYXi+iOng=='),
(1639, 99, '2017-06-06 22:40:20', 1, 'JttLUbK6GK8jwwLnuLhMqRpVb0MTbG+YVrsBrSwvdz9vKNMTB2qjAiB5LN6KFUvPtGvLC82NJyd7rIcx2w0tDw=='),
(1640, 100, '2017-06-06 22:41:28', 1, '052c1znX1Yk9orIpLCj23cMhOnV2AhNfLn6K1diH+USMRzDA7AnzRPmixwhrrvoPqtCe3Eagbqq5jUbS3RlSdw==');
INSERT INTO `jianghu_token` (`id`, `user_id`, `time`, `state`, `token`) VALUES
(1641, 98, '2017-06-06 22:42:14', 1, 'pfOn1iHLa8vrEO5kFOzA5hpVb0MTbG+YVrsBrSwvdz9vKNMTB2qjAl47U3jmQ+tVWBRfPPUKc0h7rIcx2w0tDw=='),
(1642, 98, '2017-06-06 22:42:32', 1, '6a+1Rn9NJRhFX7cp/bX/dvCEIJh2hp1DlHMRBNf6wbOraMJB/g25bj0qlvZ5pNg4x4+oOlj+0uI='),
(1643, 99, '2017-06-06 22:43:05', 1, 'OvdWsgVaUXjhovUNGvnwHsMhOnV2AhNfLn6K1diH+USMRzDA7AnzRINqiMe6MCwP6WLzW98k2XKjpCYXi+iOng=='),
(1644, 100, '2017-06-06 22:44:34', 1, '0i8JOCz33cwvCQ7quj+1lxpVb0MTbG+YVrsBrSwvdz9vKNMTB2qjArPVh0Fqul5M4S3OvY/MICx7rIcx2w0tDw=='),
(1645, 98, '2017-06-06 22:45:43', 1, 'p6A8b5+kL2wfdfIYZnJFiRpVb0MTbG+YVrsBrSwvdz9vKNMTB2qjAvoiXMQvJhyfUctfdBUsD817rIcx2w0tDw=='),
(1646, 99, '2017-06-06 22:50:17', 1, 'WCd8NlK/Lq9FX7cp/bX/dvCEIJh2hp1DlHMRBNf6wbOraMJB/g25bv0fKINZRxp9E5FkfnN73o4='),
(1647, 100, '2017-06-06 22:52:41', 1, 'Omh/hq2tkAfQzV3Ua1VpRcMhOnV2AhNfLn6K1diH+USMRzDA7AnzRC1T4niWIIUlD0hu9MxR86m5jUbS3RlSdw=='),
(1648, 100, '2017-06-07 07:37:23', 1, 'zp+CwhUHdJoer3q+dl+FpRpVb0MTbG+YVrsBrSwvdz9vKNMTB2qjAl5Zq1Rt9BiKGmJb3DoMb8t7rIcx2w0tDw=='),
(1649, 100, '2017-06-07 10:23:13', 1, 'VfMYQYLLIY8h8PjDMhPppxpVb0MTbG+YVrsBrSwvdz9vKNMTB2qjAk5H1DSIBp92GmJb3DoMb8t7rIcx2w0tDw=='),
(1650, 2, '2017-06-07 15:45:57', 0, 'dyLHzQzFRSgZMHXqvuTBUhpVb0MTbG+YVrsBrSwvdz9vKNMTB2qjAhT2IrXBRwGwUDMM8WevGo57rIcx2w0tDw=='),
(1651, 100, '2017-06-08 10:51:39', 1, 'g7I0ePZzADTlwzvkj2ume8MhOnV2AhNfLn6K1diH+USMRzDA7AnzRMxTxs3a/bGb/dcvMYS/iFG5jUbS3RlSdw=='),
(1652, 1, '2017-06-09 10:20:48', 1, '5CPHXse96S0jwwLnuLhMqRpVb0MTbG+YVrsBrSwvdz9vKNMTB2qjAkTsEErvvNgBfXcyrElWFOp7rIcx2w0tDw=='),
(1653, 100, '2017-06-10 06:57:46', 1, 't2eKvXy6s8BFX7cp/bX/dvCEIJh2hp1DlHMRBNf6wbPJOZH2Qul4LBMQTzW0LWrfIZ201cb6upg='),
(1654, 100, '2017-06-10 07:44:26', 1, 'ZiTjw61BASpx2V9Cip9xrxpVb0MTbG+YVrsBrSwvdz/woOwku86nVe8ymUHCaciF4S3OvY/MICx7rIcx2w0tDw=='),
(1655, 99, '2017-06-10 07:45:13', 1, 'G0Jzm+tLrMru2NTYRX5IXhpVb0MTbG+YVrsBrSwvdz/woOwku86nVVX5pyrTOtH4bjcGLMr0LF57rIcx2w0tDw=='),
(1656, 1, '2017-06-12 08:47:09', 1, 'Ba1CJzaPyrVH1WD61bnMghpVb0MTbG+YVrsBrSwvdz/woOwku86nVYV/EijizBBCe+BWIvokDvB7rIcx2w0tDw=='),
(1657, 1, '2017-06-12 13:28:20', 1, 'WdycVku5C6Cf5szJ3HvdNhpVb0MTbG+YVrsBrSwvdz/woOwku86nVe2PA/CuoVd2o6RMWM88+g17rIcx2w0tDw=='),
(1658, 1, '2017-06-12 13:28:38', 1, 'Bsnm7++J+Jmcdc1KGNdUmfCEIJh2hp1DlHMRBNf6wbMitwMByCPevec6IhgGwlY8Q2vuIbgVtAI='),
(1659, 1, '2017-06-12 13:31:42', 1, 'X0Q3sdn4KbqJiooRBUXkAfCEIJh2hp1DlHMRBNf6wbMitwMByCPevYbBKqQg77oeQ2vuIbgVtAI='),
(1660, 1, '2017-06-12 16:22:23', 1, 'JnlbdWpdYKNjhbCgf06jihpVb0MTbG+YVrsBrSwvdz/woOwku86nVQDIwJ9H3lJFmZE95gFhV357rIcx2w0tDw=='),
(1661, 99, '2017-06-15 13:59:46', 1, '+iOjfhkagBQh8PjDMhPppxpVb0MTbG+YVrsBrSwvdz/woOwku86nVTdSmkEcLVVnvf1PAd9jNkB7rIcx2w0tDw=='),
(1662, 99, '2017-06-15 14:39:54', 1, '1vQWP+xCXsbOPUIjdYDnchpVb0MTbG+YVrsBrSwvdz/woOwku86nVcsE7bxPDMunt/5/XHcXxrd7rIcx2w0tDw=='),
(1663, 1, '2017-06-18 21:06:09', 1, 'P7yFcxN7S9T57vV5k2ZKOPCEIJh2hp1DlHMRBNf6wbNkFsY7EbRi18rNDQhz60J4Q2vuIbgVtAI='),
(1664, 1, '2017-06-18 21:16:30', 1, 'ko4c+VmWtYLaOl8uekOssRpVb0MTbG+YVrsBrSwvdz/woOwku86nVSx1lU8Oviqba5sr9eEzTtx7rIcx2w0tDw=='),
(1665, 1, '2017-06-18 21:28:11', 1, 'h2kMBa+NtTb57vV5k2ZKOPCEIJh2hp1DlHMRBNf6wbNkFsY7EbRi137MOL1KtB3yQ2vuIbgVtAI='),
(1666, 2, '2017-06-18 21:28:56', 0, 'GXKa5MBd6ieRNlAWk3DsaRpVb0MTbG+YVrsBrSwvdz/woOwku86nVSZlR4+PBDEoP3L0uvuX4HN7rIcx2w0tDw=='),
(1667, 99, '2017-06-18 21:39:28', 1, 'S+AgkyP2pIXfpAsHNTuewPCEIJh2hp1DlHMRBNf6wbNkFsY7EbRi17kiUcCA03QAE5FkfnN73o4='),
(1668, 99, '2017-06-18 21:39:41', 1, 'i6vhNdJOi3HjBIUQk90o6MMhOnV2AhNfLn6K1diH+USMRzDA7AnzRC56Ql87KBuqCGMsWEs3GLqjpCYXi+iOng=='),
(1669, 2, '2017-06-18 21:59:21', 0, 'EHlTLwtQk/wFvJqf4Oqo2vCEIJh2hp1DlHMRBNf6wbNkFsY7EbRi1/D5/sq11ahfxgqumPIZbXs='),
(1670, 2, '2017-06-18 22:23:34', 0, '0UgB915Xbc6JiooRBUXkAfCEIJh2hp1DlHMRBNf6wbNkFsY7EbRi1xXCjdmnLAZnxgqumPIZbXs='),
(1671, 2, '2017-06-18 22:40:08', 0, 'aEQAajoT0QoJq1IO7SKggsMhOnV2AhNfLn6K1diH+USMRzDA7AnzRIt+qumO22R1EsA940xOHimjpCYXi+iOng=='),
(1672, 2, '2017-06-18 22:46:04', 0, 'UykCmL2RAyXZJbbDbXot+8MhOnV2AhNfLn6K1diH+USMRzDA7AnzRIs2slANGBpfCPbIyYPwyQyjpCYXi+iOng=='),
(1673, 1, '2017-06-18 22:49:23', 1, 'w3HPdRQgS48er3q+dl+FpRpVb0MTbG+YVrsBrSwvdz/woOwku86nVe4jZlT4+juEfXcyrElWFOp7rIcx2w0tDw=='),
(1674, 1, '2017-06-18 22:59:08', 1, 'AqPdiQp4P0B5XhPvH0cdbBpVb0MTbG+YVrsBrSwvdz/woOwku86nVRpi+LQuY6Zia5sr9eEzTtx7rIcx2w0tDw=='),
(1675, 2, '2017-06-18 23:01:03', 0, 'LLwB/iobsj4tmKiEH6uPVhpVb0MTbG+YVrsBrSwvdz/woOwku86nVWoHv5rG7qQ4UKj5MYQbf757rIcx2w0tDw=='),
(1676, 1, '2017-06-18 23:19:35', 1, 'wBIPSsgA2rua87egCDE4oxpVb0MTbG+YVrsBrSwvdz/woOwku86nVSW730ADZmZ7LqPpQXr6sXZ7rIcx2w0tDw=='),
(1677, 1, '2017-06-19 01:00:41', 1, 'd0VVrJb8lBq5VvKDHPGF5cMhOnV2AhNfLn6K1diH+USMRzDA7AnzRBFx8ZxuJC6AFFwWKFda9fGjpCYXi+iOng=='),
(1678, 99, '2017-06-19 13:34:57', 1, 'b0IQpcROMz4FvJqf4Oqo2vCEIJh2hp1DlHMRBNf6wbPv3r/TxZrVxUnlZB+wJOqSE5FkfnN73o4='),
(1679, 99, '2017-06-19 15:26:43', 1, '7VYdK9FGF/aaKKuu5QyS/vCEIJh2hp1DlHMRBNf6wbPv3r/TxZrVxVi/CQLIB4yPE5FkfnN73o4='),
(1680, 99, '2017-06-19 15:27:05', 1, 'vByputu0bfj1k7KLgdS8OcMhOnV2AhNfLn6K1diH+USMRzDA7AnzRL/CwpQi6PrtgwMMTgGE06ejpCYXi+iOng=='),
(1681, 99, '2017-06-19 15:27:13', 1, '1F82zdOlG1fl1fLsJ7sk08MhOnV2AhNfLn6K1diH+USMRzDA7AnzRKTQlhvrCAD7lByQDq3DmxejpCYXi+iOng=='),
(1682, 99, '2017-06-19 15:27:22', 1, 'sECQv7KbL0Y4azgRnmar+vCEIJh2hp1DlHMRBNf6wbPv3r/TxZrVxYbfp+IWc8QLE5FkfnN73o4='),
(1683, 101, '2017-06-20 05:34:12', 0, '7bO9ywbR8Khaf40LUB8hohpVb0MTbG+YVrsBrSwvdz/woOwku86nVbz2gCXVCTvHZYjE8HKdial7rIcx2w0tDw=='),
(1684, 99, '2017-06-20 09:54:54', 1, 'vBhhrfE/SEgkOCT4T388PsMhOnV2AhNfLn6K1diH+USMRzDA7AnzRJaa8A9Y9J9U6XMtmkTwFQujpCYXi+iOng=='),
(1685, 98, '2017-06-20 10:28:33', 1, 'Fx75c3QYFwbH2I8Zjo3YshpVb0MTbG+YVrsBrSwvdz/woOwku86nVSuBUcuDCsuOqpyltyilhi17rIcx2w0tDw=='),
(1686, 98, '2017-06-20 12:46:49', 1, '3cfxs1679bJvJ4/BvNQ4TPCEIJh2hp1DlHMRBNf6wbOmopgKo+uO4Fm+Rbn0/nsUx4+oOlj+0uI='),
(1687, 1, '2017-06-20 13:00:39', 1, 'XrSPOi5uLlnE64SYwVmCT8MhOnV2AhNfLn6K1diH+USMRzDA7AnzRASBmCkQMb+N7UwqHVJTtE+jpCYXi+iOng=='),
(1688, 1, '2017-06-20 13:00:39', 1, 'BfpbCHnasFUCmjuCZjiYZxpVb0MTbG+YVrsBrSwvdz/woOwku86nVTcrVteFuXxI2vjG//N2EMl7rIcx2w0tDw=='),
(1689, 1, '2017-06-20 13:02:00', 1, 'ZzmnKZEw9Kfu2NTYRX5IXhpVb0MTbG+YVrsBrSwvdz/woOwku86nVdIJbyP9FNv5LqPpQXr6sXZ7rIcx2w0tDw=='),
(1690, 1, '2017-06-20 13:04:14', 1, 'omrV5Ip5reOvysZv3dXEJhpVb0MTbG+YVrsBrSwvdz/woOwku86nVcQikZCSSZBJmZE95gFhV357rIcx2w0tDw=='),
(1691, 1, '2017-06-20 13:09:54', 1, 'Y65Gq65FH/EvCQ7quj+1lxpVb0MTbG+YVrsBrSwvdz/woOwku86nVfEQymLojJvDjgieV96+Sgt7rIcx2w0tDw=='),
(1692, 98, '2017-06-20 14:27:28', 1, 'L/lSKmYWTcxkefh37n0QAPCEIJh2hp1DlHMRBNf6wbOmopgKo+uO4HVu1E806rqEx4+oOlj+0uI='),
(1693, 98, '2017-06-20 15:07:43', 1, 'MeEt3QQYmkwvCQ7quj+1lxpVb0MTbG+YVrsBrSwvdz/woOwku86nVQRqi+QpHqBWXbc04mx42wF7rIcx2w0tDw=='),
(1694, 101, '2017-06-20 20:37:04', 0, 'uytkpMgNI9S8wY4882B1HxpVb0MTbG+YVrsBrSwvdz/woOwku86nVTkZL6HlBUOLwCtG57bvEC57rIcx2w0tDw=='),
(1695, 98, '2017-06-20 22:04:19', 1, 'kxlGGZzK38dcB4xEGOAABBpVb0MTbG+YVrsBrSwvdz/woOwku86nVU4G3xyEPmjqUctfdBUsD817rIcx2w0tDw=='),
(1696, 98, '2017-06-20 22:04:37', 1, 'QIIk5QBIeD/m2hqRa6YemhpVb0MTbG+YVrsBrSwvdz/woOwku86nVUdRQ/87Ipdr1GL4xJS8Gjt7rIcx2w0tDw=='),
(1697, 101, '2017-06-20 22:16:53', 0, 'dsbIgeCTO1ycdc1KGNdUmfCEIJh2hp1DlHMRBNf6wbOmopgKo+uO4Isyq8HOTvI9rUB88+pEzqE='),
(1698, 98, '2017-06-21 08:18:49', 1, 'wVHsWNTZSxeAZSoh2obdLhpVb0MTbG+YVrsBrSwvdz+V+ycP9RTuTsvF2cv5Cejb+QsQ6cob/SZ7rIcx2w0tDw=='),
(1699, 98, '2017-06-21 08:31:59', 1, 'Ri/F/tN0Va/rEO5kFOzA5hpVb0MTbG+YVrsBrSwvdz+V+ycP9RTuTrU2LX92gZa3UctfdBUsD817rIcx2w0tDw=='),
(1700, 98, '2017-06-21 08:38:52', 1, '4K8oblOGeYUe6mKqzymR2wfQTXCRgijLj0hslw33O9wvRj2bQuYK8LKmJ79r1c6SCR4/bu+KH8k='),
(1701, 99, '2017-06-21 09:15:31', 1, 'Gz04VCE9DgYFvJqf4Oqo2vCEIJh2hp1DlHMRBNf6wbN5QASodg0Fq/Gl8iBsHA+JE5FkfnN73o4='),
(1702, 98, '2017-06-21 09:18:56', 1, '0Lr0tZTohevVKK1yILAdFcMhOnV2AhNfLn6K1diH+USMRzDA7AnzREHtoo9YCyJKxMCUIabWpbWjpCYXi+iOng=='),
(1703, 98, '2017-06-21 17:11:10', 1, 'noKCXJd+RIdA4LMKEbokN8MhOnV2AhNfLn6K1diH+USMRzDA7AnzRBMkeiFVa2L9acRQxsK1fcSjpCYXi+iOng=='),
(1704, 98, '2017-06-21 17:13:47', 1, 'w1EWNTxHJosGUgOboKz1RsMhOnV2AhNfLn6K1diH+USMRzDA7AnzRLfI1W1pulGT6YLRwpsO5n6jpCYXi+iOng=='),
(1705, 98, '2017-06-21 17:15:08', 1, 'eFOVp1wGl+fV/BFiUptyoRpVb0MTbG+YVrsBrSwvdz+V+ycP9RTuTjQ4emYM0Ps0hGlaFu4yPzt7rIcx2w0tDw=='),
(1706, 98, '2017-06-21 17:16:43', 1, '/SXXjc3qncbadP7whul7OxpVb0MTbG+YVrsBrSwvdz+V+ycP9RTuTsK9xCv2RFVzXbc04mx42wF7rIcx2w0tDw=='),
(1707, 98, '2017-06-21 17:18:14', 1, 'FRfMd7vPj5+aKKuu5QyS/vCEIJh2hp1DlHMRBNf6wbN5QASodg0Fq1HMFczrkSiax4+oOlj+0uI='),
(1708, 98, '2017-06-21 17:25:42', 1, 'AeZNJ66l6sj8NQjRLXMKzhpVb0MTbG+YVrsBrSwvdz+V+ycP9RTuTh3a40d3VgiPhGlaFu4yPzt7rIcx2w0tDw=='),
(1709, 98, '2017-06-21 17:29:04', 1, 'KQ5497Fnp3iEc5L6Ui2dnhpVb0MTbG+YVrsBrSwvdz+V+ycP9RTuThQTTHfEYQvsXbc04mx42wF7rIcx2w0tDw=='),
(1710, 98, '2017-06-21 17:40:38', 1, 'FYLLosWzrbS8wY4882B1HxpVb0MTbG+YVrsBrSwvdz+V+ycP9RTuTofYQcjH+sTnUtEcQhFBa917rIcx2w0tDw=='),
(1711, 100, '2017-06-21 17:43:32', 1, 'iNaQqly+ktVcB4xEGOAABBpVb0MTbG+YVrsBrSwvdz+V+ycP9RTuTiUhVCB2qG3WKzV7PX3uPk17rIcx2w0tDw=='),
(1712, 100, '2017-06-21 17:50:56', 1, 'CScJQf5UaHoCiDGpUgGCGsMhOnV2AhNfLn6K1diH+USMRzDA7AnzRL1v6Bo5Au41pJmXBQc4Jp25jUbS3RlSdw=='),
(1713, 99, '2017-06-21 17:55:40', 1, '4ujpmKUgwtoFEVEOscU6/hpVb0MTbG+YVrsBrSwvdz+V+ycP9RTuTiLdLQfR5+XeyDBztTAwGRF7rIcx2w0tDw=='),
(1714, 1, '2017-06-21 19:59:09', 1, 'e5aKYFqEytr8NQjRLXMKzhpVb0MTbG+YVrsBrSwvdz+V+ycP9RTuTt1Hp1F+sE2WLqPpQXr6sXZ7rIcx2w0tDw=='),
(1715, 98, '2017-06-21 21:48:05', 1, 'p0CZ8Sv/3PFTxWem1G9plMMhOnV2AhNfLn6K1diH+USMRzDA7AnzRBJ8fltN+oLn94nIQYszV6ejpCYXi+iOng=='),
(1716, 98, '2017-06-22 19:18:10', 1, 'ejHb/N9BlhKh22+lmgTItBpVb0MTbG+YVrsBrSwvdz+V+ycP9RTuTrVFwaH9j+5gzoDKJS77ajl7rIcx2w0tDw=='),
(1717, 98, '2017-06-22 19:37:23', 1, '+3UTPxhapQriSUQnZ665rBpVb0MTbG+YVrsBrSwvdz+V+ycP9RTuTrv22UWxnO68UtEcQhFBa917rIcx2w0tDw=='),
(1718, 100, '2017-06-22 19:38:13', 1, 'BDFsbGnq6MyRNlAWk3DsaRpVb0MTbG+YVrsBrSwvdz+V+ycP9RTuTkTgjkYHZ5DmWrU4bJcE/sB7rIcx2w0tDw=='),
(1719, 99, '2017-06-23 14:10:12', 1, 'I7brE6xknbR5XhPvH0cdbBpVb0MTbG+YVrsBrSwvdz+V+ycP9RTuTgQgtCVlxM9Ydmh8V0dW53l7rIcx2w0tDw=='),
(1720, 98, '2017-06-23 14:15:14', 1, 'PyswKRmtjJOhvtHvDV7gnhpVb0MTbG+YVrsBrSwvdz+V+ycP9RTuTlLcPpPE2oOdzoDKJS77ajl7rIcx2w0tDw=='),
(1721, 100, '2017-06-23 14:22:34', 1, 'mSL1vvL9lIDH2I8Zjo3YshpVb0MTbG+YVrsBrSwvdz+V+ycP9RTuTnXDHrLh9W5nDojNqqEZdIx7rIcx2w0tDw=='),
(1722, 100, '2017-06-27 17:54:52', 1, 'U95e5/CWTUPeznFHytvkrcMhOnV2AhNfLn6K1diH+USMRzDA7AnzRM398LZHznw1SugN2BrEW3a5jUbS3RlSdw=='),
(1723, 100, '2017-06-27 17:55:21', 1, 'SR3IYZsunmIiq1iZtkQPYxpVb0MTbG+YVrsBrSwvdz+V+ycP9RTuTtE1n46j1QUtKzV7PX3uPk17rIcx2w0tDw=='),
(1724, 98, '2017-06-27 17:55:59', 1, 'XMEP7ljovlke6mKqzymR2wfQTXCRgijLj0hslw33O9yRf2a0lh13/Cn0Lc11fFHzCR4/bu+KH8k='),
(1725, 98, '2017-06-27 18:03:07', 1, 'ywNYEolGp7dIdRXldGzHPBpVb0MTbG+YVrsBrSwvdz+V+ycP9RTuTm6HhRuxEqu3UctfdBUsD817rIcx2w0tDw=='),
(1726, 98, '2017-06-30 15:28:18', 1, 'BR67Qt6ukMaQjQ8QwMw5BBpVb0MTbG+YVrsBrSwvdz+V+ycP9RTuTlITdsso9+BRzoDKJS77ajl7rIcx2w0tDw=='),
(1727, 99, '2017-06-30 15:28:47', 1, 'h2u4gP/piZFFX7cp/bX/dvCEIJh2hp1DlHMRBNf6wbNVEuh0daRT+UxhrlMSpUMiE5FkfnN73o4='),
(1728, 98, '2017-06-30 15:32:18', 1, 'PXAUJNVq3i2Csx9i8t/6+BpVb0MTbG+YVrsBrSwvdz+V+ycP9RTuTlyAT3yE34EyzoDKJS77ajl7rIcx2w0tDw=='),
(1729, 98, '2017-06-30 16:08:00', 1, 'ASBHphFUSygNnhff7i8F7hpVb0MTbG+YVrsBrSwvdz+V+ycP9RTuTjzB9Eom0+eAUctfdBUsD817rIcx2w0tDw=='),
(1730, 98, '2017-07-01 08:53:06', 1, '9iWKkmnK/PeLVpiNAS9pOxpVb0MTbG+YVrsBrSwvdz+V+ycP9RTuTtLhHCiQK2T1UctfdBUsD817rIcx2w0tDw=='),
(1731, 98, '2017-07-01 09:13:11', 1, 'rp+jm48ka7cN2sbeWUpaQ8MhOnV2AhNfLn6K1diH+USMRzDA7AnzRMPJ2+6i469dSXpOA0k6xMmjpCYXi+iOng=='),
(1732, 98, '2017-07-01 09:14:13', 1, '60T+H7pZS8pH1WD61bnMghpVb0MTbG+YVrsBrSwvdz+V+ycP9RTuTlPMAiGCSVsPqpyltyilhi17rIcx2w0tDw=='),
(1733, 98, '2017-07-01 09:18:13', 1, '/nOwOgt/JK7rYHKFA3sbpxpVb0MTbG+YVrsBrSwvdz+V+ycP9RTuTgb0Y6NFUGaD1GL4xJS8Gjt7rIcx2w0tDw=='),
(1734, 98, '2017-07-01 09:32:24', 1, 'yhINgEM4484ssy1NOUVbvMMhOnV2AhNfLn6K1diH+USMRzDA7AnzRMmRcs7Pc2acZ92pUjOr7WGjpCYXi+iOng=='),
(1735, 100, '2017-07-01 09:59:13', 1, '9Q9CyyIDUH/iSUQnZ665rBpVb0MTbG+YVrsBrSwvdz+V+ycP9RTuTkek6ptGCrBSKzV7PX3uPk17rIcx2w0tDw=='),
(1736, 90, '2017-07-01 10:00:49', 1, 'n0DXTNuPS0SaKKuu5QyS/vCEIJh2hp1DlHMRBNf6wbNVEuh0daRT+WT5612VexHCda1D0LoBohI='),
(1737, 90, '2017-07-01 10:00:50', 1, 'RADrRxsewBpCIr9J/GerUhpVb0MTbG+YVrsBrSwvdz+V+ycP9RTuTroQiktNo+o3+KYYbnpQSUl7rIcx2w0tDw=='),
(1738, 90, '2017-07-01 10:01:18', 1, 'Iq8nrrvxFNn2ybn3DaguWBpVb0MTbG+YVrsBrSwvdz+V+ycP9RTuTvogJjjTY623ZyUo2d9pQ0x7rIcx2w0tDw=='),
(1739, 98, '2017-07-01 17:02:26', 1, 'Gu07CPPfdOpu0A0qoll5jPA0csNCPy4FqcrVHqAS0MpcQSGJ+7KNR3/h7YYwuZMMnevYtFs5AbY='),
(1740, 98, '2017-07-01 17:18:07', 1, 'tA6RG7OifoPp3sw52m4jBRpVb0MTbG+YVrsBrSwvdz+V+ycP9RTuTnEcYxb++BJoWBRfPPUKc0h7rIcx2w0tDw=='),
(1741, 98, '2017-07-01 17:20:41', 1, 'oHpraEJEbOQmYaclquoW18MhOnV2AhNfLn6K1diH+USMRzDA7AnzRLgpeAPYDeewkog0pnOrfdajpCYXi+iOng=='),
(1742, 99, '2017-07-01 17:22:30', 1, 'I0uV+7LytVAe6mKqzymR2wfQTXCRgijLj0hslw33O9zRoJ0BFDr8XL4gFeSTYC2unqd6GqPbF9o='),
(1743, 100, '2017-07-01 17:23:26', 1, 'ScfM8yIc5k9RwamTgL41ohpVb0MTbG+YVrsBrSwvdz+V+ycP9RTuTlwg72T3MUCP+p/W6MRaVYR7rIcx2w0tDw=='),
(1744, 98, '2017-07-01 17:24:49', 1, 'LutwT98Ot8eJiooRBUXkAfCEIJh2hp1DlHMRBNf6wbMJ4m5GizI6ykxxLSpfN6ycx4+oOlj+0uI='),
(1745, 99, '2017-07-01 17:25:53', 1, 'eE1K83Zsbn36JVw7taRAnxpVb0MTbG+YVrsBrSwvdz+V+ycP9RTuThV1GCEYB1nIbjcGLMr0LF57rIcx2w0tDw=='),
(1746, 100, '2017-07-01 17:27:23', 1, '7hTadTV7vuo4/7XG/sLNBBpVb0MTbG+YVrsBrSwvdz+V+ycP9RTuToGuzX9YfoXB+p/W6MRaVYR7rIcx2w0tDw=='),
(1747, 98, '2017-07-01 17:28:26', 1, '8BXAOd3wieH/fwoencW7LcMhOnV2AhNfLn6K1diH+USMRzDA7AnzRCEbXD+C+xhnTRIdz6Olmy+jpCYXi+iOng=='),
(1748, 99, '2017-07-01 17:33:27', 1, 'TFs46KSaW3Tm2hqRa6YemhpVb0MTbG+YVrsBrSwvdz+V+ycP9RTuTuDmQ7KK1PaBvj9GIgGC71R7rIcx2w0tDw=='),
(1749, 98, '2017-07-01 17:36:28', 1, 'V6FodKI6O0EHZEW5wmyA6cMhOnV2AhNfLn6K1diH+USMRzDA7AnzRIVHxSDT5Oc57vy7WqOz9bGjpCYXi+iOng=='),
(1750, 98, '2017-07-01 17:37:14', 1, 'eO/92DZ3p38NYe5int0K+xpVb0MTbG+YVrsBrSwvdz+V+ycP9RTuTmbHzLtFTsuhqpyltyilhi17rIcx2w0tDw=='),
(1751, 98, '2017-07-01 22:04:51', 1, 'SWe194u0ZalIdRXldGzHPBpVb0MTbG+YVrsBrSwvdz+V+ycP9RTuTu3RyFyZFhRrhGlaFu4yPzt7rIcx2w0tDw=='),
(1752, 98, '2017-07-03 10:11:36', 1, 'p6vVf7fGctNFX7cp/bX/dvCEIJh2hp1DlHMRBNf6wbPdkiWOa/SErcRRQLwuXpMZx4+oOlj+0uI='),
(1753, 98, '2017-07-04 15:27:06', 1, 'GU9xVIlW6LKQjQ8QwMw5BBpVb0MTbG+YVrsBrSwvdz+RFWGe5d7eqhJpBIF2IMiwqpyltyilhi17rIcx2w0tDw=='),
(1754, 1, '2017-07-05 20:09:57', 1, 'wrvhMxgxzJLJ7oIQR+6FH8MhOnV2AhNfLn6K1diH+USMRzDA7AnzRMXVVylNjACWhajzefOV0lqjpCYXi+iOng=='),
(1755, 1, '2017-07-05 20:17:45', 1, 'N59nJYbon7ErtVnqQOHoYMMhOnV2AhNfLn6K1diH+USMRzDA7AnzRIvCMLdn/Dl4s9JVCsfHDjujpCYXi+iOng=='),
(1756, 101, '2017-07-06 21:46:19', 0, 'Ya/Q3f+ReXffpAsHNTuewPCEIJh2hp1DlHMRBNf6wbOFiuF8iA1dbnZ0y4hqaNekrUB88+pEzqE='),
(1757, 1, '2017-07-07 16:38:43', 1, 'IWPz1F+UseYNnhff7i8F7hpVb0MTbG+YVrsBrSwvdz+RFWGe5d7eqpDEFwhZHFSwfXcyrElWFOp7rIcx2w0tDw=='),
(1758, 98, '2017-07-07 18:06:29', 1, 'WVPYRHwuFzJRwamTgL41ohpVb0MTbG+YVrsBrSwvdz+RFWGe5d7eqsBJ8TkrHlXVWBRfPPUKc0h7rIcx2w0tDw=='),
(1759, 1, '2017-07-08 15:19:54', 1, 'y31k3hiK8RuaKKuu5QyS/vCEIJh2hp1DlHMRBNf6wbNIZWxrHVthzMqwHQvuLE23Q2vuIbgVtAI='),
(1760, 98, '2017-07-08 15:21:00', 1, 'WGtiGDTY/H/PJSvU+Lui6RpVb0MTbG+YVrsBrSwvdz+RFWGe5d7eqqXy8eVUjnHghGlaFu4yPzt7rIcx2w0tDw=='),
(1761, 98, '2017-07-08 15:39:32', 1, 'Zl1LLkMzLo2lrOpOKGYOnhpVb0MTbG+YVrsBrSwvdz+RFWGe5d7eqkKDKFBADZRIXbc04mx42wF7rIcx2w0tDw=='),
(1762, 98, '2017-07-08 15:46:28', 1, '4X61KKW4iTPadP7whul7OxpVb0MTbG+YVrsBrSwvdz+RFWGe5d7eqgvrjI6Ovkwq+xfYO4TmStF7rIcx2w0tDw=='),
(1763, 98, '2017-07-08 15:47:52', 1, 'afQy8GuzFDEJJPpJkJu6xxpVb0MTbG+YVrsBrSwvdz+RFWGe5d7eqpz9KInT0J6ghGlaFu4yPzt7rIcx2w0tDw=='),
(1764, 98, '2017-07-08 15:53:45', 1, 'AdNITkCngfse6mKqzymR2wfQTXCRgijLj0hslw33O9x0PzycSNpo0lbSnvb8FriaCR4/bu+KH8k='),
(1765, 98, '2017-07-08 16:04:50', 1, 'uFIt5yi8AywOxK+Y428j/xpVb0MTbG+YVrsBrSwvdz+RFWGe5d7eqvsjUT50Ewlr+QsQ6cob/SZ7rIcx2w0tDw=='),
(1766, 93, '2017-07-08 16:21:48', 1, 'RXTwWjfmA4ujmWuxPdPutRpVb0MTbG+YVrsBrSwvdz+RFWGe5d7eqkfsJypW+qIR2K6AjdhNvXZ7rIcx2w0tDw=='),
(1767, 90, '2017-07-08 16:23:30', 1, '+1pX+YO97+TfpAsHNTuewPCEIJh2hp1DlHMRBNf6wbPmK1sVLJ+vmGClcPnQdzyBda1D0LoBohI='),
(1768, 90, '2017-07-08 16:23:49', 1, 'qbtaB0VPzpU4azgRnmar+vCEIJh2hp1DlHMRBNf6wbPmK1sVLJ+vmO60BQ8t0752da1D0LoBohI='),
(1769, 90, '2017-07-08 16:23:58', 1, '+TFMQvwjayBoCuY4aMlTIxpVb0MTbG+YVrsBrSwvdz+RFWGe5d7eqhgtsJA5CxXxiCiv8dJSDTd7rIcx2w0tDw=='),
(1770, 98, '2017-07-08 16:25:30', 1, '6fQpPh3GJoCAZSoh2obdLhpVb0MTbG+YVrsBrSwvdz+RFWGe5d7eqiAR5OBDbRL+UctfdBUsD817rIcx2w0tDw=='),
(1771, 99, '2017-07-08 16:29:33', 1, 'VZonBC4KaRqQjQ8QwMw5BBpVb0MTbG+YVrsBrSwvdz+RFWGe5d7eqn9UE7arZ8ObbjcGLMr0LF57rIcx2w0tDw=='),
(1772, 101, '2017-07-11 07:36:14', 0, '/ScA4TsOthfmwjj1ocfhuxpVb0MTbG+YVrsBrSwvdz+RFWGe5d7eqvsmT4f3SYY6ZYjE8HKdial7rIcx2w0tDw=='),
(1773, 101, '2017-07-14 10:57:01', 0, 'ZU/h7dhH6s/2ybn3DaguWBpVb0MTbG+YVrsBrSwvdz9TZbu4BnJY4dMCD7vDYSGbbQXL8DCOXfF7rIcx2w0tDw=='),
(1774, 1, '2017-07-16 22:01:25', 1, 'cURcllucEvD57vV5k2ZKOPCEIJh2hp1DlHMRBNf6wbN1kRxssCz6ZtgZIHoFEX3bQ2vuIbgVtAI='),
(1775, 1, '2017-07-16 22:15:50', 1, 'ZzSKwb6d5kEe6mKqzymR2wfQTXCRgijLj0hslw33O9z0Vjxy51//AzzyV8PsW2N51RXzzLIInfI='),
(1776, 1, '2017-07-16 22:23:56', 1, 'laNjbE8OFY+JiooRBUXkAfCEIJh2hp1DlHMRBNf6wbN1kRxssCz6Zh/paBFf9Qv/Q2vuIbgVtAI='),
(1777, 1, '2017-07-16 22:24:02', 1, 'OqKuykEdMv9kefh37n0QAPCEIJh2hp1DlHMRBNf6wbN1kRxssCz6ZiFvviT7RLNBQ2vuIbgVtAI='),
(1778, 1, '2017-07-16 22:24:42', 1, 'qgmwGnSAf0Ca87egCDE4oxpVb0MTbG+YVrsBrSwvdz9TZbu4BnJY4fx7IVOEeYQLjgieV96+Sgt7rIcx2w0tDw=='),
(1779, 1, '2017-07-16 22:28:29', 1, 'Z9dt1+S1WCzJQXnIdxqzvhpVb0MTbG+YVrsBrSwvdz9TZbu4BnJY4fy+xOJSXxewfXcyrElWFOp7rIcx2w0tDw=='),
(1780, 1, '2017-07-16 22:31:53', 1, 'x5EV9kIWIwDV6zK9X6wmwBpVb0MTbG+YVrsBrSwvdz9TZbu4BnJY4WSltlDJKSPn2vjG//N2EMl7rIcx2w0tDw=='),
(1781, 1, '2017-07-16 22:32:29', 1, 'k8eZX1dbVFUCMgW+ZY2KzsMhOnV2AhNfLn6K1diH+UQjUBNE+WGWpU0FZqmLQBPKizEjLh98lE6jpCYXi+iOng=='),
(1782, 1, '2017-07-16 22:40:48', 1, 'lYKSjE6FMqaI2TT7TnX+OcMhOnV2AhNfLn6K1diH+UQjUBNE+WGWpfUBopegWSsMFFwWKFda9fGjpCYXi+iOng=='),
(1783, 1, '2017-07-16 22:42:46', 1, 'mRMuuoZRAvxkefh37n0QAPCEIJh2hp1DlHMRBNf6wbN1kRxssCz6Zhhmeg0YQHHbQ2vuIbgVtAI='),
(1784, 1, '2017-07-16 22:44:42', 1, 'ajUFRvnaSZZRwamTgL41ohpVb0MTbG+YVrsBrSwvdz9TZbu4BnJY4XhetGY8fsJMAxa65VqdYJx7rIcx2w0tDw=='),
(1785, 1, '2017-07-16 22:45:30', 1, 'dO2rmS98uQI4azgRnmar+vCEIJh2hp1DlHMRBNf6wbN1kRxssCz6Zr0gE9lP3qRFQ2vuIbgVtAI='),
(1786, 1, '2017-07-16 22:45:38', 1, 'kJ/cHjkiKG5cB4xEGOAABBpVb0MTbG+YVrsBrSwvdz9TZbu4BnJY4eZnmF5gVKsLa5sr9eEzTtx7rIcx2w0tDw=='),
(1787, 1, '2017-07-16 22:46:26', 1, 'r1grWlvAXqNZ94bCv/vDUMMhOnV2AhNfLn6K1diH+UQjUBNE+WGWpX4LSiitUwNfsyrQvcyHSs6jpCYXi+iOng=='),
(1788, 1, '2017-07-16 22:47:33', 1, 'Y+dW92ic6eyAZSoh2obdLhpVb0MTbG+YVrsBrSwvdz9TZbu4BnJY4dbypVxG0oN39gOraSU1B9V7rIcx2w0tDw=='),
(1789, 1, '2017-07-16 23:12:11', 1, 'bIklVWJBUCWlrOpOKGYOnhpVb0MTbG+YVrsBrSwvdz9TZbu4BnJY4QFVCYbGGOBKa5sr9eEzTtx7rIcx2w0tDw=='),
(1790, 1, '2017-07-16 23:12:46', 1, 'C6DsJVsiCCEK9wy0+/5128MhOnV2AhNfLn6K1diH+UQjUBNE+WGWpbO6I/Z9V0+lROCgTXdW4BejpCYXi+iOng=='),
(1791, 93, '2017-07-16 23:18:35', 1, 'iokjhwGF1x4pioqaQAa8GsMhOnV2AhNfLn6K1diH+UQjUBNE+WGWpWRMbr4WrRv69x7yh1Y7X5KjpCYXi+iOng=='),
(1792, 93, '2017-07-16 23:24:57', 1, '91oLnkk/z1AtYIblNbypXRpVb0MTbG+YVrsBrSwvdz9TZbu4BnJY4Qz6TgKREQNInlKqskflnDd7rIcx2w0tDw=='),
(1793, 1, '2017-07-16 23:53:57', 1, 'qzOulmSvlF6Ec5L6Ui2dnhpVb0MTbG+YVrsBrSwvdz9TZbu4BnJY4edymW/vMEEhmZE95gFhV357rIcx2w0tDw=='),
(1794, 93, '2017-07-17 00:04:57', 1, 'yjBcQ+MxXl6LVpiNAS9pOxpVb0MTbG+YVrsBrSwvdz9TZbu4BnJY4d+qnmcoNpo1hoHJOEJVv0J7rIcx2w0tDw=='),
(1795, 93, '2017-07-17 10:07:20', 1, 'lkzhEnULiyNFX7cp/bX/dvCEIJh2hp1DlHMRBNf6wbN1kRxssCz6ZlEZTVTAX0OVDFhhE1+7T3g='),
(1796, 93, '2017-07-17 12:25:33', 1, 'AMcb+oDC8uIjwwLnuLhMqRpVb0MTbG+YVrsBrSwvdz9TZbu4BnJY4SMWve+rY5Ey2K6AjdhNvXZ7rIcx2w0tDw=='),
(1797, 93, '2017-07-17 16:32:07', 1, 'ECYTthUx96TAoZZJiWN+isMhOnV2AhNfLn6K1diH+UQjUBNE+WGWpXHe24ufLX7JnLp4oyPjQJmjpCYXi+iOng=='),
(1798, 93, '2017-07-17 16:48:10', 1, 'htkvtgmORlNgiV3gQmFj/MMhOnV2AhNfLn6K1diH+UQjUBNE+WGWpbVJ0apnjQM4dQc8D43s9EyjpCYXi+iOng=='),
(1799, 93, '2017-07-17 17:07:57', 1, 'Uem3OPBWWUR+jQ7XfX1GksMhOnV2AhNfLn6K1diH+UQjUBNE+WGWpY4ZksQmiEBsXecmVqpFR2ajpCYXi+iOng=='),
(1800, 93, '2017-07-17 19:21:48', 1, 'ZFOpo5kKMHJlCfOW/06aScMhOnV2AhNfLn6K1diH+UQjUBNE+WGWpfPpw9e9huV9acP1wKAdBiejpCYXi+iOng=='),
(1801, 93, '2017-07-19 10:17:28', 1, 'kt0ZhT/vppPV/BFiUptyoRpVb0MTbG+YVrsBrSwvdz9TZbu4BnJY4QFXmpkZew3h8ph4Xel21tx7rIcx2w0tDw=='),
(1802, 93, '2017-07-19 10:21:33', 1, 'OihcByPn0K/H4cdbq8m2XhpVb0MTbG+YVrsBrSwvdz9TZbu4BnJY4b4Hc1rw/NR98ph4Xel21tx7rIcx2w0tDw=='),
(1803, 93, '2017-07-19 10:29:58', 1, 'HBqCnWJUy3FvJ4/BvNQ4TPCEIJh2hp1DlHMRBNf6wbMoGxLtrpo5DUNncb1eXJSEDFhhE1+7T3g='),
(1804, 93, '2017-07-19 10:53:50', 1, '3cgqsE7mQvMVQmDJilcn0hpVb0MTbG+YVrsBrSwvdz9TZbu4BnJY4SOK2xUzJr9P2K6AjdhNvXZ7rIcx2w0tDw=='),
(1805, 93, '2017-07-19 10:58:54', 1, '/XWQTv/ZwFB2Elwr5YKgwBpVb0MTbG+YVrsBrSwvdz9TZbu4BnJY4UJ/iwJm12KSTmUBxMuuGd97rIcx2w0tDw=='),
(1806, 93, '2017-07-19 11:03:11', 1, 'GUbfk8U6P0o0khjQp0/dGRpVb0MTbG+YVrsBrSwvdz9TZbu4BnJY4dAzRkfFlHD7hoHJOEJVv0J7rIcx2w0tDw=='),
(1807, 93, '2017-07-19 11:06:06', 1, 'xns3EcOU78yEc5L6Ui2dnhpVb0MTbG+YVrsBrSwvdz9TZbu4BnJY4dcRGMK3czHo8ph4Xel21tx7rIcx2w0tDw=='),
(1808, 93, '2017-07-19 11:17:00', 1, 'vhVke6Z+fMg4/7XG/sLNBBpVb0MTbG+YVrsBrSwvdz9TZbu4BnJY4TeKhBOuNH5aTmUBxMuuGd97rIcx2w0tDw=='),
(1809, 93, '2017-07-19 11:24:17', 1, '2KgMFfb2GmEVJCMn6YjmkMMhOnV2AhNfLn6K1diH+UQjUBNE+WGWpaivaQ2XwzzvC5up0x05Qy+jpCYXi+iOng=='),
(1810, 93, '2017-07-19 11:26:41', 1, 'flnoStnqXFBH1WD61bnMghpVb0MTbG+YVrsBrSwvdz9TZbu4BnJY4Q/SZlktcpKcfKgUEdCydI17rIcx2w0tDw=='),
(1811, 93, '2017-07-19 11:30:02', 1, 'd1rmAkHKiPU4azgRnmar+vCEIJh2hp1DlHMRBNf6wbMoGxLtrpo5DThAA31na3miDFhhE1+7T3g='),
(1812, 93, '2017-07-19 11:32:51', 1, 'fdTOf+EavAkh8PjDMhPppxpVb0MTbG+YVrsBrSwvdz9TZbu4BnJY4Xrvci3v3QgSfKgUEdCydI17rIcx2w0tDw=='),
(1813, 93, '2017-07-19 11:37:29', 1, 'J8sAr/UzruBFX7cp/bX/dvCEIJh2hp1DlHMRBNf6wbMoGxLtrpo5DfBw3SZJ149MDFhhE1+7T3g='),
(1814, 93, '2017-07-19 11:46:12', 1, '9kc+SE7bU7sbo0l5MrXSQBpVb0MTbG+YVrsBrSwvdz9TZbu4BnJY4W9prEtOWSG8J5xuIFk9V5l7rIcx2w0tDw=='),
(1815, 93, '2017-07-19 11:52:19', 1, 'MNZza6wugfWaKKuu5QyS/vCEIJh2hp1DlHMRBNf6wbMoGxLtrpo5Df815ZCsYg/+DFhhE1+7T3g='),
(1816, 93, '2017-07-19 11:58:40', 1, '1WsuzfiqxYBH1WD61bnMghpVb0MTbG+YVrsBrSwvdz9TZbu4BnJY4eku9IWc8OEV1kbtxYYtaix7rIcx2w0tDw=='),
(1817, 93, '2017-07-19 12:10:29', 1, 'sDpELsSMUhSLVpiNAS9pOxpVb0MTbG+YVrsBrSwvdz9TZbu4BnJY4ehkx1aRjUFVJ5xuIFk9V5l7rIcx2w0tDw=='),
(1818, 93, '2017-07-19 12:11:20', 1, 'qn7tqzyuQbUOxK+Y428j/xpVb0MTbG+YVrsBrSwvdz9TZbu4BnJY4VB1FHJYXWd1TmUBxMuuGd97rIcx2w0tDw=='),
(1819, 93, '2017-07-19 12:14:30', 1, '6svC5lI5viPfpAsHNTuewPCEIJh2hp1DlHMRBNf6wbMoGxLtrpo5DUD+3CE9JB/EDFhhE1+7T3g='),
(1820, 93, '2017-07-19 12:16:38', 1, 'ePmbpX1KkrTfpAsHNTuewPCEIJh2hp1DlHMRBNf6wbMoGxLtrpo5DQV88QZvJL2aDFhhE1+7T3g='),
(1821, 93, '2017-07-19 12:19:45', 1, '3UPqmH+hkqxX82fig6bYIsMhOnV2AhNfLn6K1diH+UQjUBNE+WGWpSyopb+CZ3mYUcocDuNLs2+jpCYXi+iOng=='),
(1822, 93, '2017-07-19 12:20:26', 1, 'iUbVa5d7cPQsM19UVellBRpVb0MTbG+YVrsBrSwvdz9TZbu4BnJY4d5kK/ea19TgnlKqskflnDd7rIcx2w0tDw=='),
(1823, 93, '2017-07-19 14:06:39', 1, 'vNhLyfrfhiSaKKuu5QyS/vCEIJh2hp1DlHMRBNf6wbMoGxLtrpo5DSkiwC+5dK8DDFhhE1+7T3g='),
(1824, 1, '2017-07-19 14:07:06', 1, 'e+ugI2jvrDMtYIblNbypXRpVb0MTbG+YVrsBrSwvdz9TZbu4BnJY4UMXj0vrf+62LqPpQXr6sXZ7rIcx2w0tDw=='),
(1825, 93, '2017-07-19 14:09:27', 1, '9wgW7EAjEr6Pqx6Xker1XBpVb0MTbG+YVrsBrSwvdz9TZbu4BnJY4Y7VW5KIieVBTmUBxMuuGd97rIcx2w0tDw=='),
(1826, 93, '2017-07-19 14:13:36', 1, 'UxSaiqw2B9Ocdc1KGNdUmfCEIJh2hp1DlHMRBNf6wbMoGxLtrpo5DaZ6MEqOhMfVDFhhE1+7T3g='),
(1827, 93, '2017-07-19 14:30:06', 1, 'jOUaoW7LT1GvysZv3dXEJhpVb0MTbG+YVrsBrSwvdz9TZbu4BnJY4UrUPNQ3Xw048ph4Xel21tx7rIcx2w0tDw=='),
(1828, 93, '2017-07-19 14:35:31', 1, '9E/+2wWD7RzBIeq6r/X8ThpVb0MTbG+YVrsBrSwvdz9TZbu4BnJY4VURYv/hSecx8ph4Xel21tx7rIcx2w0tDw=='),
(1829, 1, '2017-07-19 14:36:52', 1, 'cWVJjE7sj18kpBnY/lu9rhpVb0MTbG+YVrsBrSwvdz9TZbu4BnJY4ZGPORrL2DmHjgieV96+Sgt7rIcx2w0tDw=='),
(1830, 1, '2017-07-19 14:43:40', 1, 'FGPbMXfB5tnH4cdbq8m2XhpVb0MTbG+YVrsBrSwvdz9TZbu4BnJY4flwqCx3l/snLqPpQXr6sXZ7rIcx2w0tDw=='),
(1831, 1, '2017-07-19 14:48:56', 1, 'DudpVmPrpkEFvJqf4Oqo2vCEIJh2hp1DlHMRBNf6wbMoGxLtrpo5DWOkwpn6uYsBQ2vuIbgVtAI='),
(1832, 93, '2017-07-19 14:49:46', 1, 'CcI6sOEX5VOAZSoh2obdLhpVb0MTbG+YVrsBrSwvdz9TZbu4BnJY4c8LtpDvKDegTmUBxMuuGd97rIcx2w0tDw=='),
(1833, 93, '2017-07-19 14:52:30', 1, 'B1wHhcNwPZo+6vxsFhJyPsMhOnV2AhNfLn6K1diH+UQjUBNE+WGWpUY2ylm5aF5SK4W8EpswvnujpCYXi+iOng=='),
(1834, 93, '2017-07-19 14:52:35', 1, 'y69zjhsmaI297K0JUgC7KcMhOnV2AhNfLn6K1diH+UQjUBNE+WGWpebe6yqm9AgZC3lQSIB7gZCjpCYXi+iOng=='),
(1835, 93, '2017-07-19 15:01:12', 1, 'wXrEhmRhLMaJiooRBUXkAfCEIJh2hp1DlHMRBNf6wbMoGxLtrpo5Df4X+jAyaVjJDFhhE1+7T3g='),
(1836, 93, '2017-07-19 15:49:39', 1, '3e0rgAgJ7tQVQmDJilcn0hpVb0MTbG+YVrsBrSwvdz9TZbu4BnJY4d7T5njtcLi72K6AjdhNvXZ7rIcx2w0tDw=='),
(1837, 93, '2017-07-19 17:40:33', 1, 'MQH2ZW1skzVkefh37n0QAPCEIJh2hp1DlHMRBNf6wbMoGxLtrpo5DbENnoDSjNqHDFhhE1+7T3g='),
(1838, 93, '2017-07-20 10:30:08', 1, 'QeZ2oAyr0DvfpAsHNTuewPCEIJh2hp1DlHMRBNf6wbMmypu74kMKUUt5z58Tg4neDFhhE1+7T3g='),
(1839, 99, '2017-07-20 15:19:38', 1, 'lU574rCaFzsh8PjDMhPppxpVb0MTbG+YVrsBrSwvdz9TZbu4BnJY4WQSYCoRKXQNbjcGLMr0LF57rIcx2w0tDw=='),
(1840, 101, '2017-07-24 11:23:56', 0, 'RnQoo/5DWFPFsKOxWpIUURpVb0MTbG+YVrsBrSwvdz9TZbu4BnJY4Yo18+vbBshAY2K3WrNXtG57rIcx2w0tDw=='),
(1841, 1, '2017-07-24 14:47:10', 0, 'NiOjPVAlJ6Ae6mKqzymR2wfQTXCRgijLj0hslw33O9wy/9YjgQ1BXrFJXC/pY/SR1RXzzLIInfI='),
(1842, 1, '2017-07-24 14:55:28', 0, 'hXE3vHG8RP6cdc1KGNdUmfCEIJh2hp1DlHMRBNf6wbO2EpW7/bICIoAvPZuKc4hLQ2vuIbgVtAI='),
(1843, 101, '2017-07-25 06:26:34', 0, 'lhdMbi4JYEhH1WD61bnMghpVb0MTbG+YVrsBrSwvdz9TZbu4BnJY4UzTj97uqq4uKWvtlqoxIUt7rIcx2w0tDw=='),
(1844, 101, '2017-07-25 09:14:05', 0, 'd3z/bOeCOLdFX7cp/bX/dvCEIJh2hp1DlHMRBNf6wbODBKgqRbfscpnM52AJDtpZrUB88+pEzqE='),
(1845, 93, '2017-07-25 12:34:18', 1, '3J3ALfjPg1wKdxPAUrY4NxpVb0MTbG+YVrsBrSwvdz9TZbu4BnJY4erQthx7Lv3g8ph4Xel21tx7rIcx2w0tDw=='),
(1846, 1, '2017-07-26 00:02:09', 0, 'cJ/Xi+HxEKDaOl8uekOssRpVb0MTbG+YVrsBrSwvdz9TZbu4BnJY4esa3E9ihQPpfXcyrElWFOp7rIcx2w0tDw=='),
(1847, 99, '2017-07-27 11:44:43', 1, 'BjLH1ZojxMEe6mKqzymR2wfQTXCRgijLj0hslw33O9xy/i/MrEhAjZ0AlJFBVq6unqd6GqPbF9o='),
(1848, 102, '2017-07-27 21:59:33', 0, 'XUxFSzXJ1brpP+vcer0a/cMhOnV2AhNfLn6K1diH+UQjUBNE+WGWpaQEMXlYd6yqd073YKsTHp8VwZ2U3dSggQ=='),
(1849, 102, '2017-07-27 22:20:09', 0, 'Z+KMQ7gNVjzfpAsHNTuewPCEIJh2hp1DlHMRBNf6wbOJR0d0iu3ipUJEgcnvb90YtbLSUzuE5/8='),
(1850, 102, '2017-07-27 22:23:31', 0, 'B+uAT0HEQH00khjQp0/dGRpVb0MTbG+YVrsBrSwvdz9r1a9vMxLf4q5bMPXn9nEoKwzjfxtF3vF7rIcx2w0tDw=='),
(1851, 93, '2017-07-27 22:55:26', 1, '1GaJ88CO2mPu2NTYRX5IXhpVb0MTbG+YVrsBrSwvdz9r1a9vMxLf4qRo5IwJZiqc+tcyxDE/mLB7rIcx2w0tDw=='),
(1852, 93, '2017-07-27 23:01:09', 1, 'b5It9ZXDGkoyN0GqGxuqDcMhOnV2AhNfLn6K1diH+UQjUBNE+WGWpberVhoM/fVLXecmVqpFR2ajpCYXi+iOng=='),
(1853, 99, '2017-07-28 13:32:23', 1, 'gtH1MuhTFURuoxqssbrgLBpVb0MTbG+YVrsBrSwvdz9r1a9vMxLf4jyey2Y4ta9NyDBztTAwGRF7rIcx2w0tDw=='),
(1854, 99, '2017-07-28 13:39:10', 1, 'wolBZs1eArxcB4xEGOAABBpVb0MTbG+YVrsBrSwvdz9r1a9vMxLf4gx4b1wmfN+JSD88KAx8Mpt7rIcx2w0tDw=='),
(1855, 99, '2017-07-28 13:43:54', 1, '5HkJOCZP2MCAZSoh2obdLhpVb0MTbG+YVrsBrSwvdz9r1a9vMxLf4qU6+UCnzKecyDBztTAwGRF7rIcx2w0tDw=='),
(1856, 99, '2017-07-28 13:44:03', 1, 'AdH70paF+yUsM19UVellBRpVb0MTbG+YVrsBrSwvdz9r1a9vMxLf4sS/PJtjvklBvf1PAd9jNkB7rIcx2w0tDw=='),
(1857, 99, '2017-07-28 13:44:12', 1, 'EDi1Qc7j8KaaKKuu5QyS/vCEIJh2hp1DlHMRBNf6wbPWkstw9ItQbZXJO7po3EpmE5FkfnN73o4='),
(1858, 99, '2017-07-28 13:44:24', 1, '3uvL+D6E8+poCuY4aMlTIxpVb0MTbG+YVrsBrSwvdz9r1a9vMxLf4snlrVIn+5AKbjcGLMr0LF57rIcx2w0tDw=='),
(1859, 99, '2017-07-28 13:44:58', 1, '/8xdBhjGy2/hF+UoWJyLacMhOnV2AhNfLn6K1diH+UQjUBNE+WGWpZE62SOiNn388pr58IJP+vqjpCYXi+iOng=='),
(1860, 99, '2017-07-28 13:46:17', 1, 'GTCc29gcvRUbo0l5MrXSQBpVb0MTbG+YVrsBrSwvdz9r1a9vMxLf4tnR0IaBIT0j2l9Ih8Z7Bwh7rIcx2w0tDw=='),
(1861, 93, '2017-07-29 10:42:24', 1, 'zyib7R8y87wOxK+Y428j/xpVb0MTbG+YVrsBrSwvdz9r1a9vMxLf4oVzEcUysGWZ2K6AjdhNvXZ7rIcx2w0tDw=='),
(1862, 93, '2017-07-29 10:42:52', 0, '/znxL5yRzCEpLOy6mnwHqxpVb0MTbG+YVrsBrSwvdz9r1a9vMxLf4ulzTiNSC8cH2K6AjdhNvXZ7rIcx2w0tDw=='),
(1863, 99, '2017-07-29 15:02:48', 1, '+yJ6a6B34Nx/4Wzm8268vhpVb0MTbG+YVrsBrSwvdz9r1a9vMxLf4h5SrYc67cjPt/5/XHcXxrd7rIcx2w0tDw=='),
(1864, 99, '2017-07-29 16:01:48', 1, 'zx0wb984zzradP7whul7OxpVb0MTbG+YVrsBrSwvdz9r1a9vMxLf4oenz1o9wBvAt/5/XHcXxrd7rIcx2w0tDw=='),
(1865, 99, '2017-07-29 16:02:42', 1, '2VfRanii8tLiSUQnZ665rBpVb0MTbG+YVrsBrSwvdz9r1a9vMxLf4kaiNmzi7nKW+SsBSm5RkVF7rIcx2w0tDw=='),
(1866, 98, '2017-07-29 16:12:32', 1, '0D0h3UjMRlDBN8FfVDLBxsMhOnV2AhNfLn6K1diH+UQjUBNE+WGWpVgMpcwbpZye5/fnUpMoRvajpCYXi+iOng=='),
(1867, 98, '2017-07-29 16:14:29', 1, 'CMmU2KC8kRwiq1iZtkQPYxpVb0MTbG+YVrsBrSwvdz9r1a9vMxLf4vKbxyMgAC4Hqpyltyilhi17rIcx2w0tDw=='),
(1868, 99, '2017-07-29 16:17:28', 1, 'QjhCwdUmSqtJtuInOPcPkBpVb0MTbG+YVrsBrSwvdz9r1a9vMxLf4j6Il8Ud41H4+SsBSm5RkVF7rIcx2w0tDw=='),
(1869, 98, '2017-07-29 16:18:28', 1, 'YQ6kyDBleWS8N9tQ+nXA3MMhOnV2AhNfLn6K1diH+UQjUBNE+WGWpQ8wZIXn9uUDbloZm0WQzeujpCYXi+iOng=='),
(1870, 98, '2017-07-29 16:19:09', 1, '1TPrGGfpafjm2hqRa6YemhpVb0MTbG+YVrsBrSwvdz9r1a9vMxLf4ljVV3mBAQZA1GL4xJS8Gjt7rIcx2w0tDw=='),
(1871, 100, '2017-07-29 16:20:46', 1, '8PvPoqIwX1sFEVEOscU6/hpVb0MTbG+YVrsBrSwvdz9r1a9vMxLf4pkIIRy5FH2NVUP6xhR+Wpx7rIcx2w0tDw=='),
(1872, 99, '2017-07-29 16:21:46', 1, '0L6WEXkZVpNx2V9Cip9xrxpVb0MTbG+YVrsBrSwvdz9r1a9vMxLf4roEEAvJrca/yDBztTAwGRF7rIcx2w0tDw=='),
(1873, 98, '2017-07-29 16:22:11', 1, 'dsQpHEGor4B4hLtYl1xyTMMhOnV2AhNfLn6K1diH+UQjUBNE+WGWpVGDdC20lROf/XHy2EhfdeWjpCYXi+iOng=='),
(1874, 99, '2017-07-29 16:24:14', 1, 'sTQJ0brBEkqaKKuu5QyS/vCEIJh2hp1DlHMRBNf6wbNigYdDFU4LtH6qmAiuJuUoE5FkfnN73o4='),
(1875, 100, '2017-07-29 19:04:13', 1, 'ibm6AJZktCIiq1iZtkQPYxpVb0MTbG+YVrsBrSwvdz9r1a9vMxLf4nvRFrG8Sc+D4S3OvY/MICx7rIcx2w0tDw=='),
(1876, 99, '2017-07-29 21:09:40', 1, 'Ae5DLcU4I8xYoJWI6oUwMcMhOnV2AhNfLn6K1diH+UQjUBNE+WGWpaUlYHWl0x45sHoPOTHTZJejpCYXi+iOng=='),
(1877, 99, '2017-07-29 21:10:41', 1, '0It4CfyKBCTH4cdbq8m2XhpVb0MTbG+YVrsBrSwvdz9r1a9vMxLf4gLJvyvuI0WCvj9GIgGC71R7rIcx2w0tDw=='),
(1878, 101, '2017-07-29 21:41:43', 0, 'h4mGbwarvvcAZhipsEYfMcMhOnV2AhNfLn6K1diH+UQjUBNE+WGWpUSWhV7R/8lBZSNuJuX5WS7s9q+pq1nlJQ=='),
(1879, 99, '2017-07-29 23:07:43', 1, 'zFeVUZih/eHeZrXbvQbcLMMhOnV2AhNfLn6K1diH+UQjUBNE+WGWpactHcp9sVYhRKPJkJI65zejpCYXi+iOng=='),
(1880, 100, '2017-07-30 10:21:10', 1, '+eD/KbP8cfJA7ZbI0v1W+hpVb0MTbG+YVrsBrSwvdz9r1a9vMxLf4os8wxAGA+Qn1TDu4Rellx57rIcx2w0tDw=='),
(1881, 98, '2017-07-30 10:24:29', 1, 'vzK5sdsVaI4tYIblNbypXRpVb0MTbG+YVrsBrSwvdz9r1a9vMxLf4gHUy2fMugkGUtEcQhFBa917rIcx2w0tDw=='),
(1882, 1, '2017-08-02 11:43:21', 0, 'UiC1qjl7XPOJiooRBUXkAfCEIJh2hp1DlHMRBNf6wbMFKdIomlpUt0w5MIM6Pj89Q2vuIbgVtAI='),
(1883, 93, '2017-08-02 16:14:46', 0, 'H3rTWCQEQLUfdfIYZnJFiRpVb0MTbG+YVrsBrSwvdz9r1a9vMxLf4gQgp0e8QKb9J5xuIFk9V5l7rIcx2w0tDw=='),
(1884, 93, '2017-08-02 16:25:38', 0, '2kSiAMy5Ve6JiooRBUXkAfCEIJh2hp1DlHMRBNf6wbMFKdIomlpUt6QOOCdDSwdKDFhhE1+7T3g='),
(1885, 93, '2017-08-02 16:29:24', 0, 'NtMRJY1k535JtuInOPcPkBpVb0MTbG+YVrsBrSwvdz9r1a9vMxLf4ntQKva2iQWnTmUBxMuuGd97rIcx2w0tDw=='),
(1886, 93, '2017-08-02 16:31:13', 0, 'cVPX26XLbibTOXrH2KVyxMMhOnV2AhNfLn6K1diH+UQjUBNE+WGWpWaqTq7wn6Ys3YRtur/Gj4qjpCYXi+iOng=='),
(1887, 93, '2017-08-02 16:31:20', 0, '6ooMHm348yVu/UkMOaW1xMMhOnV2AhNfLn6K1diH+UQjUBNE+WGWpX9cIv0+z1QQfV5Hf1RIpdKjpCYXi+iOng=='),
(1888, 93, '2017-08-02 16:33:53', 0, 'FgVDn+scxiJCb5s1diucs8MhOnV2AhNfLn6K1diH+UQjUBNE+WGWpYqKEwSRDKVzn1w1kJJbNAmjpCYXi+iOng=='),
(1889, 93, '2017-08-02 16:36:55', 0, 'JIMnFSR3RwgFvJqf4Oqo2vCEIJh2hp1DlHMRBNf6wbMFKdIomlpUtxPEn1wdlG8TDFhhE1+7T3g='),
(1890, 93, '2017-08-02 16:38:36', 0, 'qO8tKMbgxptWjtume09gFxpVb0MTbG+YVrsBrSwvdz9r1a9vMxLf4kuyu+mF/0Jp8ph4Xel21tx7rIcx2w0tDw=='),
(1891, 93, '2017-08-02 17:41:10', 0, 'doUuIutfdjNFX7cp/bX/dvCEIJh2hp1DlHMRBNf6wbMFKdIomlpUt5/fQ4wGzNnfDFhhE1+7T3g='),
(1892, 99, '2017-08-02 19:06:09', 1, 'gnCqrgxeDA7adP7whul7OxpVb0MTbG+YVrsBrSwvdz9r1a9vMxLf4mH7Wb6GzMr4tGvLC82NJyd7rIcx2w0tDw=='),
(1893, 98, '2017-08-02 19:27:10', 1, '6qNeYVm01WE/AjUSybS8hMMhOnV2AhNfLn6K1diH+UQjUBNE+WGWpc5o2QoCjNwh6YLRwpsO5n6jpCYXi+iOng=='),
(1894, 93, '2017-08-02 19:52:16', 0, '6FkXMt7HIbJvJ4/BvNQ4TPCEIJh2hp1DlHMRBNf6wbMFKdIomlpUt6joXKdqMxK9DFhhE1+7T3g='),
(1895, 99, '2017-08-02 20:03:01', 1, 'hMgDd3VmNc7IFZDwYUGqMcMhOnV2AhNfLn6K1diH+UQjUBNE+WGWpQ5eC1MsjTO8pzfgESt9+MKjpCYXi+iOng=='),
(1896, 99, '2017-08-03 08:02:21', 1, 'I4lcLSpnYxVFX7cp/bX/dvCEIJh2hp1DlHMRBNf6wbOSBpUYiQBQMtoGRQLSS6wJE5FkfnN73o4='),
(1897, 99, '2017-08-03 08:10:08', 1, 'j4DHshFqYGqRNlAWk3DsaRpVb0MTbG+YVrsBrSwvdz9r1a9vMxLf4uaR8L0e2B3Rvf1PAd9jNkB7rIcx2w0tDw=='),
(1898, 99, '2017-08-03 08:32:30', 1, 'NwbBtagkayEe6mKqzymR2wfQTXCRgijLj0hslw33O9ywHKGQ9yH0rHs3BlwxTtdZnqd6GqPbF9o='),
(1899, 98, '2017-08-03 09:39:11', 1, '9UKsAX6KxO+Csx9i8t/6+BpVb0MTbG+YVrsBrSwvdz9r1a9vMxLf4kqD3o+0wizZ+QsQ6cob/SZ7rIcx2w0tDw=='),
(1900, 98, '2017-08-03 09:49:32', 1, 'b9tUuAdE8+O1vIXb7No+nMMhOnV2AhNfLn6K1diH+UQjUBNE+WGWpVm/ql3wZPHBcOOuvOw0msOjpCYXi+iOng=='),
(1901, 98, '2017-08-03 09:49:56', 1, 'NG8f7sCr4CtFX7cp/bX/dvCEIJh2hp1DlHMRBNf6wbOSBpUYiQBQMsAr53BZk0pKx4+oOlj+0uI='),
(1902, 98, '2017-08-03 11:23:22', 1, 'Fg8TA4Yg9DpxmLBc39QmfcMhOnV2AhNfLn6K1diH+UQjUBNE+WGWpXHzZfwMjDnK54SU7BHFvRmjpCYXi+iOng=='),
(1903, 98, '2017-08-03 13:03:34', 1, 'pxWu/pvQKZ3wMOgHEbUg0MMhOnV2AhNfLn6K1diH+UQjUBNE+WGWpee1mV0CuEsMSXpOA0k6xMmjpCYXi+iOng=='),
(1904, 93, '2017-08-03 13:34:25', 0, '10meKh95RUSUDCL/WjdpKsMhOnV2AhNfLn6K1diH+UQjUBNE+WGWpXU94vyCtjdqOh9+Nhm82iejpCYXi+iOng=='),
(1905, 99, '2017-08-03 13:49:49', 1, 'GFnmXKM+f8pcB4xEGOAABBpVb0MTbG+YVrsBrSwvdz9r1a9vMxLf4nxgfrRrDSo2tGvLC82NJyd7rIcx2w0tDw=='),
(1906, 99, '2017-08-03 13:57:05', 1, 'XMoKNvjO3JWPqx6Xker1XBpVb0MTbG+YVrsBrSwvdz9r1a9vMxLf4lljo7vuTnUudmh8V0dW53l7rIcx2w0tDw=='),
(1907, 98, '2017-08-03 14:02:09', 1, 'uhr0V5F+MrGaKKuu5QyS/vCEIJh2hp1DlHMRBNf6wbOSBpUYiQBQMkK5B1CNyhuqx4+oOlj+0uI='),
(1908, 93, '2017-08-03 14:06:25', 0, '4i/X0F8LGricdc1KGNdUmfCEIJh2hp1DlHMRBNf6wbOSBpUYiQBQMjtHtoe/n24WDFhhE1+7T3g='),
(1909, 93, '2017-08-03 14:08:39', 0, 'JPs1ynMsBv2aKKuu5QyS/vCEIJh2hp1DlHMRBNf6wbOSBpUYiQBQMjYLZx8XSjeoDFhhE1+7T3g='),
(1910, 93, '2017-08-03 14:09:52', 0, 'r0tDCD3vQC+Csx9i8t/6+BpVb0MTbG+YVrsBrSwvdz9r1a9vMxLf4vB4vCJgkHug2K6AjdhNvXZ7rIcx2w0tDw=='),
(1911, 2, '2017-08-03 14:11:29', 0, 'omssrmRLYxkpLOy6mnwHqxpVb0MTbG+YVrsBrSwvdz9r1a9vMxLf4qJjLgIpb9f3kBEj7sT2r7J7rIcx2w0tDw=='),
(1912, 2, '2017-08-03 14:16:39', 0, 'x6Z/NqBjXtdwi25NF28008MhOnV2AhNfLn6K1diH+UQjUBNE+WGWpVL9Sg/jb+rhyHeMbVWxZZejpCYXi+iOng=='),
(1913, 1, '2017-08-03 14:19:35', 0, 'LVzgMyHSHvEFvJqf4Oqo2vCEIJh2hp1DlHMRBNf6wbOSBpUYiQBQMvhtaDS9pZ7LQ2vuIbgVtAI='),
(1914, 99, '2017-08-03 14:22:06', 1, 'p8LlcfSrwngCmjuCZjiYZxpVb0MTbG+YVrsBrSwvdz9r1a9vMxLf4tTuRpYl3tQASD88KAx8Mpt7rIcx2w0tDw=='),
(1915, 98, '2017-08-03 14:23:00', 1, 'n4a2TdbaWIkkbQDN72KdRBpVb0MTbG+YVrsBrSwvdz9r1a9vMxLf4mxs8yGi7q+AUctfdBUsD817rIcx2w0tDw=='),
(1916, 2, '2017-08-03 14:54:32', 0, 'kua+tTVNtBIer3q+dl+FpRpVb0MTbG+YVrsBrSwvdz9r1a9vMxLf4glwLFP97kcHcG7AXs/IB417rIcx2w0tDw=='),
(1917, 2, '2017-08-03 15:00:19', 0, 'mJ0Gl3a77BeJiooRBUXkAfCEIJh2hp1DlHMRBNf6wbOSBpUYiQBQMu5kgSzOl1SqxgqumPIZbXs='),
(1918, 98, '2017-08-03 15:53:31', 1, 'y2u1tWl3fyEVQmDJilcn0hpVb0MTbG+YVrsBrSwvdz9r1a9vMxLf4r8gg7WUplsQqpyltyilhi17rIcx2w0tDw=='),
(1919, 98, '2017-08-03 16:02:45', 1, 'Zqv4ONKVuu1+/O3CWZLsPMMhOnV2AhNfLn6K1diH+UQjUBNE+WGWpYRLgjiIfVvXOjoNLmIfaMujpCYXi+iOng=='),
(1920, 99, '2017-08-03 16:06:12', 1, 'P5djPbU2U6D7X8UjwDTMZsMhOnV2AhNfLn6K1diH+UQjUBNE+WGWpeHjnmkr5k4ml2IsOU9IkSyjpCYXi+iOng=='),
(1921, 93, '2017-08-03 16:18:44', 0, 'qJza0iacEEhkefh37n0QAPCEIJh2hp1DlHMRBNf6wbOSBpUYiQBQMib6+JTjozmdDFhhE1+7T3g='),
(1922, 98, '2017-08-03 17:16:29', 0, 'c7To3JXjdcLu2NTYRX5IXhpVb0MTbG+YVrsBrSwvdz9r1a9vMxLf4k3uOs3dKRMkqpyltyilhi17rIcx2w0tDw=='),
(1923, 99, '2017-08-03 17:28:10', 1, 'QXCVS9vLfKUMqEb7as1p58MhOnV2AhNfLn6K1diH+UQjUBNE+WGWpXdXxTQXr7abyri7L5D7Eb+jpCYXi+iOng=='),
(1924, 99, '2017-08-03 17:28:17', 1, '6z5kFb4lKFI/iJGY1CuY58MhOnV2AhNfLn6K1diH+UQjUBNE+WGWpaOcEo3EEPUepzfgESt9+MKjpCYXi+iOng=='),
(1925, 99, '2017-08-03 17:28:35', 1, 'BN3V1Gw2WSfH4cdbq8m2XhpVb0MTbG+YVrsBrSwvdz9r1a9vMxLf4ojeAa8djmW5dmh8V0dW53l7rIcx2w0tDw=='),
(1926, 99, '2017-08-03 17:29:54', 0, 'E6DiCkyoaWTiCjbG2GrThcMhOnV2AhNfLn6K1diH+UQjUBNE+WGWpVzfFVWbNY5OBcLNfy/mFfijpCYXi+iOng=='),
(1927, 99, '2017-08-03 17:30:02', 0, 'hnVq8ajASeOGlPogFDVf5hpVb0MTbG+YVrsBrSwvdz9r1a9vMxLf4oeUZIqMB+5Bvj9GIgGC71R7rIcx2w0tDw=='),
(1928, 99, '2017-08-03 17:31:32', 0, 'FvUbGlSBbdmciMQUIilYGMMhOnV2AhNfLn6K1diH+UQjUBNE+WGWpRuctNOiN3VjDqgBtuCrBgijpCYXi+iOng=='),
(1929, 2, '2017-08-03 17:37:53', 0, 'Odb5kMqMErGa87egCDE4oxpVb0MTbG+YVrsBrSwvdz9r1a9vMxLf4mJilHT7PdBJWvTR2HFoVmN7rIcx2w0tDw=='),
(1930, 2, '2017-08-03 17:38:38', 0, 'vBKoeWzElJqhvtHvDV7gnhpVb0MTbG+YVrsBrSwvdz9r1a9vMxLf4j7jfB43vONKKf9RqwYFDih7rIcx2w0tDw=='),
(1931, 2, '2017-08-03 17:39:00', 0, 'QIUSNN9XlXVkefh37n0QAPCEIJh2hp1DlHMRBNf6wbOSBpUYiQBQMpm7kUi9uJx3xgqumPIZbXs='),
(1932, 99, '2017-08-03 17:39:03', 0, 'p0z5H+KotPRvJ4/BvNQ4TPCEIJh2hp1DlHMRBNf6wbOSBpUYiQBQMp3y10FI6xpxE5FkfnN73o4='),
(1933, 99, '2017-08-03 17:39:13', 0, 'M/zcZ2NT82lgiV3gQmFj/MMhOnV2AhNfLn6K1diH+UQjUBNE+WGWpTo+iWnXacDpEhiaQiJEjhajpCYXi+iOng=='),
(1934, 2, '2017-08-03 17:40:10', 0, 'YhKmY10w9OE0khjQp0/dGRpVb0MTbG+YVrsBrSwvdz9r1a9vMxLf4gYutD4bZeI4UKj5MYQbf757rIcx2w0tDw=='),
(1935, 2, '2017-08-03 17:43:19', 0, '0+1XW9LnuZAvCQ7quj+1lxpVb0MTbG+YVrsBrSwvdz9r1a9vMxLf4nQKfLUXUM9CtQtdllCIwEx7rIcx2w0tDw=='),
(1936, 2, '2017-08-03 17:45:12', 0, 'KeuMSS27ecNCIr9J/GerUhpVb0MTbG+YVrsBrSwvdz9r1a9vMxLf4tw8D/I5AewOkBEj7sT2r7J7rIcx2w0tDw=='),
(1937, 2, '2017-08-03 17:50:33', 0, '8NVlSRIp0u0er3q+dl+FpRpVb0MTbG+YVrsBrSwvdz9r1a9vMxLf4lBkaLWlQMUTKf9RqwYFDih7rIcx2w0tDw=='),
(1938, 2, '2017-08-03 17:50:48', 0, 'M/yQg67Xpy3F/qImn13508MhOnV2AhNfLn6K1diH+UQjUBNE+WGWpUUJW+XSSVH/hD6pk7puV9CjpCYXi+iOng=='),
(1939, 2, '2017-08-03 17:53:59', 0, 'vlkTYo896r8CmjuCZjiYZxpVb0MTbG+YVrsBrSwvdz9r1a9vMxLf4l4phyxts94mJZ0RfdwHFS17rIcx2w0tDw=='),
(1940, 2, '2017-08-03 17:55:50', 0, 'UTktGQDYSZFic9eKCz88s8MhOnV2AhNfLn6K1diH+UQjUBNE+WGWpfurAulLrCSrcnG+GjNhHAijpCYXi+iOng=='),
(1941, 2, '2017-08-03 17:56:07', 0, '3lv5MO/612WFT7/D5/J5H8MhOnV2AhNfLn6K1diH+UQjUBNE+WGWpcYByI2gdv5OxLMo0aFXUpOjpCYXi+iOng=='),
(1942, 2, '2017-08-03 18:00:56', 0, 'WrY/vgq6XvlvJ4/BvNQ4TPCEIJh2hp1DlHMRBNf6wbOSBpUYiQBQMkDDalSbKji7xgqumPIZbXs='),
(1943, 2, '2017-08-03 18:04:48', 0, '3D+hSkQpYlAh8PjDMhPppxpVb0MTbG+YVrsBrSwvdz9r1a9vMxLf4qSVg3P1jUMGtQtdllCIwEx7rIcx2w0tDw=='),
(1944, 2, '2017-08-03 18:05:39', 0, 'j9omP/6/reOIjmDWmjOP/MMhOnV2AhNfLn6K1diH+UQjUBNE+WGWpf9EYrpERqaIon5PTd5w8GCjpCYXi+iOng=='),
(1945, 2, '2017-08-03 18:05:48', 0, 'xvk4JSecnjJQSu0UeS4fXcMhOnV2AhNfLn6K1diH+UQjUBNE+WGWpcYl4uTPmv8sqVXUl/IcBd6jpCYXi+iOng=='),
(1946, 2, '2017-08-03 18:05:56', 0, 'akY6sXPFAVK3haZLJ4VpGcMhOnV2AhNfLn6K1diH+UQjUBNE+WGWpZUO9QhhJHMGjry5sd+FC5ejpCYXi+iOng=='),
(1947, 2, '2017-08-03 18:06:06', 0, 'bVrvO6HHPrRkefh37n0QAPCEIJh2hp1DlHMRBNf6wbOSBpUYiQBQMtpW9hZOtVNFxgqumPIZbXs='),
(1948, 2, '2017-08-03 18:06:15', 0, 'u163aXvaaapvJ4/BvNQ4TPCEIJh2hp1DlHMRBNf6wbOSBpUYiQBQMgZtvQGRw78SxgqumPIZbXs='),
(1949, 2, '2017-08-03 18:06:50', 0, 'xCRrQ0YAkXevysZv3dXEJhpVb0MTbG+YVrsBrSwvdz9r1a9vMxLf4qURSBXLAxeftQtdllCIwEx7rIcx2w0tDw=='),
(1950, 2, '2017-08-03 18:13:36', 0, 'Ijmsmdn7UG5kefh37n0QAPCEIJh2hp1DlHMRBNf6wbOSBpUYiQBQMoJXKn0O+3iYxgqumPIZbXs='),
(1951, 98, '2017-08-03 18:14:16', 0, 'PaWM3xYu4NUDeHyHZxndZsMhOnV2AhNfLn6K1diH+UQjUBNE+WGWpb3YuVekHlVzZ92pUjOr7WGjpCYXi+iOng=='),
(1952, 98, '2017-08-03 19:07:47', 0, 'EG314T4T0i2toT+/WPh+xxpVb0MTbG+YVrsBrSwvdz9r1a9vMxLf4kGWinz+ysNFUctfdBUsD817rIcx2w0tDw=='),
(1953, 98, '2017-08-03 19:08:08', 0, 'vsMG+RkFDQnrYHKFA3sbpxpVb0MTbG+YVrsBrSwvdz9r1a9vMxLf4rGDHui+QnOihGlaFu4yPzt7rIcx2w0tDw=='),
(1954, 98, '2017-08-03 19:08:13', 0, 'ns2guR+bInfAAvEmuaYACMMhOnV2AhNfLn6K1diH+UQjUBNE+WGWpfBs/9vudhpGMmdMNmT93PqjpCYXi+iOng=='),
(1955, 98, '2017-08-03 23:04:43', 0, '3z+9JG9eA2MX3duB0iwnkcMhOnV2AhNfLn6K1diH+UQjUBNE+WGWpYA7YNgAn768KzZZ72hjfd6jpCYXi+iOng=='),
(1956, 98, '2017-08-03 23:08:32', 0, 'NGBzdwWQP2qcdc1KGNdUmfCEIJh2hp1DlHMRBNf6wbOSBpUYiQBQMp6xTCZJf4y1x4+oOlj+0uI='),
(1957, 98, '2017-08-04 08:14:10', 0, 'FFlIuFHXb2aokB892frCI8MhOnV2AhNfLn6K1diH+UQjUBNE+WGWpUGml9lrJUIIQP687TSaj5ijpCYXi+iOng=='),
(1958, 98, '2017-08-04 13:25:47', 0, 'XjxzdlPGCc9JaRk2p3qevcMhOnV2AhNfLn6K1diH+UQjUBNE+WGWpStT4VXEJ89v6YLRwpsO5n6jpCYXi+iOng=='),
(1959, 93, '2017-08-04 16:48:30', 0, '5ruB2jn9+g9kefh37n0QAPCEIJh2hp1DlHMRBNf6wbPqwy5j1UyCWPhG09CFIqCyDFhhE1+7T3g='),
(1960, 101, '2017-08-04 17:54:11', 0, 'mXU3Jr8SDKRvJ4/BvNQ4TPCEIJh2hp1DlHMRBNf6wbPqwy5j1UyCWOD/PUi9tx53rUB88+pEzqE='),
(1961, 99, '2017-08-04 19:22:00', 0, 'P2pQetOiT+SsUzkfaLRU5sMhOnV2AhNfLn6K1diH+UQjUBNE+WGWpSNHyzMNzwUZfavrNRraKh+jpCYXi+iOng=='),
(1962, 99, '2017-08-04 19:22:09', 0, '0L91OYgfCGxFX7cp/bX/dvCEIJh2hp1DlHMRBNf6wbPqwy5j1UyCWOdGJRehCMDSE5FkfnN73o4='),
(1963, 99, '2017-08-04 21:48:04', 0, 'O8dte8VK0LUfdfIYZnJFiRpVb0MTbG+YVrsBrSwvdz9r1a9vMxLf4nYGrmGLdmE8t/5/XHcXxrd7rIcx2w0tDw=='),
(1964, 99, '2017-08-04 21:49:49', 0, 'MFt7Lt9bXbyFv0T+SywS6cMhOnV2AhNfLn6K1diH+UQjUBNE+WGWpWOkhw0P1Ypv4i5UGA7dxP+jpCYXi+iOng=='),
(1965, 99, '2017-08-04 21:52:49', 0, 'ZBtkznoDJMNpLHngvuUsJMMhOnV2AhNfLn6K1diH+UQjUBNE+WGWpeUxTAhIWZyjmta+29qfukCjpCYXi+iOng=='),
(1966, 99, '2017-08-04 21:53:59', 0, 'bV222jwnflm0XzidP23ZKBpVb0MTbG+YVrsBrSwvdz9r1a9vMxLf4ruIqPy1x4stvf1PAd9jNkB7rIcx2w0tDw=='),
(1967, 99, '2017-08-04 22:00:37', 0, 'jc202+A1XTviLMNThkGrocMhOnV2AhNfLn6K1diH+UQjUBNE+WGWpZuurBkk6KTA4ieZt2z4+TWjpCYXi+iOng=='),
(1968, 99, '2017-08-04 22:14:01', 0, 'MsEcWUIhHghjhbCgf06jihpVb0MTbG+YVrsBrSwvdz9r1a9vMxLf4gUR+dH3OCr9tGvLC82NJyd7rIcx2w0tDw=='),
(1969, 98, '2017-08-04 22:16:58', 0, 'S/SqaWBG3OI4azgRnmar+vCEIJh2hp1DlHMRBNf6wbPqwy5j1UyCWMk/MF+WKAr+x4+oOlj+0uI='),
(1970, 98, '2017-08-04 22:24:47', 0, 'cbl85uQOK5kG9PSMsOb3rRpVb0MTbG+YVrsBrSwvdz9r1a9vMxLf4qs7c4bhKt76+QsQ6cob/SZ7rIcx2w0tDw=='),
(1971, 99, '2017-08-05 13:00:12', 0, 'QPdwx8XC9wrXRhfKAe6uY8MhOnV2AhNfLn6K1diH+UQjUBNE+WGWpRxfDeA8W3LgY2/aFXby34+jpCYXi+iOng=='),
(1972, 99, '2017-08-05 13:49:40', 0, 'Apahw05D+GHJlvH4gaPVpcMhOnV2AhNfLn6K1diH+UQjUBNE+WGWpTWRv51EfZK08qKKTjIM81ujpCYXi+iOng=='),
(1973, 93, '2017-08-07 09:37:28', 0, 'Hjq38XLAnMfh6XLkj6BZtsMhOnV2AhNfLn6K1diH+UQjUBNE+WGWpTU+2QYa8nYfT94MOrNDsyejpCYXi+iOng=='),
(1974, 99, '2017-08-07 16:56:45', 0, 'LENBB9JX/7JjhbCgf06jihpVb0MTbG+YVrsBrSwvdz9oqczADPoCkHdkhh9trLMVyDBztTAwGRF7rIcx2w0tDw=='),
(1975, 93, '2017-08-07 23:39:03', 0, '30M+zPoXlEea87egCDE4oxpVb0MTbG+YVrsBrSwvdz9oqczADPoCkNnE2R2wPki8J5xuIFk9V5l7rIcx2w0tDw=='),
(1976, 93, '2017-08-07 23:51:20', 0, 'v19s99U9p7SaKKuu5QyS/vCEIJh2hp1DlHMRBNf6wbNTi1fi4Jalkv2lZQR77IjmDFhhE1+7T3g='),
(1977, 93, '2017-08-07 23:58:30', 0, 'WQcO/qKUVFdRwamTgL41ohpVb0MTbG+YVrsBrSwvdz9oqczADPoCkDyh2J8T0godnlKqskflnDd7rIcx2w0tDw=='),
(1978, 93, '2017-08-08 00:17:16', 0, 'otXQAdoKE+hvJ4/BvNQ4TPCEIJh2hp1DlHMRBNf6wbNTi1fi4JalkmfEYZKnJkydDFhhE1+7T3g='),
(1979, 93, '2017-08-08 00:33:15', 0, 'naizjRrNXJcbo0l5MrXSQBpVb0MTbG+YVrsBrSwvdz9oqczADPoCkO/Zb/q68s/wYGfJOQQbJrd7rIcx2w0tDw=='),
(1980, 93, '2017-08-08 00:33:25', 0, '4TZiqss3P21IdRXldGzHPBpVb0MTbG+YVrsBrSwvdz9oqczADPoCkDNlWtiIh762+tcyxDE/mLB7rIcx2w0tDw==');

-- --------------------------------------------------------

--
-- Table structure for table `jianghu_update`
--

CREATE TABLE IF NOT EXISTS `jianghu_update` (
  `id` int(11) NOT NULL AUTO_INCREMENT,
  `version` varchar(200) NOT NULL,
  `description` text NOT NULL,
  `time` datetime NOT NULL,
  `url` varchar(250) NOT NULL,
  `md5` varchar(100) NOT NULL,
  `filesize` varchar(200) NOT NULL,
  PRIMARY KEY (`id`)
) ENGINE=InnoDB  DEFAULT CHARSET=utf8 AUTO_INCREMENT=6 ;

--
-- Dumping data for table `jianghu_update`
--

INSERT INTO `jianghu_update` (`id`, `version`, `description`, `time`, `url`, `md5`, `filesize`) VALUES
(1, '201707181', 'fdsa', '2017-07-18 16:19:17', 'http://121.42.203.85/jianghu/Uploads/apk/2017-07-18/201707181.apk', '2e7899d7f2708edcb740c68612869b19', '32319762'),
(2, '201707182', 'test123', '2017-07-18 16:20:16', 'http://121.42.203.85/jianghu/Uploads/apk/2017-07-18/201707182.apk', '2e7899d7f2708edcb740c68612869b19', '32319762'),
(3, '201707183', 'fdas', '2017-07-18 16:46:36', 'http://121.42.203.85/jianghu/Uploads/apk/2017-07-18/201707183.apk', '2e7899d7f2708edcb740c68612869b19', '32319762'),
(4, '1.0.1', 'asdf', '2017-07-19 11:30:01', 'http://121.42.203.85/jianghu/Uploads/apk/2017-07-19/1.0.1.apk', '492417c7b6e7201834d82a704c2e55f0', '4182693'),
(5, '1.0.2', 'fdas', '2017-07-19 11:34:18', 'http://121.42.203.85/jianghu/Uploads/apk/2017-07-19/1.0.2.apk', '492417c7b6e7201834d82a704c2e55f0', '4182693');

-- --------------------------------------------------------

--
-- Table structure for table `jianghu_user`
--

CREATE TABLE IF NOT EXISTS `jianghu_user` (
  `id` int(10) unsigned NOT NULL AUTO_INCREMENT,
  `username` varchar(20) NOT NULL,
  `password` varchar(50) NOT NULL,
  `sex` tinyint(3) unsigned NOT NULL DEFAULT '0' COMMENT '性别：0为男，1为女',
  `phonenum` varchar(30) NOT NULL,
  `addr` text NOT NULL COMMENT '地址',
  `praisenum` int(10) unsigned NOT NULL DEFAULT '0' COMMENT '口碑',
  `temp_praisenum` tinyint(3) unsigned NOT NULL COMMENT '临时存放来自江湖的点赞，当满10的时候praisenum就加一，这个就清零',
  `birthday` date NOT NULL,
  `description` text NOT NULL COMMENT '个人简介',
  `faceurl` varchar(100) NOT NULL COMMENT '头像url',
  `facepath` varchar(100) NOT NULL COMMENT '头像路径',
  `jointime` date NOT NULL COMMENT '注册时间',
  `email` varchar(20) NOT NULL,
  `isban` tinyint(4) NOT NULL DEFAULT '0' COMMENT '若用户被禁用则为1，否则为0',
  `allpraise` int(10) unsigned NOT NULL COMMENT '总点赞',
  `allforward` mediumint(8) unsigned NOT NULL,
  `alloppose` int(10) unsigned NOT NULL COMMENT '总踩量',
  `unreadnum` tinyint(3) unsigned NOT NULL COMMENT '新的未读推荐数',
  `qq_id` varchar(80) NOT NULL COMMENT 'qq平台id',
  `wechat_id` varchar(80) NOT NULL,
  `push_regid` varchar(200) DEFAULT NULL COMMENT '极光推送regid',
  PRIMARY KEY (`id`)
) ENGINE=InnoDB  DEFAULT CHARSET=utf8 AUTO_INCREMENT=103 ;

--
-- Dumping data for table `jianghu_user`
--

INSERT INTO `jianghu_user` (`id`, `username`, `password`, `sex`, `phonenum`, `addr`, `praisenum`, `temp_praisenum`, `birthday`, `description`, `faceurl`, `facepath`, `jointime`, `email`, `isban`, `allpraise`, `allforward`, `alloppose`, `unreadnum`, `qq_id`, `wechat_id`, `push_regid`) VALUES
(1, 'nihaoma', '123', 1, '13202063303', '广州市', 1505, 8, '0000-00-00', 'bbbb', 'http://121.42.203.85/jianghu/Uploads/2017-04-05/58e3ec1c29a73.png', './Uploads/2017-04-05/58e3ec1c29a73.png', '0000-00-00', '', 0, 122, 71, 17, 0, '0', '0', '170976fa8ab452f5d2d'),
(2, '我是第二2', '123', 1, '2002', '广州市', 183, 2, '0000-00-00', 'aaa', 'http://121.42.203.85/jianghu/Uploads/2017-05-18/591dbd53c8376.jpg', './Uploads/2017-05-18/591dbd53c8376.jpg', '0000-00-00', '', 0, 4, 6, 0, 0, '0', '0', '120c83f76012485b77a'),
(3, '我是第二1', '123', 1, '2003', '广州市', 101, 5, '0000-00-00', '', 'http://localhost/jianghu/Uploads/2016-09-26/57e8bd9ad534b.jpg', './Uploads/2016-09-26/57e8bd9ad534b.jpg', '0000-00-00', '', 0, 13, 12, 5, 2, '0', '0', '18071adc033cbbb686c'),
(4, '我是第二3等我', '123', 1, '2004', '广州市', 74, 0, '0000-00-00', '', 'http://localhost/jianghu/Uploads/2016-09-26/57e8bda1309a3.jpg', './Uploads/2016-09-26/57e8bda1309a3.jpg', '0000-00-00', '', 0, 16, 10, 17, 4, '0', '0', '18071adc033cbbb686c'),
(5, 'li', '123', 1, '2005', '广州市', 9, 1, '0000-00-00', '', 'http://localhost/jianghu/Uploads/2016-09-26/57e8bda72d51d.jpg', './Uploads/2016-09-26/57e8bda72d51d.jpg', '0000-00-00', '', 0, 0, 0, 1, 3, '0', '0', '18071adc033cbbb686c'),
(6, 'hong', '123', 1, '2006', '', 2, 0, '0000-00-00', '', '', '', '0000-00-00', '', 1, 0, 0, 0, 140, '0', '0', NULL),
(7, 'ming', '123', 1, '2007', '', 8, 0, '0000-00-00', '', '', '', '0000-00-00', '', 0, 0, 0, 0, 3, '0', '0', '1507bfd3f7f6c68a9eb'),
(8, 'jiao', '123', 1, '2008', '', 6, 1, '0000-00-00', '', '', '', '0000-00-00', '', 0, 0, 0, 0, 0, '0', '0', NULL),
(10, 'zhao', '123', 0, '2009', '不说', 10, 0, '0000-00-00', '', '', '', '2016-10-11', '', 0, 0, 0, 0, 1, '0', '0', '1507bfd3f7f6c68a9eb'),
(11, '2', '202cb962ac59075b964b07152d234b70', 0, '13202063304', '不说', 0, 0, '0000-00-00', '', '', '', '2016-10-11', '', 0, 0, 0, 0, 0, '0', '0', NULL),
(12, '3', '202cb962ac59075b964b07152d234b70', 0, '13202063304', '不说', 0, 0, '0000-00-00', '', '', '', '2016-10-11', '', 0, 0, 0, 0, 0, '0', '0', NULL),
(13, '4', '202cb962ac59075b964b07152d234b70', 1, '13202063303', '', 0, 0, '0000-00-00', '', '', '', '2016-10-11', '', 0, 0, 0, 0, 0, '0', '0', NULL),
(14, '5', '202cb962ac59075b964b07152d234b70', 1, '13202063303', '', 0, 0, '0000-00-00', '', '', '', '2016-10-11', '', 0, 0, 0, 0, 0, '0', '0', NULL),
(15, '6', '202cb962ac59075b964b07152d234b70', 1, '13202063303', '', 1, 0, '0000-00-00', '', '', '', '2016-10-11', '', 0, 0, 0, 0, 1, '0', '0', NULL),
(16, '7', '202cb962ac59075b964b07152d234b70', 1, '13202063303', '', 0, 0, '0000-00-00', '', '', '', '2016-10-11', '', 0, 0, 0, 0, 0, '0', '0', NULL),
(17, 'A', '202cb962ac59075b964b07152d234b70', 1, '', '', 40, 2, '0000-00-00', '', '', '', '2016-10-14', '', 0, 4, 0, 9, 0, '0', '0', NULL),
(18, 'B', '202cb962ac59075b964b07152d234b70', 1, '', '', 28, 5, '0000-00-00', '', '', '', '2016-10-14', '', 0, 2, 1, 4, 141, '0', '0', NULL),
(19, 'C', '202cb962ac59075b964b07152d234b70', 1, '', '', 30, 1, '0000-00-00', '', '', '', '2016-10-14', '', 0, 2, 1, 0, 1, '0', '0', NULL),
(20, 'D', '202cb962ac59075b964b07152d234b70', 1, '', '', 3, 0, '0000-00-00', '', '', '', '2016-10-14', '', 0, 1, 0, 0, 139, '0', '0', NULL),
(21, 'F', '202cb962ac59075b964b07152d234b70', 1, '', '', 4, 0, '0000-00-00', '', '', '', '2016-10-14', '', 0, 0, 0, 0, 0, '0', '0', NULL),
(22, 'H', '202cb962ac59075b964b07152d234b70', 1, '13202063303', '', 0, 0, '0000-00-00', '', '', '', '2016-10-16', '', 0, 0, 0, 0, 0, '0', '0', NULL),
(23, 'J', '202cb962ac59075b964b07152d234b70', 1, '1320206', '', 1, 0, '0000-00-00', '', '', '', '2016-10-16', '', 0, 0, 0, 0, 0, '0', '0', NULL),
(24, 'K', '202cb962ac59075b964b07152d234b70', 1, '1320206', '', 0, 0, '0000-00-00', '', '', '', '2016-10-16', '', 0, 0, 0, 0, 0, '0', '0', NULL),
(25, 'L', '202cb962ac59075b964b07152d234b70', 1, '1320206', '', 4, 0, '0000-00-00', '', '', '', '2016-10-16', '', 0, 0, 0, 0, 0, '0', '0', NULL),
(26, 'M', '202cb962ac59075b964b07152d234b70', 1, '1320206', '', 25, 0, '0000-00-00', '', '', '', '2016-10-16', '', 0, 0, 0, 0, 1, '0', '0', NULL),
(27, 'test1', '202cb962ac59075b964b07152d234b70', 1, '100000', '', 7, 0, '0000-00-00', '', '', '', '2016-11-07', '', 0, 0, 0, 0, 0, '0', '0', NULL),
(28, 'test2', '202cb962ac59075b964b07152d234b70', 1, '100000', '', 1, 0, '0000-00-00', '', '', '', '2016-11-07', '', 0, 0, 0, 0, 0, '0', '0', NULL),
(29, 'test3', '202cb962ac59075b964b07152d234b70', 1, '100003', '', 1, 0, '0000-00-00', '', '', '', '2016-11-07', '', 0, 0, 0, 0, 0, '0', '0', NULL),
(30, 'test4', '202cb962ac59075b964b07152d234b70', 1, '100004', '', 1, 0, '0000-00-00', '', '', '', '2016-11-07', '', 0, 0, 0, 0, 0, '0', '0', NULL),
(31, 'test5', '123', 1, '100005', '', 5, 0, '0000-00-00', '', '', '', '2016-11-07', '', 0, 0, 0, 0, 0, '0', '0', NULL),
(32, 'test6', '202cb962ac59075b964b07152d234b70', 1, '100006', '', 1, 0, '0000-00-00', '', '', '', '2016-11-08', '', 0, 0, 0, 0, 0, '0', '0', NULL),
(33, 'test7', '202cb962ac59075b964b07152d234b70', 1, '100007', '', 1, 0, '0000-00-00', '', '', '', '2016-11-08', '', 0, 0, 0, 0, 0, '0', '0', NULL),
(34, 'test8', '202cb962ac59075b964b07152d234b70', 1, '100008', '', 0, 0, '0000-00-00', '', '', '', '2016-11-08', '', 0, 0, 0, 0, 0, '0', '0', NULL),
(35, 'test9', '202cb962ac59075b964b07152d234b70', 1, '100009', '', 1, 0, '0000-00-00', '', '', '', '2016-11-08', '', 0, 0, 0, 0, 0, '0', '0', NULL),
(36, 'test10', '202cb962ac59075b964b07152d234b70', 1, '1000010', '', 1, 0, '0000-00-00', '', '', '', '2016-11-08', '', 0, 0, 0, 0, 0, '0', '0', NULL),
(37, 'test11', '202cb962ac59075b964b07152d234b70', 1, '1000011', '', 1, 0, '0000-00-00', '', '', '', '2016-11-08', '', 0, 0, 0, 0, 0, '0', '0', NULL),
(38, 'test12', '202cb962ac59075b964b07152d234b70', 1, '1000012', '', 1, 0, '0000-00-00', '', '', '', '2016-11-08', '', 0, 0, 0, 0, 0, '0', '0', NULL),
(39, 'test13', '202cb962ac59075b964b07152d234b70', 1, '1000013', '', 21, 0, '0000-00-00', '', '', '', '2016-11-08', '', 0, 0, 0, 0, 0, '0', '0', NULL),
(40, 'test16', '202cb962ac59075b964b07152d234b70', 1, '1000013', '', 0, 0, '0000-00-00', '', '', '', '2016-11-26', '', 0, 0, 0, 0, 0, '0', '0', NULL),
(41, 'test17', '202cb962ac59075b964b07152d234b70', 1, '1000017', '', 1, 0, '0000-00-00', '', '', '', '2016-11-26', '', 0, 0, 0, 0, 0, '0', '0', NULL),
(42, 'test18', '202cb962ac59075b964b07152d234b70', 1, '1000018', '', 1, 0, '0000-00-00', '', '', '', '2016-11-26', '', 0, 0, 0, 0, 0, '0', '0', NULL),
(43, 'test19', '202cb962ac59075b964b07152d234b70', 1, '1000019', '', 1, 0, '0000-00-00', '', '', '', '2016-11-26', '', 0, 0, 0, 0, 0, '0', '0', NULL),
(44, 'test20', '202cb962ac59075b964b07152d234b70', 1, '1000020', '', 1, 0, '0000-00-00', '', '', '', '2016-11-26', '', 0, 0, 0, 0, 0, '0', '0', NULL),
(45, 'test21', '202cb962ac59075b964b07152d234b70', 1, '1000021', '', 12, 0, '0000-00-00', '', '', '', '2016-11-26', '', 0, 0, 0, 0, 0, '0', '0', NULL),
(46, 'test22', '202cb962ac59075b964b07152d234b70', 1, '1000022', '', 1, 0, '0000-00-00', '', '', '', '2016-11-26', '', 0, 0, 0, 0, 0, '0', '0', NULL),
(47, 'test23', '202cb962ac59075b964b07152d234b70', 1, '1000023', '', 1, 0, '0000-00-00', '', '', '', '2016-11-26', '', 0, 0, 0, 0, 0, '0', '0', NULL),
(48, 'test24', '202cb962ac59075b964b07152d234b70', 1, '1000024', '', 1, 0, '0000-00-00', '', '', '', '2016-11-26', '', 0, 0, 0, 0, 0, '0', '0', NULL),
(49, 'test25', '202cb962ac59075b964b07152d234b70', 1, '1000025', '', 1, 0, '0000-00-00', '', '', '', '2016-12-05', '', 0, 0, 0, 0, 0, '0', '0', NULL),
(50, 'test26', '202cb962ac59075b964b07152d234b70', 1, '1000026', '', 1, 0, '0000-00-00', '', '', '', '2016-12-20', '', 0, 0, 0, 0, 0, '0', '0', NULL),
(51, 'test27', '202cb962ac59075b964b07152d234b70', 1, '1000027', '', 0, 0, '0000-00-00', '', '', '', '2016-12-24', '', 0, 0, 0, 0, 0, '0', '0', NULL),
(52, 'test28', '202cb962ac59075b964b07152d234b70', 1, '1000028', '', 0, 0, '0000-00-00', '', '', '', '2016-12-24', '', 0, 0, 0, 0, 0, '0', '0', NULL),
(53, 'test29', '202cb962ac59075b964b07152d234b70', 1, '1000029', '', 0, 0, '0000-00-00', '', '', '', '2016-12-24', '', 0, 0, 0, 0, 0, '0', '0', NULL),
(54, 'test30', '202cb962ac59075b964b07152d234b70', 1, '1000030', '', 0, 0, '0000-00-00', '', '', '', '2016-12-24', '', 0, 0, 0, 0, 0, '0', '0', NULL),
(55, 'test31', '202cb962ac59075b964b07152d234b70', 1, '1000031', '', 0, 0, '0000-00-00', '', '', '', '2016-12-24', '', 0, 0, 0, 0, 0, '0', '0', NULL),
(56, 'test32', '202cb962ac59075b964b07152d234b70', 1, '1000032', '', 0, 0, '0000-00-00', '', '', '', '2016-12-24', '', 0, 0, 0, 0, 0, '0', '0', NULL),
(57, 'test33', '202cb962ac59075b964b07152d234b70', 1, '1000033', '', 0, 0, '0000-00-00', '', '', '', '2016-12-24', '', 0, 0, 0, 0, 0, '0', '0', NULL),
(58, 'test34', '123', 1, '1000034', '', 0, 0, '0000-00-00', '', '', '', '2016-12-24', '', 0, 0, 0, 0, 0, '0', '0', NULL),
(59, 'test35', '123', 1, '1000035', '', 0, 0, '0000-00-00', '', '', '', '2016-12-24', '', 0, 0, 0, 0, 0, '0', '0', NULL),
(60, 'test36', '123', 1, '1000036', '', 0, 0, '0000-00-00', '', '', '', '2016-12-24', '', 0, 0, 0, 0, 0, '0', '0', NULL),
(61, 'test37', '123', 1, '1000037', '', 0, 0, '0000-00-00', '', '', '', '2016-12-24', '', 0, 0, 0, 0, 0, '0', '0', NULL),
(62, 'test38', '123', 1, '1000038', '', 0, 0, '0000-00-00', '', '', '', '2016-12-24', '', 0, 0, 0, 0, 0, '0', '0', NULL),
(63, 'test39', '123', 1, '1000039', '', 0, 0, '0000-00-00', '', '', '', '2016-12-24', '', 0, 0, 0, 0, 0, '0', '0', NULL),
(64, 'test40', '123', 1, '1000040', '', 1, 0, '0000-00-00', '', '', '', '2016-12-24', '', 0, 0, 0, 0, 0, '0', '0', NULL),
(65, '新融云用户名', '123', 1, '1000041', '', 3, 0, '0000-00-00', '', 'http://121.42.203.85/jianghu/Uploads/2016-11-26/58396d2698c28.jpg', './Uploads/2016-11-26/58396d2698c28.jpg', '2016-12-24', '', 0, 0, 0, 0, 0, '0', '0', NULL),
(67, 'test50', '123', 1, '1000050', '', 1, 0, '0000-00-00', '', '', '', '2017-01-04', '""', 0, 0, 0, 0, 0, '0', '0', NULL),
(68, 'test51', '123', 1, '1000051', '', 1, 0, '0000-00-00', '', '', '', '2017-01-04', '""', 0, 0, 0, 0, 0, '0', '0', NULL),
(69, 'test52', '123', 1, '1000052', '', 1, 0, '0000-00-00', '', '', '', '2017-01-04', '""', 0, 0, 0, 0, 0, '0', '0', NULL),
(70, 'test53', '123', 1, '1000053', '', 1, 0, '0000-00-00', '', '', '', '2017-01-04', '""', 0, 0, 0, 0, 0, '0', '0', NULL),
(71, 'test54', '123', 1, '1000054', '', 1, 0, '0000-00-00', '', '', '', '2017-01-04', '""', 0, 0, 0, 0, 0, '0', '0', NULL),
(72, 'test55', '123', 1, '1000055', '', 1, 0, '0000-00-00', '', '""', '', '2017-01-05', '""', 0, 0, 0, 0, 0, '0', '0', NULL),
(73, 'test56', '123', 1, '1000056', '', 1, 0, '0000-00-00', '', '', '', '2017-01-05', '', 0, 0, 0, 0, 0, '0', '0', NULL),
(74, 'test57', '123', 1, '1000057', '', 1, 0, '0000-00-00', '', '', '', '2017-01-05', '', 0, 0, 0, 0, 0, '0', '0', NULL),
(75, 'test58', '123', 1, '1000058', '', 0, 0, '0000-00-00', '', '', '', '2017-01-05', '', 0, 0, 0, 0, 0, '0', '0', NULL),
(76, 'test59', '123', 1, '1000059', '', 0, 0, '0000-00-00', '', '', '', '2017-01-05', '', 0, 0, 0, 0, 0, '0', '0', NULL),
(77, 'test60', '123', 1, '1000060', '', 0, 0, '0000-00-00', '', '', '', '2017-01-05', '', 0, 0, 0, 0, 0, '0', '0', NULL),
(78, 'test61', '123', 1, '1000061', '', 0, 0, '0000-00-00', '', '', '', '2017-01-05', '', 0, 0, 0, 0, 0, '0', '0', NULL),
(79, 'test62', '123', 1, '1000062', '', 0, 0, '0000-00-00', '', '', '', '2017-01-05', '', 0, 0, 0, 0, 0, '0', '0', NULL),
(80, 'test63', '123', 1, '1000063', '', 0, 0, '0000-00-00', '', '', '', '2017-01-05', '', 0, 0, 0, 0, 0, '0', '0', NULL),
(81, 'test64', '123', 1, '1000064', '', 0, 0, '0000-00-00', '', '', '', '2017-01-05', '', 0, 0, 0, 0, 0, '0', '0', NULL),
(82, 'test65', '123', 1, '1000065', '', 1, 0, '0000-00-00', '', '', '', '2017-01-05', '', 0, 0, 0, 0, 0, '0', '0', NULL),
(83, 'test66', '123', 1, '1000066', '', 2, 0, '0000-00-00', '', '', '', '2017-01-05', '', 0, 0, 0, 0, 0, '0', '0', NULL),
(84, 'test67', '123', 1, '1000067', '', 1, 0, '0000-00-00', '', '', '', '2017-01-05', '', 0, 0, 0, 0, 0, '0', '0', NULL),
(85, 'orS2IoTHr', '123', 1, '1000065', '', 0, 0, '0000-00-00', '', 'http://121.42.203.85/jianghu/Public/default/userface.png', '', '2017-01-05', '', 0, 0, 0, 0, 0, '0', '0', NULL),
(86, 'G1I8IQ5hW', '123', 1, '1000066', '', 0, 0, '0000-00-00', '', 'http://121.42.203.85/jianghu/Public/default/userface.png', '', '2017-01-05', '', 0, 0, 0, 0, 0, '0', '0', NULL),
(87, '4buwQBFds', '123', 1, '1000066', '', 0, 0, '0000-00-00', '', 'http://121.42.203.85/jianghu/Public/default/userface.png', '', '2017-01-05', '', 0, 0, 0, 0, 0, '0', '0', NULL),
(88, 'uVABhh3Az', '123', 1, '1000070', '', 1, 0, '0000-00-00', '', 'http://121.42.203.85/jianghu/Public/default/userface.png', '', '2017-01-05', '', 0, 0, 0, 0, 0, '0', '0', NULL),
(89, '4wBiBVMug', '123', 1, '1000071', '', 1, 0, '0000-00-00', '', 'http://121.42.203.85/jianghu/Public/images/default/userface.png', '', '2017-01-05', '', 0, 0, 0, 0, 0, '0', '0', NULL),
(90, 'test80', '123', 1, '1000080', '', 47, 0, '0000-00-00', '', 'http://121.42.203.85/jianghu/Public/images/default/userface.png', '', '2017-01-13', '', 0, 0, 0, 0, 0, '', '', NULL),
(91, 'test81', '123', 1, '1000081', '', 2, 0, '0000-00-00', '', 'http://121.42.203.85/jianghu/Public/images/default/userface.png', '', '2017-01-13', '', 0, 0, 0, 0, 0, '', '11181', NULL),
(92, 'test82', '123', 1, '1000082', '', 3, 0, '0000-00-00', '', 'http://121.42.203.85/jianghu/Public/images/default/userface.png', '', '2017-01-13', '', 0, 0, 0, 0, 0, '22282', '', NULL),
(93, 'Lin', '123', 0, '18826103743', '', 83, 0, '0000-00-00', 'it is my life', 'http://121.42.203.85/jianghu/Uploads/2017-07-16/596b83ffab1eb.png', './Uploads/2017-07-16/596b83ffab1eb.png', '2017-02-11', '', 0, 1, 0, 0, 0, '', '', '100d85590976d5ac2df'),
(94, '是的', '252363', 1, '13246875187', '', 4, 0, '0000-00-00', '', 'http://121.42.203.85/jianghu/Public/images/default/userface.png', '', '2017-02-17', '', 0, 0, 0, 0, 6, '', '', NULL),
(95, '管理會計', '555', 1, '13678906613', '', 1, 0, '0000-00-00', '', 'http://121.42.203.85/jianghu/Public/images/default/userface.png', '', '2017-02-19', '', 0, 0, 0, 0, 0, '', '', NULL),
(96, 'test', '123', 0, '18826103438', '', 1, 0, '0000-00-00', '', 'http://121.42.203.85/jianghu/Public/images/default/userface.png', '', '2017-03-26', '', 0, 0, 0, 0, 0, '', '', NULL),
(97, '嘿嘿', '123', 1, '13660745950', '', 1, 0, '0000-00-00', '', 'http://121.42.203.85/jianghu/Public/images/default/userface.png', '', '2017-04-04', '', 0, 0, 0, 0, 0, '', '', NULL),
(98, '杨子', '27173843', 0, '18617391278', '', 150, 1, '0000-00-00', '江湖十年雨', 'http://121.42.203.85/jianghu/Uploads/2017-06-20/5948a985c1802.png', './Uploads/2017-06-20/5948a985c1802.png', '2017-04-05', '', 0, 16, 4, 1, 1, '', '', '1507bfd3f7f6c68a9eb'),
(99, '苏亚雷斯', '27173843', 0, '18819323232', '', 189, 0, '0000-00-00', '禁区之王', 'http://121.42.203.85/jianghu/Uploads/2017-06-06/5936bfaf17398.png', './Uploads/2017-06-06/5936bfaf17398.png', '2017-04-25', '', 0, 4, 7, 0, 0, '', '', '1104a89792980f8aa8c'),
(100, '内马尔', '27173843', 0, '18934299099', '', 29, 0, '0000-00-00', '内少', 'http://121.42.203.85/jianghu/Uploads/2017-06-06/5936bffec5a30.png', './Uploads/2017-06-06/5936bffec5a30.png', '2017-04-26', '', 0, 2, 2, 0, 1, '', '', ''),
(101, '（万众慈爱）无量心', 'itismyheart2017', 0, '15180450307', '', 12, 0, '0000-00-00', '', 'http://121.42.203.85/jianghu/Public/images/default/userface.png', '', '2017-06-20', '', 0, 1, 0, 0, 0, '', '', '190e35f7e0731121ed7'),
(102, 'kang', '3655505', 0, '18664897900', '', 4, 0, '0000-00-00', '', 'http://121.42.203.85/jianghu/Public/images/default/userface.png', '', '2017-07-27', '', 0, 0, 0, 0, 0, '', '', '13065ffa4e3c3ff91a9');

-- --------------------------------------------------------

--
-- Table structure for table `jianghu_user_domain`
--

CREATE TABLE IF NOT EXISTS `jianghu_user_domain` (
  `id` int(10) unsigned NOT NULL AUTO_INCREMENT,
  `user_id` int(10) unsigned NOT NULL COMMENT '用户id',
  `domain` varchar(30) NOT NULL,
  PRIMARY KEY (`id`)
) ENGINE=InnoDB  DEFAULT CHARSET=utf8 COMMENT='领域表' AUTO_INCREMENT=135 ;

--
-- Dumping data for table `jianghu_user_domain`
--

INSERT INTO `jianghu_user_domain` (`id`, `user_id`, `domain`) VALUES
(3, 8, '小A'),
(4, 8, '小B'),
(5, 8, '小c'),
(6, 9, '0'),
(7, 9, '0'),
(8, 9, '0'),
(9, 10, '0'),
(10, 10, '0'),
(11, 10, '0'),
(12, 11, '0'),
(13, 11, '0'),
(14, 11, '0'),
(15, 12, '0'),
(16, 12, '0'),
(17, 12, '0'),
(18, 13, '0'),
(19, 13, '0'),
(20, 13, '0'),
(21, 14, '0'),
(22, 14, '0'),
(23, 14, '0'),
(24, 15, '0'),
(25, 15, '0'),
(26, 15, '0'),
(27, 16, '0'),
(28, 16, '0'),
(29, 16, '0'),
(30, 17, '0'),
(31, 17, '0'),
(32, 17, '0'),
(33, 18, '0'),
(34, 18, '0'),
(35, 18, '0'),
(36, 19, '0'),
(37, 19, '0'),
(38, 19, '0'),
(39, 20, '0'),
(40, 20, '0'),
(41, 20, '0'),
(42, 21, '0'),
(43, 21, '0'),
(44, 21, '0'),
(45, 25, '0'),
(46, 26, '0'),
(47, 26, '0'),
(48, 26, '0'),
(49, 29, '0'),
(50, 29, '0'),
(51, 29, '0'),
(52, 30, '0'),
(53, 30, '0'),
(54, 30, '0'),
(55, 31, '0'),
(56, 31, '0'),
(57, 31, '0'),
(58, 33, ''),
(59, 33, ''),
(60, 33, ''),
(61, 34, '美食'),
(62, 34, '运动'),
(63, 35, '美食'),
(64, 35, '运动'),
(65, 36, '美食'),
(66, 36, '运动'),
(67, 37, '美食'),
(68, 37, '运动'),
(69, 38, '美食'),
(70, 38, '运动'),
(71, 39, '美食'),
(72, 39, '运动'),
(73, 40, '美食'),
(74, 41, '美食'),
(75, 41, ''),
(76, 44, '美食'),
(77, 44, '运动'),
(78, 44, '娱乐'),
(79, 45, '美食'),
(80, 45, '运动'),
(81, 45, '娱乐'),
(82, 46, '美食'),
(83, 46, '运动'),
(84, 46, '娱乐'),
(85, 47, '美食'),
(86, 47, '运动'),
(87, 47, '娱乐'),
(88, 48, '美食'),
(89, 48, '运动'),
(90, 48, '娱乐'),
(91, 49, '运动'),
(92, 49, '运动'),
(93, 49, '运动'),
(94, 66, '运动'),
(95, 66, '娱乐'),
(96, 66, '休闲'),
(97, 75, '美食'),
(98, 76, '美食'),
(99, 77, '美食'),
(100, 80, '美食'),
(101, 81, '美食'),
(102, 84, '美食'),
(103, 84, '运动'),
(104, 85, '美食'),
(105, 86, '美食'),
(106, 87, '美食'),
(107, 88, '美食'),
(108, 89, '美食'),
(109, 90, '美食'),
(110, 91, '美食'),
(111, 92, '美食'),
(112, 93, '美食'),
(113, 93, '运动'),
(114, 94, '运动'),
(115, 94, '娱乐'),
(116, 94, '休闲'),
(117, 95, '运动'),
(118, 95, '休闲'),
(119, 96, '美食'),
(120, 97, '教育'),
(121, 97, '休闲娱乐'),
(122, 98, '美食'),
(123, 98, '运动'),
(124, 99, '美食'),
(125, 99, '运动'),
(126, 100, '美食'),
(127, 101, '教育'),
(128, 102, '电影'),
(129, 102, '购物'),
(130, 102, '旅行'),
(131, 102, '美食'),
(132, 102, '阅读'),
(133, 102, '运动'),
(134, 102, '足球');

-- --------------------------------------------------------

--
-- Table structure for table `jianghu_user_report`
--

CREATE TABLE IF NOT EXISTS `jianghu_user_report` (
  `id` mediumint(8) unsigned NOT NULL AUTO_INCREMENT,
  `user_id` mediumint(9) NOT NULL COMMENT '举报者id',
  `reported_id` mediumint(9) NOT NULL COMMENT '被举报者id',
  `text` text NOT NULL COMMENT '举报内容',
  `time` datetime NOT NULL,
  `state` tinyint(1) NOT NULL COMMENT '0是未处理，1是已处理',
  PRIMARY KEY (`id`)
) ENGINE=InnoDB  DEFAULT CHARSET=utf8 COMMENT='用户举报表' AUTO_INCREMENT=12 ;

--
-- Dumping data for table `jianghu_user_report`
--

INSERT INTO `jianghu_user_report` (`id`, `user_id`, `reported_id`, `text`, `time`, `state`) VALUES
(3, 1, 2, '对2的举报', '2017-01-04 15:38:15', 1),
(4, 1, 2, '对2的举报', '2017-01-05 23:40:09', 1),
(5, 1, 3, '对2的举报', '2017-01-05 23:41:33', 2),
(6, 1, 4, '这个人好坏的', '2017-02-09 01:57:51', 0),
(7, 1, 4, '要举报这大哥', '2017-02-18 14:05:36', 0),
(8, 1, 2, '瞎说', '2017-02-18 17:03:16', 0),
(9, 1, 2, '瞎说', '2017-02-18 17:03:22', 0),
(10, 100, 99, '举报，真的！！！', '2017-06-10 07:01:24', 0),
(11, 98, 99, '测试举报用户', '2017-07-01 17:42:16', 0);

-- --------------------------------------------------------

--
-- Table structure for table `jianghu_weekend_reputation`
--

CREATE TABLE IF NOT EXISTS `jianghu_weekend_reputation` (
  `id` mediumint(8) unsigned NOT NULL AUTO_INCREMENT,
  `user_id` mediumint(8) unsigned NOT NULL,
  `reputationnum` smallint(5) unsigned NOT NULL COMMENT '口碑数',
  `date` date NOT NULL,
  `state` tinyint(4) NOT NULL COMMENT '0为正常，1为过期',
  PRIMARY KEY (`id`)
) ENGINE=InnoDB  DEFAULT CHARSET=utf8 COMMENT='周末用户口碑统计表，用于口碑排名' AUTO_INCREMENT=3636 ;

--
-- Dumping data for table `jianghu_weekend_reputation`
--

INSERT INTO `jianghu_weekend_reputation` (`id`, `user_id`, `reputationnum`, `date`, `state`) VALUES
(3536, 1, 1505, '2017-08-06', 0),
(3537, 2, 183, '2017-08-06', 0),
(3538, 3, 101, '2017-08-06', 0),
(3539, 4, 74, '2017-08-06', 0),
(3540, 5, 9, '2017-08-06', 0),
(3541, 6, 2, '2017-08-06', 0),
(3542, 7, 8, '2017-08-06', 0),
(3543, 8, 6, '2017-08-06', 0),
(3544, 10, 10, '2017-08-06', 0),
(3545, 11, 0, '2017-08-06', 0),
(3546, 12, 0, '2017-08-06', 0),
(3547, 13, 0, '2017-08-06', 0),
(3548, 14, 0, '2017-08-06', 0),
(3549, 15, 1, '2017-08-06', 0),
(3550, 16, 0, '2017-08-06', 0),
(3551, 17, 40, '2017-08-06', 0),
(3552, 18, 28, '2017-08-06', 0),
(3553, 19, 30, '2017-08-06', 0),
(3554, 20, 3, '2017-08-06', 0),
(3555, 21, 4, '2017-08-06', 0),
(3556, 22, 0, '2017-08-06', 0),
(3557, 23, 1, '2017-08-06', 0),
(3558, 24, 0, '2017-08-06', 0),
(3559, 25, 4, '2017-08-06', 0),
(3560, 26, 25, '2017-08-06', 0),
(3561, 27, 7, '2017-08-06', 0),
(3562, 28, 1, '2017-08-06', 0),
(3563, 29, 1, '2017-08-06', 0),
(3564, 30, 1, '2017-08-06', 0),
(3565, 31, 5, '2017-08-06', 0),
(3566, 32, 1, '2017-08-06', 0),
(3567, 33, 1, '2017-08-06', 0),
(3568, 34, 0, '2017-08-06', 0),
(3569, 35, 1, '2017-08-06', 0),
(3570, 36, 1, '2017-08-06', 0),
(3571, 37, 1, '2017-08-06', 0),
(3572, 38, 1, '2017-08-06', 0),
(3573, 39, 21, '2017-08-06', 0),
(3574, 40, 0, '2017-08-06', 0),
(3575, 41, 1, '2017-08-06', 0),
(3576, 42, 1, '2017-08-06', 0),
(3577, 43, 1, '2017-08-06', 0),
(3578, 44, 1, '2017-08-06', 0),
(3579, 45, 12, '2017-08-06', 0),
(3580, 46, 1, '2017-08-06', 0),
(3581, 47, 1, '2017-08-06', 0),
(3582, 48, 1, '2017-08-06', 0),
(3583, 49, 1, '2017-08-06', 0),
(3584, 50, 1, '2017-08-06', 0),
(3585, 51, 0, '2017-08-06', 0),
(3586, 52, 0, '2017-08-06', 0),
(3587, 53, 0, '2017-08-06', 0),
(3588, 54, 0, '2017-08-06', 0),
(3589, 55, 0, '2017-08-06', 0),
(3590, 56, 0, '2017-08-06', 0),
(3591, 57, 0, '2017-08-06', 0),
(3592, 58, 0, '2017-08-06', 0),
(3593, 59, 0, '2017-08-06', 0),
(3594, 60, 0, '2017-08-06', 0),
(3595, 61, 0, '2017-08-06', 0),
(3596, 62, 0, '2017-08-06', 0),
(3597, 63, 0, '2017-08-06', 0),
(3598, 64, 1, '2017-08-06', 0),
(3599, 65, 3, '2017-08-06', 0),
(3600, 67, 1, '2017-08-06', 0),
(3601, 68, 1, '2017-08-06', 0),
(3602, 69, 1, '2017-08-06', 0),
(3603, 70, 1, '2017-08-06', 0),
(3604, 71, 1, '2017-08-06', 0),
(3605, 72, 1, '2017-08-06', 0),
(3606, 73, 1, '2017-08-06', 0),
(3607, 74, 1, '2017-08-06', 0),
(3608, 75, 0, '2017-08-06', 0),
(3609, 76, 0, '2017-08-06', 0),
(3610, 77, 0, '2017-08-06', 0),
(3611, 78, 0, '2017-08-06', 0),
(3612, 79, 0, '2017-08-06', 0),
(3613, 80, 0, '2017-08-06', 0),
(3614, 81, 0, '2017-08-06', 0),
(3615, 82, 1, '2017-08-06', 0),
(3616, 83, 2, '2017-08-06', 0),
(3617, 84, 1, '2017-08-06', 0),
(3618, 85, 0, '2017-08-06', 0),
(3619, 86, 0, '2017-08-06', 0),
(3620, 87, 0, '2017-08-06', 0),
(3621, 88, 1, '2017-08-06', 0),
(3622, 89, 1, '2017-08-06', 0),
(3623, 90, 47, '2017-08-06', 0),
(3624, 91, 2, '2017-08-06', 0),
(3625, 92, 3, '2017-08-06', 0),
(3626, 93, 74, '2017-08-06', 0),
(3627, 94, 4, '2017-08-06', 0),
(3628, 95, 1, '2017-08-06', 0),
(3629, 96, 1, '2017-08-06', 0),
(3630, 97, 1, '2017-08-06', 0),
(3631, 98, 150, '2017-08-06', 0),
(3632, 99, 187, '2017-08-06', 0),
(3633, 100, 29, '2017-08-06', 0),
(3634, 101, 12, '2017-08-06', 0),
(3635, 102, 4, '2017-08-06', 0);

/*!40101 SET CHARACTER_SET_CLIENT=@OLD_CHARACTER_SET_CLIENT */;
/*!40101 SET CHARACTER_SET_RESULTS=@OLD_CHARACTER_SET_RESULTS */;
/*!40101 SET COLLATION_CONNECTION=@OLD_COLLATION_CONNECTION */;
