-- phpMyAdmin SQL Dump
-- version 4.0.10deb1
-- http://www.phpmyadmin.net
--
-- 主机: localhost
-- 生成日期: 2017-01-23 20:35:16
-- 服务器版本: 5.5.52-0ubuntu0.14.04.1-log
-- PHP 版本: 5.5.9-1ubuntu4.20

SET SQL_MODE = "NO_AUTO_VALUE_ON_ZERO";
SET time_zone = "+00:00";


/*!40101 SET @OLD_CHARACTER_SET_CLIENT=@@CHARACTER_SET_CLIENT */;
/*!40101 SET @OLD_CHARACTER_SET_RESULTS=@@CHARACTER_SET_RESULTS */;
/*!40101 SET @OLD_COLLATION_CONNECTION=@@COLLATION_CONNECTION */;
/*!40101 SET NAMES utf8 */;

--
-- 数据库: `jianghu`
--

-- --------------------------------------------------------

--
-- 表的结构 `jianghu_admin`
--

CREATE TABLE IF NOT EXISTS `jianghu_admin` (
  `id` int(10) unsigned NOT NULL AUTO_INCREMENT,
  `name` varchar(20) NOT NULL,
  `email` varchar(30) NOT NULL DEFAULT '""',
  `password` varchar(50) NOT NULL,
  PRIMARY KEY (`id`)
) ENGINE=InnoDB  DEFAULT CHARSET=utf8 COMMENT='管理员表' AUTO_INCREMENT=5 ;

--
-- 转存表中的数据 `jianghu_admin`
--

INSERT INTO `jianghu_admin` (`id`, `name`, `email`, `password`) VALUES
(1, 'superadmin', '123', '123456'),
(2, 'Kingkun', '930314850@qq.com', '123456'),
(3, 'admin2', '', '123456'),
(4, 'admin3', '', '123456');

-- --------------------------------------------------------

--
-- 表的结构 `jianghu_admin_token`
--

CREATE TABLE IF NOT EXISTS `jianghu_admin_token` (
  `id` mediumint(8) unsigned NOT NULL AUTO_INCREMENT,
  `token` varchar(100) NOT NULL,
  `name` varchar(50) NOT NULL,
  `time` datetime NOT NULL,
  `state` tinyint(4) NOT NULL,
  PRIMARY KEY (`id`)
) ENGINE=InnoDB  DEFAULT CHARSET=utf8 AUTO_INCREMENT=2 ;

--
-- 转存表中的数据 `jianghu_admin_token`
--

INSERT INTO `jianghu_admin_token` (`id`, `token`, `name`, `time`, `state`) VALUES
(1, '52ece2161848712b3abcbfa5970397da', 'superadmin', '2017-01-06 20:13:37', 0);

-- --------------------------------------------------------

--
-- 表的结构 `jianghu_business`
--

CREATE TABLE IF NOT EXISTS `jianghu_business` (
  `id` int(10) unsigned NOT NULL AUTO_INCREMENT,
  `name` varchar(60) NOT NULL,
  `addr` varchar(100) NOT NULL COMMENT '地址',
  `latitude` varchar(30) NOT NULL COMMENT '纬度',
  `longtitude` varchar(30) NOT NULL COMMENT '经度',
  `discription` text NOT NULL,
  `state` tinyint(4) NOT NULL COMMENT '审核状态 0为已审核 1为未审核',
  `joindate` date NOT NULL COMMENT '加入江湖时间',
  `logourl` text NOT NULL,
  `logopath` text,
  `phone` varchar(20) NOT NULL,
  `user_id` int(10) unsigned NOT NULL COMMENT '推荐人的user_id',
  `star` tinyint(3) unsigned NOT NULL COMMENT '星级',
  `domain` varchar(30) NOT NULL,
  `website` varchar(100) NOT NULL,
  PRIMARY KEY (`id`)
) ENGINE=InnoDB  DEFAULT CHARSET=utf8 COMMENT='商户表' AUTO_INCREMENT=12 ;

--
-- 转存表中的数据 `jianghu_business`
--

INSERT INTO `jianghu_business` (`id`, `name`, `addr`, `latitude`, `longtitude`, `discription`, `state`, `joindate`, `logourl`, `logopath`, `phone`, `user_id`, `star`, `domain`, `website`) VALUES
(1, '章鱼小丸子', '贝岗', '', '', '好吃啊', 0, '0000-00-00', 'http://121.42.203.85/jianghu/Uploads/2017-01-02/5869be719ffa1.jpg', './Uploads/2017-01-02/5869be719ffa1.jpg', '1302063303', 1, 3, '', ''),
(2, '章鱼小丸子', '贝岗', '23.1733910000', '113.2839080000', '好吃啊', 0, '2016-11-02', 'http://121.42.203.85/jianghu/Uploads/2017-01-02/5869bd32998e2.jpg', './Uploads/2017-01-02/5869bd32998e2.jpg', '1302063303', 1, 3, '', ''),
(3, '宝鸡', '贝岗', '22.9462890000', '113.3699340000', '不好吃', 0, '0000-00-00', 'http://localhost/jianghu/Uploads/2016-11-04/581b600f13e03.jpg', './Uploads/2016-11-04/581b600f13e03.jpg', '13066331202', 0, 3, '', ''),
(4, 'halo', 'lalal', '', '', '123456', 0, '0000-00-00', 'http://localhost/jianghu/Uploads/2016-11-04/581c9882e5e07.jpg', './Uploads/2016-11-04/581c9882e5e07.jpg', '321654', 0, 3, '', ''),
(5, 'hhh', 'dddd', '', '', '', 0, '0000-00-00', '', '', '', 0, 3, '', ''),
(6, 'hhhh', 'aaa', '', '', 'ddd', 0, '0000-00-00', 'http://121.42.203.85/jianghu/Uploads/2016-11-24/58366cce969cc.jpg', './Uploads/2016-11-24/58366cce969cc.jpg', 'rrrr', 0, 3, '', ''),
(7, '章鱼小丸子', '贝岗', '192123', '', '好吃啊', 1, '2016-12-13', '', NULL, '1302063303', 1, 3, '美食', 'http://123.com/'),
(8, '给力炒粉', '贝岗', '23.1803680000', '113.2049290000', '好吃啊', 1, '2016-12-16', 'http://121.42.203.85/jianghu/Uploads/2016-12-16/5853841c516fa.jpg', './Uploads/2016-12-16/5853841c516fa.jpg', '1302063303', 1, 0, '美食', 'http://123.com/'),
(9, '杨小贤', '贝岗', '23.1855764799', '113.3036327362', '好吃啊', 1, '2016-12-21', '', NULL, '1302063303', 2, 3, '美食', 'http://test.com/'),
(10, 'business1', 'business_addr1', '', '', 'business_descrip1', 0, '2017-01-02', 'http://121.42.203.85/jianghu/Uploads/2017-01-02/5869beb805a98.jpg', './Uploads/2017-01-02/5869beb805a98.jpg', 'business_phonenum1', 0, 0, '', ''),
(11, 'business2', 'business_addr2', '', '', 'business_descrip2', 0, '2017-01-02', 'http://121.42.203.85/jianghu/Uploads/2017-01-02/5869c3f5b75d3.jpg', './Uploads/2017-01-02/5869c3f5b75d3.jpg', '13202063303', 0, 3, '', '');

-- --------------------------------------------------------

--
-- 表的结构 `jianghu_business_comment`
--

CREATE TABLE IF NOT EXISTS `jianghu_business_comment` (
  `id` mediumint(9) NOT NULL AUTO_INCREMENT,
  `business_id` mediumint(9) NOT NULL COMMENT '商户id',
  `comment` text NOT NULL COMMENT '评论内容',
  `user_id` mediumint(8) unsigned NOT NULL,
  PRIMARY KEY (`id`)
) ENGINE=InnoDB  DEFAULT CHARSET=utf8 COMMENT='商户评价表' AUTO_INCREMENT=9 ;

--
-- 转存表中的数据 `jianghu_business_comment`
--

INSERT INTO `jianghu_business_comment` (`id`, `business_id`, `comment`, `user_id`) VALUES
(1, 1, '商户评论', 1),
(2, 1, '商户评论', 2),
(3, 2, '商户评论', 2),
(4, 2, '商户评论', 3),
(5, 2, '商户评论', 4),
(6, 2, '商户评论', 1),
(7, 2, '商户评论', 1),
(8, 9, '商户评论', 1);

-- --------------------------------------------------------

--
-- 表的结构 `jianghu_collection`
--

CREATE TABLE IF NOT EXISTS `jianghu_collection` (
  `id` mediumint(8) unsigned NOT NULL AUTO_INCREMENT,
  `user_id` mediumint(8) unsigned NOT NULL,
  `introduce_id` mediumint(8) unsigned NOT NULL,
  `time` datetime NOT NULL,
  PRIMARY KEY (`id`)
) ENGINE=InnoDB  DEFAULT CHARSET=utf8 COMMENT='收藏表' AUTO_INCREMENT=5 ;

--
-- 转存表中的数据 `jianghu_collection`
--

INSERT INTO `jianghu_collection` (`id`, `user_id`, `introduce_id`, `time`) VALUES
(4, 1, 177, '2017-01-08 21:59:48');

-- --------------------------------------------------------

--
-- 表的结构 `jianghu_comment`
--

CREATE TABLE IF NOT EXISTS `jianghu_comment` (
  `id` int(10) unsigned NOT NULL AUTO_INCREMENT,
  `user_id` int(10) unsigned NOT NULL,
  `introduce_id` int(10) unsigned NOT NULL,
  `time` datetime NOT NULL,
  `content` text NOT NULL COMMENT '评论内容',
  `owner_id` int(10) unsigned NOT NULL COMMENT '推荐所有者的id',
  `state` tinyint(3) unsigned NOT NULL COMMENT '已读则为零，未读则置1',
  PRIMARY KEY (`id`)
) ENGINE=InnoDB  DEFAULT CHARSET=utf8 COMMENT='评论表' AUTO_INCREMENT=24 ;

--
-- 转存表中的数据 `jianghu_comment`
--

INSERT INTO `jianghu_comment` (`id`, `user_id`, `introduce_id`, `time`, `content`, `owner_id`, `state`) VALUES
(1, 1, 8, '0000-00-00 00:00:00', '', 0, 0),
(2, 1, 8, '2016-10-12 00:00:00', 'he评论huang的推荐', 0, 0),
(3, 1, 8, '2016-10-12 20:59:29', 'he评论huang的推荐', 0, 0),
(4, 2, 8, '2016-10-12 21:19:34', '评论huang的推荐', 0, 0),
(5, 3, 8, '2016-10-12 21:20:26', '评论huang的推荐', 0, 0),
(6, 3, 8, '2016-10-12 21:20:48', '评论huang的推荐', 0, 0),
(7, 1, 64, '2016-10-24 15:55:06', '评论', 0, 0),
(8, 1, 64, '2016-10-24 19:40:09', '评论', 0, 0),
(9, 1, 64, '2016-10-30 12:28:03', '评论', 0, 0),
(10, 7, 90, '2016-11-12 00:20:29', '评论', 1, 1),
(11, 8, 90, '2016-11-12 00:25:19', '评论', 1, 1),
(12, 9, 90, '2016-11-12 00:25:23', '评论', 1, 1),
(13, 9, 146, '2016-11-29 19:12:30', 'zheshi评论', 3, 0),
(14, 1, 146, '2016-11-29 19:21:26', '这是评论', 3, 0),
(15, 2, 146, '2016-11-29 19:21:30', '这是评论', 3, 0),
(16, 23, 146, '2016-11-29 19:34:39', '这是评论', 3, 0),
(17, 3, 146, '2016-11-29 19:35:20', '这是评论', 3, 0),
(18, 3, 90, '2016-11-30 19:49:15', '这是评论', 1, 1),
(19, 3, 157, '2016-12-19 14:28:35', '这是157的评论', 3, 0),
(20, 3, 171, '2016-12-21 21:16:29', '这是171的评论', 4, 0),
(21, 1, 178, '2017-01-14 23:45:35', '这是178的评论', 4, 0),
(22, 1, 177, '2017-01-15 02:25:35', 'DVD', 4, 0),
(23, 1, 180, '2017-01-15 02:43:31', 'torchbearer', 1, 1);

-- --------------------------------------------------------

--
-- 表的结构 `jianghu_comment_comment`
--

CREATE TABLE IF NOT EXISTS `jianghu_comment_comment` (
  `id` mediumint(8) unsigned NOT NULL AUTO_INCREMENT,
  `comment_id` mediumint(8) unsigned NOT NULL,
  `text` text NOT NULL,
  `user_id` mediumint(8) unsigned NOT NULL,
  PRIMARY KEY (`id`)
) ENGINE=InnoDB  DEFAULT CHARSET=utf8 COMMENT='评论的品论' AUTO_INCREMENT=5 ;

--
-- 转存表中的数据 `jianghu_comment_comment`
--

INSERT INTO `jianghu_comment_comment` (`id`, `comment_id`, `text`, `user_id`) VALUES
(1, 19, '这是评论的评论', 4),
(2, 19, '这是评论的评论', 3),
(3, 20, '这是评论的评论', 3),
(4, 21, 'FDD', 1);

-- --------------------------------------------------------

--
-- 表的结构 `jianghu_daily_num`
--

CREATE TABLE IF NOT EXISTS `jianghu_daily_num` (
  `id` int(11) NOT NULL AUTO_INCREMENT,
  `date` date NOT NULL COMMENT '日期',
  `joinnum` int(11) unsigned NOT NULL COMMENT '注册人数',
  `lognum` int(10) unsigned NOT NULL COMMENT '日登陆人数',
  `praisenum` int(10) unsigned NOT NULL COMMENT '每日点赞人数',
  `commentnum` int(10) unsigned NOT NULL COMMENT '评论人数',
  `keep` int(10) unsigned NOT NULL COMMENT '昨天注册今天登陆的人数',
  PRIMARY KEY (`id`)
) ENGINE=InnoDB  DEFAULT CHARSET=utf8 COMMENT='每日注册人数' AUTO_INCREMENT=64 ;

--
-- 转存表中的数据 `jianghu_daily_num`
--

INSERT INTO `jianghu_daily_num` (`id`, `date`, `joinnum`, `lognum`, `praisenum`, `commentnum`, `keep`) VALUES
(1, '2016-10-11', 6, 3, 6, 0, 2),
(2, '2016-10-12', 12, 1, 3, 1, 4),
(3, '2016-10-13', 23, 7, 0, 0, 5),
(4, '2016-10-14', 5, 0, 0, 0, 0),
(5, '2016-10-15', 0, 3, 0, 0, 1),
(6, '2016-10-16', 5, 8, 0, 0, 0),
(7, '2016-10-21', 0, 1, 0, 0, 0),
(8, '2016-10-24', 0, 1, 2, 1, 0),
(9, '2016-10-25', 0, 3, 0, 0, 0),
(10, '2016-10-26', 0, 3, 1, 0, 0),
(11, '2016-10-30', 0, 1, 1, 0, 0),
(12, '2016-10-31', 0, 2, 2, 0, 0),
(13, '2016-11-01', 0, 4, 1, 0, 0),
(14, '2016-11-02', 0, 1, 0, 0, 0),
(15, '2016-11-06', 0, 1, 0, 0, 0),
(16, '2016-11-07', 5, 10, 0, 0, 0),
(17, '2016-11-08', 6, 10, 0, 0, 2),
(18, '2016-11-11', 0, 2, 0, 0, 0),
(19, '2016-11-12', 0, 7, 0, 5, 0),
(20, '2016-11-13', 0, 5, 0, 0, 0),
(21, '2016-11-14', 0, 1, 0, 0, 0),
(22, '2016-11-15', 0, 3, 0, 0, 0),
(23, '2016-11-16', 0, 1, 0, 0, 0),
(24, '2016-11-20', 0, 2, 0, 0, 0),
(25, '2016-11-21', 0, 3, 0, 0, 0),
(26, '2016-11-24', 0, 1, 0, 0, 0),
(27, '2016-11-26', 8, 16, 0, 0, 0),
(28, '2016-11-27', 0, 2, 0, 0, 0),
(29, '2016-11-29', 0, 5, 0, 5, 0),
(30, '2016-11-30', 0, 7, 1, 1, 0),
(31, '2016-12-02', 0, 1, 0, 0, 0),
(32, '2016-12-05', 1, 4, 1, 0, 0),
(33, '2016-12-06', 0, 4, 0, 0, 0),
(34, '2016-12-07', 0, 1, 0, 0, 0),
(35, '2016-12-08', 0, 4, 0, 0, 0),
(36, '2016-12-12', 0, 6, 0, 0, 0),
(37, '2016-12-13', 0, 1, 0, 0, 0),
(38, '2016-12-14', 0, 2, 0, 0, 0),
(39, '2016-12-15', 0, 2, 0, 0, 0),
(40, '2016-12-16', 0, 1, 0, 0, 0),
(41, '2016-12-19', 0, 3, 0, 1, 0),
(42, '2016-12-20', 1, 8, 0, 0, 0),
(43, '2016-12-21', 0, 7, 1, 1, 0),
(44, '2016-12-22', 0, 2, 0, 0, 0),
(45, '2016-12-24', 15, 4, 0, 0, 0),
(46, '2016-12-25', 0, 2, 0, 0, 0),
(47, '2016-12-26', 0, 4, 1, 0, 0),
(48, '2016-12-28', 0, 1, 0, 0, 0),
(49, '2016-12-29', 0, 2, 0, 0, 0),
(50, '2016-12-30', 0, 1, 0, 0, 0),
(51, '2017-01-01', 0, 1, 0, 0, 0),
(52, '2017-01-04', 6, 22, 0, 0, 0),
(53, '2017-01-05', 9, 199, 0, 0, 1),
(54, '2017-01-06', 0, 35, 0, 0, 0),
(55, '2017-01-07', 0, 30, 0, 0, 0),
(56, '2017-01-08', 0, 44, 0, 0, 0),
(57, '2017-01-09', 0, 28, 0, 0, 0),
(58, '2017-01-12', 0, 1, 0, 0, 0),
(59, '2017-01-13', 3, 8, 0, 0, 0),
(60, '2017-01-14', 0, 23, 0, 1, 0),
(61, '2017-01-15', 0, 121, 1, 1, 0),
(62, '2017-01-22', 0, 4, 0, 0, 0),
(63, '2017-01-23', 0, 5, 1, 0, 0);

-- --------------------------------------------------------

--
-- 表的结构 `jianghu_domain`
--

CREATE TABLE IF NOT EXISTS `jianghu_domain` (
  `id` tinyint(3) unsigned NOT NULL AUTO_INCREMENT,
  `name` varchar(30) NOT NULL,
  PRIMARY KEY (`id`)
) ENGINE=InnoDB  DEFAULT CHARSET=utf8 AUTO_INCREMENT=7 ;

--
-- 转存表中的数据 `jianghu_domain`
--

INSERT INTO `jianghu_domain` (`id`, `name`) VALUES
(1, '美食'),
(3, '运动'),
(4, '娱乐'),
(6, '休闲');

-- --------------------------------------------------------

--
-- 表的结构 `jianghu_feedback`
--

CREATE TABLE IF NOT EXISTS `jianghu_feedback` (
  `id` mediumint(8) unsigned NOT NULL AUTO_INCREMENT,
  `user_id` mediumint(8) unsigned NOT NULL,
  `text` text NOT NULL,
  `time` datetime NOT NULL,
  `state` tinyint(1) NOT NULL COMMENT '是否已经处理，0为未处理',
  PRIMARY KEY (`id`)
) ENGINE=InnoDB  DEFAULT CHARSET=utf8 COMMENT='反馈表' AUTO_INCREMENT=5 ;

--
-- 转存表中的数据 `jianghu_feedback`
--

INSERT INTO `jianghu_feedback` (`id`, `user_id`, `text`, `time`, `state`) VALUES
(1, 1, '这是1的反馈', '2016-12-26 16:38:39', 2),
(2, 2, '这是2的反馈', '2016-12-30 16:01:38', 2),
(3, 1, 'toy', '2017-01-15 01:53:48', 0),
(4, 1, 'toy', '2017-01-15 01:53:57', 0);

-- --------------------------------------------------------

--
-- 表的结构 `jianghu_forward`
--

CREATE TABLE IF NOT EXISTS `jianghu_forward` (
  `id` int(10) unsigned NOT NULL AUTO_INCREMENT,
  `user_id` int(10) unsigned NOT NULL,
  `introduce_id` int(10) unsigned NOT NULL,
  `original_id` int(10) unsigned NOT NULL COMMENT '原始推荐id',
  `original_id2` int(10) unsigned NOT NULL COMMENT '二度源user_id',
  `original_id3` int(10) unsigned NOT NULL COMMENT '三度源user_id',
  `original_id4` int(10) unsigned NOT NULL COMMENT '4度源user_id',
  `original_id5` int(11) unsigned NOT NULL,
  `original_id6` int(10) unsigned NOT NULL,
  `original_id7` int(10) unsigned NOT NULL,
  `time` datetime NOT NULL,
  `owner_id` int(10) unsigned NOT NULL COMMENT '推荐所有者的id',
  `degree` tinyint(4) NOT NULL COMMENT '转发的时候该推荐的度数',
  `state` tinyint(3) unsigned NOT NULL COMMENT '是否阅读标记，未读则置零，已读则为一',
  PRIMARY KEY (`id`)
) ENGINE=InnoDB  DEFAULT CHARSET=utf8 COMMENT='转采表' AUTO_INCREMENT=159 ;

--
-- 转存表中的数据 `jianghu_forward`
--

INSERT INTO `jianghu_forward` (`id`, `user_id`, `introduce_id`, `original_id`, `original_id2`, `original_id3`, `original_id4`, `original_id5`, `original_id6`, `original_id7`, `time`, `owner_id`, `degree`, `state`) VALUES
(1, 1, 8, 0, 0, 0, 0, 0, 0, 0, '2016-09-26 15:05:39', 0, 0, 0),
(2, 2, 8, 0, 0, 0, 0, 0, 0, 0, '2016-09-26 15:06:52', 0, 0, 0),
(3, 1, 9, 0, 0, 0, 0, 0, 0, 0, '2016-09-27 19:44:50', 0, 0, 0),
(4, 1, 9, 0, 0, 0, 0, 0, 0, 0, '2016-09-27 19:46:28', 0, 0, 0),
(5, 1, 8, 0, 0, 0, 0, 0, 0, 0, '2016-09-30 14:14:16', 0, 0, 0),
(6, 1, 8, 0, 0, 0, 0, 0, 0, 0, '2016-09-30 14:19:20', 0, 0, 0),
(7, 1, 8, 0, 0, 0, 0, 0, 0, 0, '2016-09-30 14:20:47', 4, 0, 0),
(8, 1, 8, 0, 0, 0, 0, 0, 0, 0, '2016-10-01 19:42:31', 2, 0, 0),
(9, 1, 26, 0, 0, 0, 0, 0, 0, 0, '2016-10-14 15:48:05', 1, 1, 1),
(10, 2, 26, 0, 0, 0, 0, 0, 0, 0, '2016-10-14 17:02:49', 1, 1, 1),
(11, 16, 26, 0, 0, 0, 0, 0, 0, 0, '2016-10-14 17:03:42', 1, 1, 1),
(12, 16, 26, 0, 0, 0, 0, 0, 0, 0, '2016-10-14 19:34:04', 1, 1, 1),
(13, 16, 26, 0, 0, 0, 0, 0, 0, 0, '2016-10-14 19:38:06', 1, 1, 1),
(14, 16, 26, 0, 0, 0, 0, 0, 0, 0, '2016-10-14 19:39:37', 1, 1, 1),
(15, 16, 26, 0, 0, 0, 0, 0, 0, 0, '2016-10-14 19:40:27', 1, 2, 1),
(16, 2, 26, 0, 0, 0, 0, 0, 0, 0, '2016-10-14 20:04:20', 1, 2, 1),
(17, 3, 26, 0, 0, 0, 0, 0, 0, 0, '2016-10-14 20:05:07', 1, 2, 1),
(18, 7, 26, 0, 0, 0, 0, 0, 0, 0, '2016-10-14 20:06:22', 3, 2, 0),
(19, 16, 26, 0, 0, 0, 0, 0, 0, 0, '2016-10-14 20:06:56', 3, 2, 0),
(20, 16, 26, 0, 0, 0, 0, 0, 0, 0, '2016-10-14 20:09:59', 3, 2, 0),
(21, 16, 26, 0, 0, 0, 0, 0, 0, 0, '2016-10-14 20:10:18', 3, 2, 0),
(22, 16, 26, 0, 0, 0, 0, 0, 0, 0, '2016-10-14 20:11:25', 3, 2, 0),
(23, 17, 40, 0, 0, 0, 0, 0, 0, 0, '2016-10-14 22:37:43', 17, 1, 0),
(24, 18, 41, 0, 0, 0, 0, 0, 0, 0, '2016-10-14 22:37:49', 18, 1, 0),
(25, 18, 40, 0, 0, 0, 0, 0, 0, 0, '2016-10-14 22:42:30', 17, 2, 0),
(26, 18, 40, 0, 0, 0, 0, 0, 0, 0, '2016-10-14 23:43:04', 17, 2, 0),
(27, 18, 40, 0, 0, 0, 0, 0, 0, 0, '2016-10-14 23:44:19', 17, 2, 0),
(28, 18, 40, 0, 0, 0, 0, 0, 0, 0, '2016-10-15 00:17:22', 17, 2, 0),
(29, 18, 40, 0, 0, 0, 0, 0, 0, 0, '2016-10-15 00:25:20', 17, 2, 0),
(30, 18, 40, 0, 0, 0, 0, 0, 0, 0, '2016-10-15 00:27:47', 17, 2, 0),
(31, 18, 40, 0, 0, 0, 0, 0, 0, 0, '2016-10-15 00:28:01', 17, 2, 0),
(32, 19, 48, 0, 0, 0, 0, 0, 0, 0, '2016-10-15 00:32:10', 18, 3, 0),
(33, 17, 50, 0, 0, 0, 0, 0, 0, 0, '2016-10-15 09:20:32', 17, 1, 0),
(34, 17, 51, 51, 0, 0, 0, 0, 0, 0, '2016-10-15 09:29:36', 17, 1, 0),
(35, 18, 51, 0, 0, 0, 0, 0, 0, 0, '2016-10-15 09:33:44', 17, 3, 0),
(36, 18, 51, 51, 0, 0, 0, 0, 0, 0, '2016-10-15 09:40:06', 17, 3, 0),
(37, 17, 54, 54, 0, 0, 0, 0, 0, 0, '2016-10-15 09:41:39', 17, 1, 0),
(38, 18, 54, 54, 0, 0, 0, 0, 0, 0, '2016-10-15 09:42:18', 17, 3, 0),
(39, 18, 54, 54, 0, 0, 0, 0, 0, 0, '2016-10-15 09:49:22', 17, 2, 0),
(40, 17, 57, 57, 0, 0, 0, 0, 0, 0, '2016-10-15 10:05:18', 17, 1, 0),
(41, 18, 57, 57, 0, 0, 0, 0, 0, 0, '2016-10-15 10:06:21', 17, 3, 0),
(42, 17, 59, 59, 0, 0, 0, 0, 0, 0, '2016-10-15 10:08:30', 17, 1, 0),
(43, 18, 59, 59, 0, 0, 0, 0, 0, 0, '2016-10-15 10:09:08', 17, 2, 0),
(44, 19, 60, 59, 0, 0, 0, 0, 0, 0, '2016-10-15 10:10:55', 18, 2, 0),
(45, 20, 61, 59, 0, 0, 0, 0, 0, 0, '2016-10-15 10:12:02', 19, 3, 0),
(46, 1, 63, 63, 0, 0, 0, 0, 0, 0, '2016-10-15 15:57:41', 1, 1, 1),
(47, 1, 64, 64, 0, 0, 0, 0, 0, 0, '2016-10-24 14:28:14', 1, 1, 1),
(48, 1, 64, 64, 0, 0, 0, 0, 0, 0, '2016-10-24 15:35:29', 1, 2, 1),
(49, 1, 64, 64, 0, 0, 0, 0, 0, 0, '2016-10-25 20:29:09', 1, 2, 1),
(50, 26, 64, 64, 0, 0, 0, 0, 0, 0, '2016-10-25 20:34:27', 1, 3, 1),
(51, 17, 64, 64, 0, 0, 0, 0, 0, 0, '2016-10-25 20:36:55', 1, 3, 1),
(52, 18, 69, 69, 0, 0, 0, 0, 0, 0, '2016-10-25 21:17:42', 18, 1, 0),
(53, 19, 70, 70, 0, 0, 0, 0, 0, 0, '2016-10-25 21:17:59', 19, 1, 0),
(54, 17, 70, 70, 0, 0, 0, 0, 0, 0, '2016-10-26 20:49:52', 19, 2, 0),
(55, 10, 71, 70, 0, 0, 0, 0, 0, 0, '2016-10-26 20:55:00', 17, 3, 0),
(56, 1, 72, 70, 0, 0, 0, 0, 0, 0, '2016-10-26 21:29:23', 10, 4, 0),
(57, 4, 72, 70, 0, 0, 0, 0, 0, 0, '2016-10-26 21:33:30', 10, 4, 0),
(58, 21, 74, 70, 0, 0, 0, 0, 0, 0, '2016-10-26 21:54:29', 4, 3, 0),
(59, 17, 75, 70, 0, 0, 0, 0, 0, 0, '2016-10-26 21:58:42', 21, 2, 0),
(60, 1, 77, 77, 0, 0, 0, 0, 0, 0, '2016-10-30 23:35:46', 1, 1, 1),
(61, 2, 77, 77, 2, 0, 0, 0, 0, 0, '2016-10-30 23:49:32', 1, 2, 1),
(62, 17, 77, 77, 17, 0, 0, 0, 0, 0, '2016-10-30 23:54:50', 1, 2, 1),
(63, 17, 78, 77, 0, 17, 0, 0, 0, 0, '2016-10-30 23:55:13', 2, 3, 0),
(64, 19, 78, 77, 0, 19, 0, 0, 0, 0, '2016-10-31 00:06:47', 2, 3, 0),
(65, 19, 78, 77, 2, 19, 0, 0, 0, 0, '2016-10-31 00:09:42', 2, 3, 0),
(66, 25, 82, 77, 2, 19, 25, 0, 0, 0, '2016-10-31 00:10:48', 19, 4, 0),
(67, 2, 83, 77, 2, 2, 0, 0, 0, 0, '2016-10-31 00:11:41', 25, 3, 0),
(68, 2, 83, 77, 2, 0, 0, 0, 0, 0, '2016-10-31 00:20:25', 25, 2, 0),
(69, 3, 85, 77, 2, 3, 0, 0, 0, 0, '2016-10-31 00:21:33', 2, 3, 0),
(70, 3, 85, 77, 3, 0, 0, 0, 0, 0, '2016-10-31 00:22:29', 2, 2, 0),
(71, 19, 86, 77, 17, 19, 0, 0, 0, 0, '2016-10-31 00:23:07', 3, 3, 0),
(72, 19, 88, 77, 17, 19, 0, 0, 0, 0, '2016-10-31 00:25:03', 19, 3, 0),
(73, 1, 90, 90, 0, 0, 0, 0, 0, 0, '2016-10-31 14:15:17', 1, 1, 1),
(74, 2, 90, 90, 2, 0, 0, 0, 0, 0, '2016-10-31 14:19:46', 1, 2, 1),
(75, 19, 91, 90, 2, 19, 0, 0, 0, 0, '2016-10-31 14:20:31', 2, 3, 0),
(76, 26, 92, 90, 2, 19, 26, 0, 0, 0, '2016-10-31 14:21:14', 19, 4, 0),
(77, 26, 93, 90, 2, 19, 26, 26, 0, 0, '2016-10-31 14:27:51', 26, 5, 0),
(78, 25, 94, 90, 2, 19, 26, 26, 25, 0, '2016-10-31 15:06:29', 26, 6, 0),
(79, 3, 95, 90, 3, 0, 0, 0, 0, 0, '2016-10-31 15:06:58', 25, 2, 0),
(80, 12, 95, 90, 2, 19, 26, 26, 25, 12, '2016-10-31 16:02:59', 25, 7, 0),
(81, 13, 95, 90, 2, 19, 26, 26, 25, 13, '2016-10-31 16:04:31', 25, 7, 0),
(82, 14, 95, 90, 2, 19, 26, 26, 25, 14, '2016-10-31 16:06:33', 25, 7, 0),
(83, 15, 95, 90, 2, 19, 26, 26, 25, 15, '2016-10-31 16:11:27', 25, 7, 0),
(84, 17, 95, 90, 2, 19, 17, 0, 0, 0, '2016-10-31 16:12:52', 25, 4, 0),
(85, 27, 102, 102, 0, 0, 0, 0, 0, 0, '2016-11-07 19:29:37', 27, 1, 0),
(86, 6, 90, 90, 6, 0, 0, 0, 0, 0, '2016-11-08 18:37:28', 1, 2, 1),
(87, 6, 90, 90, 6, 0, 0, 0, 0, 0, '2016-11-08 18:42:05', 1, 2, 1),
(88, 6, 90, 90, 6, 0, 0, 0, 0, 0, '2016-11-08 18:43:22', 1, 2, 1),
(89, 6, 90, 90, 6, 0, 0, 0, 0, 0, '2016-11-08 18:43:49', 1, 2, 1),
(90, 27, 107, 107, 0, 0, 0, 0, 0, 0, '2016-11-08 21:54:31', 27, 1, 0),
(91, 27, 108, 108, 0, 0, 0, 0, 0, 0, '2016-11-08 22:07:04', 27, 1, 0),
(92, 27, 109, 109, 0, 0, 0, 0, 0, 0, '2016-11-13 15:41:15', 27, 1, 0),
(93, 2, 110, 110, 0, 0, 0, 0, 0, 0, '2016-11-13 18:47:59', 2, 1, 0),
(94, 2, 111, 111, 0, 0, 0, 0, 0, 0, '2016-11-13 18:48:01', 2, 1, 0),
(95, 2, 112, 112, 0, 0, 0, 0, 0, 0, '2016-11-13 18:48:02', 2, 1, 0),
(96, 2, 113, 113, 0, 0, 0, 0, 0, 0, '2016-11-13 18:48:02', 2, 1, 0),
(97, 2, 114, 114, 0, 0, 0, 0, 0, 0, '2016-11-13 18:48:03', 2, 1, 0),
(98, 2, 115, 115, 0, 0, 0, 0, 0, 0, '2016-11-13 18:48:04', 2, 1, 0),
(99, 2, 116, 116, 0, 0, 0, 0, 0, 0, '2016-11-13 18:48:04', 2, 1, 0),
(100, 2, 117, 117, 0, 0, 0, 0, 0, 0, '2016-11-13 18:48:05', 2, 1, 0),
(101, 2, 118, 118, 0, 0, 0, 0, 0, 0, '2016-11-13 18:48:06', 2, 1, 0),
(102, 2, 119, 119, 0, 0, 0, 0, 0, 0, '2016-11-13 18:48:06', 2, 1, 0),
(103, 2, 120, 120, 0, 0, 0, 0, 0, 0, '2016-11-13 18:48:07', 2, 1, 0),
(104, 2, 121, 121, 0, 0, 0, 0, 0, 0, '2016-11-13 18:48:08', 2, 1, 0),
(106, 32, 90, 90, 32, 0, 0, 0, 0, 0, '2016-11-13 19:25:35', 1, 2, 1),
(107, 2, 124, 124, 0, 0, 0, 0, 0, 0, '2016-11-15 13:18:14', 2, 1, 0),
(108, 3, 125, 125, 0, 0, 0, 0, 0, 0, '2016-11-15 13:18:24', 3, 1, 0),
(109, 3, 126, 126, 0, 0, 0, 0, 0, 0, '2016-11-15 13:23:36', 3, 1, 0),
(110, 3, 127, 127, 0, 0, 0, 0, 0, 0, '2016-11-15 13:25:59', 3, 1, 0),
(111, 2, 90, 90, 2, 0, 0, 0, 0, 0, '2016-11-15 13:40:39', 1, 2, 1),
(112, 2, 90, 90, 2, 0, 0, 0, 0, 0, '2016-11-15 13:42:03', 1, 2, 1),
(113, 2, 90, 90, 2, 0, 0, 0, 0, 0, '2016-11-15 13:42:09', 1, 2, 1),
(114, 2, 90, 90, 2, 0, 0, 0, 0, 0, '2016-11-15 13:42:50', 1, 2, 1),
(115, 2, 90, 90, 2, 0, 0, 0, 0, 0, '2016-11-15 13:44:57', 1, 2, 1),
(116, 3, 90, 90, 3, 0, 0, 0, 0, 0, '2016-11-15 13:45:16', 1, 2, 1),
(117, 3, 134, 134, 0, 0, 0, 0, 0, 0, '2016-11-15 22:43:02', 3, 1, 0),
(118, 3, 135, 135, 0, 0, 0, 0, 0, 0, '2016-11-20 23:18:33', 3, 1, 0),
(119, 3, 136, 136, 0, 0, 0, 0, 0, 0, '2016-11-20 23:36:07', 3, 1, 0),
(120, 3, 137, 137, 0, 0, 0, 0, 0, 0, '2016-11-20 23:36:36', 3, 1, 0),
(121, 3, 138, 138, 0, 0, 0, 0, 0, 0, '2016-11-21 11:12:28', 3, 1, 0),
(122, 3, 139, 139, 0, 0, 0, 0, 0, 0, '2016-11-27 13:44:37', 3, 1, 0),
(123, 3, 140, 140, 0, 0, 0, 0, 0, 0, '2016-11-27 13:47:53', 3, 1, 0),
(124, 3, 141, 141, 0, 0, 0, 0, 0, 0, '2016-11-27 13:48:14', 3, 1, 0),
(125, 3, 90, 90, 3, 0, 0, 0, 0, 0, '2016-11-30 19:52:41', 1, 2, 1),
(126, 18, 90, 90, 18, 0, 0, 0, 0, 0, '2016-11-30 19:58:08', 1, 2, 1),
(127, 19, 148, 90, 18, 19, 0, 0, 0, 0, '2016-11-30 19:59:50', 18, 3, 0),
(128, 20, 148, 90, 18, 20, 0, 0, 0, 0, '2016-11-30 19:59:58', 18, 3, 0),
(129, 26, 148, 90, 18, 26, 0, 0, 0, 0, '2016-11-30 20:03:38', 18, 3, 0),
(130, 26, 148, 90, 18, 26, 0, 0, 0, 0, '2016-11-30 20:11:17', 18, 3, 0),
(131, 26, 148, 90, 18, 26, 0, 0, 0, 0, '2016-11-30 20:13:05', 18, 3, 0),
(132, 3, 154, 154, 0, 0, 0, 0, 0, 0, '2016-12-08 00:32:16', 3, 1, 0),
(133, 3, 155, 155, 0, 0, 0, 0, 0, 0, '2016-12-12 09:17:25', 3, 1, 0),
(134, 3, 156, 156, 0, 0, 0, 0, 0, 0, '2016-12-12 14:08:16', 3, 1, 0),
(135, 3, 157, 157, 0, 0, 0, 0, 0, 0, '2016-12-12 14:11:33', 3, 1, 0),
(136, 3, 158, 158, 0, 0, 0, 0, 0, 0, '2016-12-12 14:12:36', 3, 1, 0),
(137, 3, 159, 159, 0, 0, 0, 0, 0, 0, '2016-12-12 14:12:44', 3, 1, 0),
(138, 3, 160, 160, 0, 0, 0, 0, 0, 0, '2016-12-12 14:36:07', 3, 1, 0),
(139, 3, 161, 161, 0, 0, 0, 0, 0, 0, '2016-12-12 14:37:44', 3, 1, 0),
(140, 3, 162, 162, 0, 0, 0, 0, 0, 0, '2016-12-12 14:37:56', 3, 1, 0),
(141, 3, 163, 163, 0, 0, 0, 0, 0, 0, '2016-12-12 14:38:42', 3, 1, 0),
(142, 3, 164, 164, 0, 0, 0, 0, 0, 0, '2016-12-12 14:42:32', 3, 1, 0),
(143, 3, 165, 165, 0, 0, 0, 0, 0, 0, '2016-12-12 14:55:06', 3, 1, 0),
(144, 2, 165, 165, 2, 0, 0, 0, 0, 0, '2016-12-12 15:07:25', 3, 2, 0),
(145, 1, 166, 165, 1, 0, 0, 0, 0, 0, '2016-12-14 00:10:05', 2, 2, 0),
(146, 1, 169, 169, 0, 0, 0, 0, 0, 0, '2016-12-21 20:43:12', 1, 1, 1),
(147, 3, 170, 170, 0, 0, 0, 0, 0, 0, '2016-12-21 20:49:41', 3, 1, 0),
(148, 4, 171, 171, 0, 0, 0, 0, 0, 0, '2016-12-21 20:57:08', 4, 1, 0),
(149, 1, 171, 171, 1, 0, 0, 0, 0, 0, '2016-12-21 21:07:24', 4, 2, 0),
(150, 15, 172, 171, 1, 15, 0, 0, 0, 0, '2016-12-21 21:14:37', 1, 3, 1),
(151, 3, 174, 174, 0, 0, 0, 0, 0, 0, '2016-12-25 00:35:23', 3, 1, 0),
(152, 3, 174, 174, 3, 0, 0, 0, 0, 0, '2016-12-26 15:39:33', 3, 2, 0),
(153, 1, 176, 176, 0, 0, 0, 0, 0, 0, '2017-01-05 15:33:00', 1, 1, 1),
(154, 4, 177, 177, 0, 0, 0, 0, 0, 0, '2017-01-06 20:56:58', 4, 1, 0),
(155, 4, 178, 178, 0, 0, 0, 0, 0, 0, '2017-01-13 19:32:47', 4, 1, 0),
(156, 1, 178, 178, 1, 0, 0, 0, 0, 0, '2017-01-15 00:59:10', 4, 2, 0),
(157, 1, 177, 177, 1, 0, 0, 0, 0, 0, '2017-01-15 02:26:55', 4, 2, 0),
(158, 4, 181, 181, 0, 0, 0, 0, 0, 0, '2017-01-15 15:22:55', 4, 1, 0);

-- --------------------------------------------------------

--
-- 表的结构 `jianghu_friend`
--

CREATE TABLE IF NOT EXISTS `jianghu_friend` (
  `id` int(10) unsigned NOT NULL AUTO_INCREMENT,
  `user_id` int(10) unsigned NOT NULL,
  `friend_id` int(10) unsigned NOT NULL,
  PRIMARY KEY (`id`)
) ENGINE=InnoDB  DEFAULT CHARSET=utf8 AUTO_INCREMENT=116 ;

--
-- 转存表中的数据 `jianghu_friend`
--

INSERT INTO `jianghu_friend` (`id`, `user_id`, `friend_id`) VALUES
(1, 1, 5),
(2, 1, 4),
(3, 1, 3),
(4, 1, 2),
(5, 6, 6),
(6, 1, 1),
(7, 2, 2),
(8, 3, 3),
(9, 4, 4),
(10, 5, 5),
(11, 1, 6),
(12, 7, 7),
(13, 1, 7),
(14, 8, 8),
(15, 9, 9),
(16, 10, 10),
(17, 11, 11),
(18, 12, 12),
(19, 13, 13),
(20, 14, 14),
(21, 15, 15),
(22, 16, 16),
(23, 17, 17),
(24, 18, 18),
(25, 19, 19),
(26, 20, 20),
(27, 21, 21),
(28, 17, 18),
(29, 17, 19),
(30, 17, 19),
(31, 19, 17),
(32, 3, 1),
(33, 0, 0),
(34, 0, 0),
(35, 2, 1),
(36, 0, 0),
(37, 0, 0),
(38, 0, 0),
(39, 0, 0),
(40, 0, 0),
(41, 0, 0),
(42, 18, 19),
(43, 19, 18),
(44, 22, 22),
(45, 23, 23),
(46, 24, 24),
(47, 25, 25),
(48, 26, 26),
(49, 10, 15),
(50, 15, 10),
(53, 17, 21),
(55, 21, 17),
(56, 2, 1),
(57, 2, 1),
(58, 27, 27),
(59, 28, 28),
(60, 29, 29),
(61, 30, 30),
(62, 31, 31),
(63, 33, 33),
(64, 35, 35),
(65, 36, 36),
(66, 37, 37),
(67, 38, 38),
(68, 39, 39),
(69, 1, 18),
(70, 18, 1),
(71, 41, 41),
(72, 42, 42),
(73, 43, 43),
(74, 44, 44),
(75, 45, 45),
(76, 46, 46),
(77, 47, 47),
(78, 48, 48),
(79, 49, 49),
(80, 50, 50),
(81, 1, 20),
(82, 20, 1),
(83, 51, 51),
(84, 52, 52),
(85, 53, 53),
(86, 54, 54),
(87, 55, 55),
(88, 56, 56),
(89, 57, 57),
(90, 58, 58),
(91, 59, 59),
(92, 60, 60),
(93, 61, 61),
(94, 62, 62),
(95, 63, 63),
(96, 64, 64),
(97, 65, 65),
(98, 66, 66),
(99, 67, 67),
(100, 68, 68),
(101, 69, 69),
(102, 70, 70),
(103, 71, 71),
(104, 72, 72),
(105, 73, 73),
(106, 74, 74),
(107, 84, 84),
(108, 85, 85),
(109, 86, 86),
(110, 87, 87),
(111, 88, 88),
(112, 89, 89),
(113, 90, 90),
(114, 91, 91),
(115, 92, 92);

-- --------------------------------------------------------

--
-- 表的结构 `jianghu_friend_request`
--

CREATE TABLE IF NOT EXISTS `jianghu_friend_request` (
  `id` int(10) unsigned NOT NULL AUTO_INCREMENT,
  `user_id` int(10) unsigned NOT NULL,
  `friend_id` int(10) unsigned NOT NULL,
  `date` date NOT NULL,
  `state` tinyint(3) unsigned NOT NULL COMMENT '未读则为零，已读则为一',
  PRIMARY KEY (`id`)
) ENGINE=InnoDB  DEFAULT CHARSET=utf8 COMMENT='朋友请求表' AUTO_INCREMENT=7 ;

--
-- 转存表中的数据 `jianghu_friend_request`
--

INSERT INTO `jianghu_friend_request` (`id`, `user_id`, `friend_id`, `date`, `state`) VALUES
(2, 1, 2, '2016-11-06', 1),
(3, 3, 2, '2016-11-07', 1),
(4, 4, 2, '2016-11-07', 1),
(6, 18, 1, '2016-11-12', 1);

-- --------------------------------------------------------

--
-- 表的结构 `jianghu_introduce`
--

CREATE TABLE IF NOT EXISTS `jianghu_introduce` (
  `id` int(10) unsigned NOT NULL AUTO_INCREMENT,
  `user_id` int(11) NOT NULL,
  `text` text NOT NULL COMMENT '文字内容',
  `degree` mediumint(11) NOT NULL COMMENT '度数',
  `time` datetime NOT NULL,
  `forwardnum` mediumint(10) unsigned NOT NULL COMMENT '转采量',
  `praisenum` mediumint(10) unsigned NOT NULL COMMENT '点赞量',
  `opposenum` mediumint(10) unsigned NOT NULL COMMENT '踩数',
  `collectnum` mediumint(10) unsigned NOT NULL COMMENT '收藏量',
  `isforward` tinyint(3) unsigned DEFAULT NULL COMMENT '如果不是转载则为null，否则为转载的原始推荐的id',
  `commentnum` mediumint(10) unsigned NOT NULL,
  `forward_id` int(10) unsigned NOT NULL COMMENT '若该推荐是转载的，保存转载记录的id',
  `alldegree` tinyint(8) unsigned NOT NULL COMMENT '三度以上的度数总和，用于江湖返回推荐',
  `business_id` mediumint(8) unsigned NOT NULL COMMENT '商户id',
  `business_name` varchar(30) NOT NULL COMMENT '商户名字',
  `business_addr` varchar(100) NOT NULL COMMENT '商户地址',
  `business_website` text NOT NULL,
  `domain` varchar(30) NOT NULL,
  `isban` tinyint(4) NOT NULL COMMENT '0是正常，1是已禁止',
  PRIMARY KEY (`id`)
) ENGINE=InnoDB  DEFAULT CHARSET=utf8 COMMENT='推荐表' AUTO_INCREMENT=182 ;

--
-- 转存表中的数据 `jianghu_introduce`
--

INSERT INTO `jianghu_introduce` (`id`, `user_id`, `text`, `degree`, `time`, `forwardnum`, `praisenum`, `opposenum`, `collectnum`, `isforward`, `commentnum`, `forward_id`, `alldegree`, `business_id`, `business_name`, `business_addr`, `business_website`, `domain`, `isban`) VALUES
(7, 1, '这是he的推荐', 0, '2016-09-26 15:00:15', 0, 2, 0, 0, NULL, 0, 0, 0, 0, '0', '', '', '', 0),
(8, 4, '这是huang的推荐', 0, '2016-09-26 15:00:29', 6, 11, 0, 0, NULL, 0, 0, 0, 0, '0', '', '', '', 0),
(9, 3, '这是wang的推荐', 0, '2016-09-26 15:00:40', 2, 0, 0, 0, NULL, 0, 0, 0, 0, '0', '', '', '', 0),
(10, 5, '这是li的推荐', 0, '2016-09-26 15:00:51', 0, 0, 0, 0, NULL, 0, 0, 0, 0, '0', '', '', '', 0),
(11, 2, '这是chen的推荐', 0, '2016-09-26 15:01:14', 0, 0, 0, 0, NULL, 0, 0, 0, 0, '0', '', '', '', 0),
(12, 1, 'he转发huang的评论', 0, '2016-09-26 15:05:39', 0, 0, 0, 0, 8, 0, 0, 0, 0, '0', '', '', '', 0),
(13, 2, 'chen转发huang的评论', 0, '2016-09-26 15:06:52', 0, 0, 0, 0, 8, 0, 0, 0, 0, '0', '', '', '', 0),
(14, 1, 'he转发了wang的推荐', 0, '2016-09-27 19:44:50', 0, 0, 0, 0, 9, 0, 0, 0, 0, '0', '', '', '', 0),
(15, 1, 'he转发了wang的推荐', 0, '2016-09-27 19:46:28', 0, 0, 0, 0, 9, 0, 0, 0, 0, '0', '', '', '', 0),
(16, 1, '123', 0, '2016-09-30 14:14:16', 0, 0, 0, 0, 8, 0, 0, 0, 0, '0', '', '', '', 0),
(17, 1, '123', 0, '2016-09-30 14:19:20', 0, 0, 0, 0, 8, 0, 0, 0, 0, '0', '', '', '', 0),
(18, 1, '123', 0, '2016-09-30 14:20:47', 0, 0, 0, 0, 8, 0, 0, 0, 0, '0', '', '', '', 0),
(19, 3, '这是wang的推荐', 0, '2016-10-01 19:35:23', 0, 22, 0, 0, NULL, 0, 0, 0, 0, '0', '', '', '', 0),
(21, 1, 'he的二次转发', 0, '2016-10-01 19:42:31', 0, 10, 0, 0, 8, 0, 0, 0, 0, '0', '', '', '', 0),
(22, 3, '这是wang的推荐', 0, '2016-10-01 22:08:43', 0, 0, 0, 0, NULL, 0, 0, 0, 0, '0', '', '', '', 0),
(23, 8, '这是jiao的推荐', 0, '2016-10-03 19:16:48', 0, 0, 0, 0, NULL, 0, 0, 0, 0, '0', '', '', '', 0),
(24, 1, '这是he的推荐', 0, '2016-10-03 19:20:20', 0, 0, 0, 0, NULL, 0, 0, 0, 0, '0', '', '', '', 0),
(25, 1, '这是he的', 1, '2016-10-14 15:09:35', 0, 0, 0, 0, NULL, 0, 0, 0, 0, '0', '', '', '', 0),
(26, 1, '这是he的', 1, '2016-10-14 15:48:05', 13, 0, 0, 0, NULL, 0, 0, 0, 0, '0', '', '', '', 0),
(27, 2, '123', 1, '2016-10-14 17:02:49', 0, 0, 0, 0, 26, 0, 0, 0, 0, '0', '', '', '', 0),
(28, 16, '123', 1, '2016-10-14 17:03:42', 0, 0, 0, 0, 26, 0, 0, 0, 0, '0', '', '', '', 0),
(29, 16, '123', 1, '2016-10-14 19:34:04', 0, 0, 0, 0, 26, 0, 0, 0, 0, '0', '', '', '', 0),
(30, 16, '123', 1, '2016-10-14 19:38:06', 0, 0, 0, 0, 26, 0, 0, 0, 0, '0', '', '', '', 0),
(31, 16, '123', 1, '2016-10-14 19:39:37', 0, 0, 0, 0, 26, 0, 0, 0, 0, '0', '', '', '', 0),
(32, 16, '123', 2, '2016-10-14 19:40:27', 0, 0, 0, 0, 26, 0, 0, 0, 0, '0', '', '', '', 0),
(33, 2, '123', 2, '2016-10-14 20:04:20', 0, 0, 0, 0, 26, 0, 0, 0, 0, '0', '', '', '', 0),
(34, 3, '123', 2, '2016-10-14 20:05:07', 0, 0, 0, 0, 26, 0, 0, 0, 0, '0', '', '', '', 0),
(35, 7, '123', 2, '2016-10-14 20:06:22', 0, 0, 0, 0, 26, 0, 0, 0, 0, '0', '', '', '', 0),
(36, 16, '123', 2, '2016-10-14 20:06:56', 0, 0, 0, 0, 26, 0, 0, 0, 0, '0', '', '', '', 0),
(37, 16, '123', 2, '2016-10-14 20:09:59', 0, 0, 0, 0, 26, 0, 0, 0, 0, '0', '', '', '', 0),
(38, 16, '123', 2, '2016-10-14 20:10:18', 0, 0, 0, 0, 26, 0, 0, 0, 0, '0', '', '', '', 0),
(39, 16, '123', 2, '2016-10-14 20:11:25', 0, 0, 0, 0, 26, 0, 0, 0, 0, '0', '', '', '', 0),
(40, 17, '这是A的', 1, '2016-10-14 22:37:43', 7, 2, 0, 0, NULL, 0, 0, 0, 0, '0', '', '', '', 0),
(41, 18, '这是B的', 1, '2016-10-14 22:37:49', 0, 0, 0, 0, NULL, 0, 0, 0, 0, '0', '', '', '', 0),
(42, 18, '123', 2, '2016-10-14 22:42:30', 0, 0, 0, 0, NULL, 0, 0, 0, 0, '0', '', '', '', 0),
(43, 18, '123', 2, '2016-10-14 23:43:04', 0, 0, 0, 0, NULL, 0, 0, 0, 0, '0', '', '', '', 0),
(44, 18, '123', 2, '2016-10-14 23:44:19', 0, 0, 0, 0, NULL, 0, 0, 0, 0, '0', '', '', '', 0),
(45, 18, '123', 2, '2016-10-15 00:17:22', 0, 0, 0, 0, NULL, 0, 0, 0, 0, '0', '', '', '', 0),
(46, 18, '123', 2, '2016-10-15 00:25:20', 0, 0, 0, 0, NULL, 0, 0, 0, 0, '0', '', '', '', 0),
(47, 18, '123', 2, '2016-10-15 00:27:47', 0, 0, 0, 0, NULL, 0, 0, 0, 0, '0', '', '', '', 0),
(48, 18, '123', 2, '2016-10-15 00:28:01', 1, 0, 0, 0, NULL, 0, 0, 0, 0, '0', '', '', '', 0),
(49, 19, '123', 3, '2016-10-15 00:32:10', 0, 0, 0, 0, NULL, 0, 0, 0, 0, '0', '', '', '', 0),
(50, 17, '这是A的', 1, '2016-10-15 09:20:32', 0, 0, 0, 0, NULL, 0, 0, 0, 0, '0', '', '', '', 0),
(51, 17, '这是A的', 2, '2016-10-15 09:29:36', 2, 0, 0, 0, NULL, 0, 0, 0, 0, '0', '', '', '', 0),
(52, 18, '123', 3, '2016-10-15 09:33:44', 0, 0, 0, 0, NULL, 0, 0, 0, 0, '0', '', '', '', 0),
(53, 18, '123', 3, '2016-10-15 09:40:06', 0, 0, 0, 0, 51, 0, 0, 0, 0, '0', '', '', '', 0),
(54, 17, '这是A的', 2, '2016-10-15 09:41:39', 2, 0, 0, 0, NULL, 0, 0, 0, 0, '0', '', '', '', 0),
(55, 18, '123', 3, '2016-10-15 09:42:18', 0, 0, 0, 0, 54, 0, 0, 0, 0, '0', '', '', '', 0),
(56, 18, '123', 2, '2016-10-15 09:49:22', 0, 0, 0, 0, 54, 0, 0, 0, 0, '0', '', '', '', 0),
(57, 17, '这是A的', 2, '2016-10-15 10:05:17', 1, 0, 0, 0, NULL, 0, 0, 0, 0, '0', '', '', '', 0),
(58, 18, '123', 3, '2016-10-15 10:06:21', 0, 0, 0, 0, 57, 0, 0, 0, 0, '0', '', '', '', 0),
(59, 17, '这是A的', 3, '2016-10-15 10:08:30', 1, 0, 0, 0, NULL, 0, 0, 0, 0, '0', '', '', '', 0),
(60, 18, '123', 2, '2016-10-15 10:09:08', 1, 0, 0, 0, 59, 0, 0, 0, 0, '0', '', '', '', 0),
(61, 19, '123', 2, '2016-10-15 10:10:55', 1, 0, 0, 0, 59, 0, 0, 0, 0, '0', '', '', '', 0),
(62, 20, '123', 3, '2016-10-15 10:12:02', 0, 0, 0, 0, 59, 0, 0, 0, 0, '0', '', '', '', 0),
(63, 1, '123', 1, '2016-10-15 15:57:40', 0, 0, 0, 0, NULL, 0, 0, 0, 0, '0', '', '', '', 0),
(64, 1, '这是he的内容', 2, '2016-10-24 14:28:14', 4, 1, 0, 0, NULL, 2, 0, 0, 0, '0', '', '', '', 0),
(65, 1, 'he转发了he的推荐', 2, '2016-10-24 15:35:29', 0, 0, 0, 0, 64, 0, 0, 0, 0, '0', '', '', '', 0),
(66, 1, 'he转发了he的推荐', 2, '2016-10-25 20:29:09', 0, 0, 0, 0, 64, 0, 0, 0, 0, '0', '', '', '', 0),
(67, 26, 'M转发了he的二度推荐', 3, '2016-10-25 20:34:27', 0, 0, 0, 0, 64, 0, 0, 0, 0, '0', '', '', '', 0),
(68, 17, 'A转发了M的3度推荐', 3, '2016-10-25 20:36:55', 0, 0, 0, 0, 64, 0, 0, 0, 0, '0', '', '', '', 0),
(69, 18, '这是B的内容', 1, '2016-10-25 21:17:42', 0, 0, 0, 0, NULL, 0, 0, 0, 0, '0', '', '', '', 0),
(70, 19, '这是C的内容', 1, '2016-10-25 21:17:59', 1, 0, 0, 0, NULL, 0, 0, 0, 0, '0', '', '', '', 0),
(71, 17, '转载1', 2, '2016-10-26 20:49:52', 1, 0, 0, 0, 70, 0, 0, 0, 0, '0', '', '', '', 0),
(72, 10, '转载2', 3, '2016-10-26 20:55:00', 2, 0, 0, 0, 70, 0, 0, 0, 0, '0', '', '', '', 0),
(73, 1, '转载3', 4, '2016-10-26 21:29:23', 0, 0, 0, 0, 70, 0, 0, 0, 0, '0', '', '', '', 0),
(74, 4, '转载4', 4, '2016-10-26 21:33:30', 1, 0, 0, 0, 70, 0, 0, 0, 0, '0', '', '', '', 0),
(75, 21, '转载5', 3, '2016-10-26 21:54:29', 1, 1, 0, 0, 70, 0, 0, 0, 0, '0', '', '', '', 0),
(76, 17, '转载6', 2, '2016-10-26 21:58:42', 0, 8, 0, 0, 70, 0, 0, 0, 0, '0', '', '', '', 0),
(77, 1, '这是he的内容', 1, '2016-10-30 23:35:46', 2, 0, 0, 0, NULL, 0, 0, 0, 0, '0', '', '', '', 0),
(78, 2, '1', 2, '2016-10-30 23:49:32', 3, 0, 0, 0, 77, 0, 61, 0, 0, '0', '', '', '', 0),
(79, 17, '1', 2, '2016-10-30 23:54:50', 0, 0, 0, 0, 77, 0, 62, 0, 0, '0', '', '', '', 0),
(80, 17, '1', 3, '2016-10-30 23:55:13', 0, 0, 0, 0, 77, 0, 63, 0, 0, '0', '', '', '', 0),
(81, 19, '1', 3, '2016-10-31 00:06:47', 0, 0, 0, 0, 77, 0, 64, 0, 0, '0', '', '', '', 0),
(82, 19, '1', 3, '2016-10-31 00:09:42', 1, 0, 0, 0, 77, 0, 65, 0, 0, '0', '', '', '', 0),
(83, 25, '1', 4, '2016-10-31 00:10:48', 2, 0, 0, 0, 77, 0, 66, 0, 0, '0', '', '', '', 0),
(84, 2, '1', 3, '2016-10-31 00:11:41', 0, 0, 0, 0, 77, 0, 67, 0, 0, '0', '', '', '', 0),
(85, 2, '1', 2, '2016-10-31 00:20:25', 2, 0, 0, 0, 77, 0, 68, 0, 0, '0', '', '', '', 0),
(86, 3, '1', 3, '2016-10-31 00:21:33', 1, 0, 0, 0, 77, 0, 69, 0, 0, '0', '', '', '', 0),
(87, 3, '1', 2, '2016-10-31 00:22:29', 0, 0, 0, 0, 77, 0, 70, 0, 0, '0', '', '', '', 0),
(88, 19, '1', 3, '2016-10-31 00:23:07', 1, 0, 0, 0, 77, 0, 71, 0, 0, '0', '', '', '', 0),
(89, 19, '1', 3, '2016-10-31 00:25:03', 0, 0, 0, 0, 77, 0, 72, 0, 0, '0', '', '', '', 0),
(90, 1, '这是he的内容', 1, '2016-10-31 14:15:17', 15, 33, 3, 0, NULL, 4, 0, 19, 0, '0', '', '', '', 0),
(91, 2, '1', 2, '2016-10-31 14:19:46', 1, 0, 0, 0, 90, 0, 74, 0, 0, '0', '', '', '', 0),
(92, 19, '1', 3, '2016-10-31 14:20:31', 1, 0, 0, 0, 90, 0, 75, 0, 0, '0', '', '', '', 0),
(93, 26, '1', 4, '2016-10-31 14:21:14', 1, 0, 0, 0, 90, 0, 76, 0, 0, '0', '', '', '', 0),
(94, 26, '1', 5, '2016-10-31 14:27:51', 1, 0, 0, 0, 90, 0, 77, 0, 0, '0', '', '', '', 0),
(95, 25, '1', 6, '2016-10-31 15:06:29', 6, 0, 0, 0, 90, 0, 78, 0, 0, '0', '', '', '', 0),
(96, 3, '1', 2, '2016-10-31 15:06:58', 0, 0, 0, 0, 90, 0, 79, 0, 0, '0', '', '', '', 0),
(97, 12, '1', 7, '2016-10-31 16:02:59', 0, 0, 0, 0, 90, 0, 80, 0, 0, '0', '', '', '', 0),
(98, 13, '1', 7, '2016-10-31 16:04:31', 0, 0, 0, 0, 90, 0, 81, 0, 0, '0', '', '', '', 0),
(99, 14, '1', 7, '2016-10-31 16:06:33', 0, 0, 0, 0, 90, 0, 82, 0, 0, '0', '', '', '', 0),
(100, 15, '1', 7, '2016-10-31 16:11:27', 0, 0, 0, 0, 90, 0, 83, 0, 0, '0', '', '', '', 0),
(101, 17, '1', 4, '2016-10-31 16:12:52', 0, 14, 5, 0, 90, 0, 84, 0, 0, '0', '', '', '', 0),
(102, 27, '这是test1的内容', 1, '2016-11-07 19:29:37', 0, 0, 0, 0, NULL, 0, 0, 0, 0, '0', '', '', '', 0),
(103, 6, '1', 2, '2016-11-08 18:37:28', 0, 0, 0, 0, 90, 0, 86, 0, 0, '0', '', '', '', 0),
(104, 6, '1', 2, '2016-11-08 18:42:05', 0, 0, 0, 0, 90, 0, 87, 0, 0, '0', '', '', '', 0),
(105, 6, '1', 2, '2016-11-08 18:43:22', 0, 0, 0, 0, 90, 0, 88, 0, 0, '0', '', '', '', 0),
(106, 6, '1', 2, '2016-11-08 18:43:49', 0, 0, 0, 0, 90, 0, 89, 0, 0, '0', '', '', '', 0),
(107, 27, '这是test1的内容', 1, '2016-11-08 21:54:31', 0, 0, 0, 0, NULL, 0, 0, 0, 0, '0', '', '', '', 0),
(108, 27, '这是test1的内容', 1, '2016-11-08 22:07:04', 0, 0, 0, 0, NULL, 0, 0, 0, 0, '0', '', '', '', 0),
(109, 27, '这是test1的内容', 1, '2016-11-13 15:41:15', 0, 0, 0, 0, NULL, 0, 0, 0, 0, '0', '', '', '', 0),
(110, 2, '这是2的内容', 1, '2016-11-13 18:47:59', 0, 0, 0, 0, NULL, 0, 0, 0, 0, '0', '', '', '', 0),
(111, 2, '这是2的内容', 1, '2016-11-13 18:48:01', 0, 0, 0, 0, NULL, 0, 0, 0, 0, '0', '', '', '', 0),
(112, 2, '这是2的内容', 1, '2016-11-13 18:48:01', 0, 0, 0, 0, NULL, 0, 0, 0, 0, '0', '', '', '', 0),
(113, 2, '这是2的内容', 1, '2016-11-13 18:48:02', 0, 0, 0, 0, NULL, 0, 0, 0, 0, '0', '', '', '', 0),
(114, 2, '这是2的内容', 1, '2016-11-13 18:48:03', 0, 0, 0, 0, NULL, 0, 0, 0, 0, '0', '', '', '', 0),
(115, 2, '这是2的内容', 1, '2016-11-13 18:48:04', 0, 0, 0, 0, NULL, 0, 0, 0, 0, '0', '', '', '', 0),
(116, 2, '这是2的内容', 1, '2016-11-13 18:48:04', 0, 0, 0, 0, NULL, 0, 0, 0, 0, '0', '', '', '', 0),
(117, 2, '这是2的内容', 1, '2016-11-13 18:48:05', 0, 0, 0, 0, NULL, 0, 0, 0, 0, '0', '', '', '', 0),
(118, 2, '这是2的内容', 1, '2016-11-13 18:48:06', 0, 0, 0, 0, NULL, 0, 0, 0, 0, '0', '', '', '', 0),
(119, 2, '这是2的内容', 1, '2016-11-13 18:48:06', 0, 0, 0, 0, NULL, 0, 0, 0, 0, '0', '', '', '', 0),
(120, 2, '这是2的内容', 1, '2016-11-13 18:48:07', 0, 0, 0, 0, NULL, 0, 0, 0, 0, '0', '', '', '', 0),
(121, 2, '这是2的内容', 1, '2016-11-13 18:48:08', 0, 0, 0, 0, NULL, 0, 0, 0, 0, '0', '', '', '', 0),
(123, 32, '1', 2, '2016-11-13 19:25:35', 0, 0, 0, 0, 90, 0, 106, 0, 0, '0', '', '', '', 0),
(124, 2, '这是2的内容', 1, '2016-11-15 13:18:14', 0, 0, 0, 0, NULL, 0, 0, 0, 0, '0', '', '', '', 0),
(125, 3, '这是3的内容', 1, '2016-11-15 13:18:24', 0, 0, 0, 0, NULL, 0, 0, 0, 0, '0', '', '', '', 0),
(126, 3, '这是3的内容', 1, '2016-11-15 13:23:36', 0, 0, 0, 0, NULL, 0, 0, 0, 0, '0', '', '', '', 0),
(127, 3, '这是3的内容', 1, '2016-11-15 13:25:59', 0, 0, 0, 0, NULL, 0, 0, 0, 0, '0', '', '', '', 0),
(128, 2, '1', 2, '2016-11-15 13:40:39', 0, 0, 0, 0, 90, 0, 111, 0, 0, '0', '', '', '', 0),
(129, 2, '1', 2, '2016-11-15 13:42:03', 0, 0, 0, 0, 90, 0, 112, 0, 0, '5', '', '', '', 0),
(130, 2, '1', 2, '2016-11-15 13:42:09', 0, 0, 0, 0, 90, 0, 113, 0, 0, '4', '', '', '', 0),
(131, 2, '1', 2, '2016-11-15 13:42:50', 0, 0, 0, 0, 90, 0, 114, 0, 0, '3', '', '', '', 0),
(132, 2, '1', 2, '2016-11-15 13:44:57', 0, 0, 0, 0, 90, 0, 115, 0, 0, '2', '', '', '', 0),
(133, 3, '1', 2, '2016-11-15 13:45:16', 0, 0, 0, 0, 90, 0, 116, 0, 0, '1', '', '', '', 0),
(134, 3, '这是3的内容', 1, '2016-11-15 22:43:02', 0, 0, 0, 0, NULL, 0, 0, 0, 1, '章鱼小丸子', '白云区', '', '', 0),
(135, 3, '这是3的内容', 1, '2016-11-20 23:18:32', 0, 0, 0, 0, NULL, 0, 0, 0, 1, '章鱼小丸子', '白云区', '', '', 0),
(136, 3, '这是3的内容', 1, '2016-11-20 23:36:07', 0, 0, 0, 0, NULL, 0, 0, 0, 1, '章鱼小丸子', '白云区', '', '', 0),
(137, 3, '这是3的内容', 1, '2016-11-20 23:36:36', 0, 0, 0, 0, NULL, 0, 0, 0, 1, '章鱼小丸子', '白云区', '', '', 0),
(138, 3, '这是3的内容', 1, '2016-11-21 11:12:28', 0, 0, 0, 0, NULL, 0, 0, 0, 1, '章鱼小丸子', '白云区', '', '', 0),
(139, 3, '这是3的内容', 1, '2016-11-27 13:44:37', 0, 0, 0, 0, NULL, 0, 0, 0, 1, '章鱼小丸子', '白云区', '', '', 0),
(140, 3, '这是3的内容', 1, '2016-11-27 13:47:53', 0, 0, 0, 0, NULL, 0, 0, 0, 1, '章鱼小丸子', '白云区', '', '', 0),
(141, 3, '这是3的内容', 1, '2016-11-27 13:48:14', 0, 0, 0, 0, NULL, 0, 0, 0, 1, '章鱼小丸子', '白云区', '', '', 0),
(142, 3, '这是3的内容', 1, '2016-11-27 13:49:18', 0, 0, 0, 0, NULL, 0, 0, 0, 1, '章鱼小丸子', '白云区', '', '', 0),
(143, 3, '这是3的内容', 1, '2016-11-27 13:50:11', 0, 0, 0, 0, NULL, 0, 0, 0, 1, '章鱼小丸子', '白云区', '', '', 0),
(144, 3, '这是3的内容', 1, '2016-11-27 13:50:48', 0, 0, 0, 0, NULL, 0, 0, 0, 1, '章鱼小丸子', '白云区', '', '', 0),
(145, 3, '这是3的内容', 1, '2016-11-27 13:51:58', 0, 0, 0, 0, NULL, 0, 0, 0, 1, '章鱼小丸子', '白云区', '', '', 0),
(146, 3, '这是3的内容', 1, '2016-11-27 13:53:09', 0, 0, 0, 0, NULL, 5, 0, 0, 1, '章鱼小丸子', '白云区', '', '', 0),
(147, 3, '1', 2, '2016-11-30 19:52:41', 0, 0, 0, 0, 90, 0, 125, 0, 0, '', '', '', '', 0),
(148, 18, '1', 2, '2016-11-30 19:58:08', 5, 2, 0, 0, 90, 0, 126, 0, 0, '', '', '', '', 0),
(149, 19, '1', 3, '2016-11-30 19:59:50', 0, 0, 0, 0, 90, 0, 127, 0, 0, '', '', '', '', 0),
(150, 20, '1', 3, '2016-11-30 19:59:58', 0, 0, 0, 0, 90, 0, 128, 0, 0, '', '', '', '', 0),
(151, 26, '1', 3, '2016-11-30 20:03:38', 0, 0, 0, 0, 90, 0, 129, 0, 0, '', '', '', '', 0),
(152, 26, '1', 3, '2016-11-30 20:11:17', 0, 0, 0, 0, 90, 0, 130, 0, 0, '', '', '', '', 0),
(153, 26, '1', 3, '2016-11-30 20:13:05', 0, 0, 0, 0, 90, 0, 131, 0, 0, '', '', '', '', 0),
(154, 3, '这是3的内容', 1, '2016-12-08 00:32:15', 0, 0, 0, 0, NULL, 0, 0, 0, 1, '章鱼小丸子', '白云区', '', '美食', 0),
(155, 3, '这是3的内容', 1, '2016-12-12 09:17:25', 0, 0, 0, 0, NULL, 0, 0, 0, 1, '章鱼小丸子', '白云区', '', '美食', 0),
(156, 3, '这是3的内容', 1, '2016-12-12 14:08:16', 0, 0, 0, 0, NULL, 0, 0, 0, 1, '章鱼小丸子', '白云区', '', '美食', 0),
(157, 3, '这是3的内容', 1, '2016-12-12 14:11:33', 0, 0, 0, 0, NULL, 1, 0, 0, 1, '章鱼小丸子', '白云区', '', '美食', 0),
(158, 3, '这是3的内容', 1, '2016-12-12 14:12:36', 0, 0, 0, 0, NULL, 0, 0, 0, 1, '章鱼小丸子', '白云区', '', '美食', 0),
(159, 3, '这是3的内容', 1, '2016-12-12 14:12:44', 0, 0, 0, 0, NULL, 0, 0, 0, 1, '章鱼小丸子', '白云区', '', '美食', 0),
(160, 3, '这是3的内容', 1, '2016-12-12 14:36:07', 0, 0, 0, 0, NULL, 0, 0, 0, 1, '章鱼小丸子', '白云区', '', '美食', 0),
(161, 3, '这是3的内容', 1, '2016-12-12 14:37:44', 0, 0, 0, 0, NULL, 0, 0, 0, 1, '章鱼小丸子', '白云区', '', '美食', 0),
(162, 3, '这是3的内容', 1, '2016-12-12 14:37:56', 0, 0, 0, 0, NULL, 0, 0, 0, 1, '章鱼小丸子', '白云区', '', '美食', 0),
(163, 3, '这是3的内容', 1, '2016-12-12 14:38:42', 0, 0, 0, 0, NULL, 0, 0, 0, 1, '章鱼小丸子', '白云区', '', '美食', 0),
(164, 3, '这是3的内容', 1, '2016-12-12 14:42:32', 0, 0, 0, 0, NULL, 0, 0, 0, 1, '章鱼小丸子', '白云区', '', '美食', 0),
(165, 3, '这是3的内容', 1, '2016-12-12 14:55:06', 1, 2, 0, 0, NULL, 0, 0, 0, 1, '章鱼小丸子', '白云区', '', '美食', 0),
(166, 2, '哈哈哈', 2, '2016-12-12 15:07:25', 1, 0, 0, 0, 165, 0, 144, 0, 0, '', '', '', '', 0),
(167, 1, '哈哈哈', 2, '2016-12-14 00:10:05', 0, 0, 0, 0, 165, 0, 145, 0, 0, '', '', '', '', 0),
(168, 1, '这是1的推荐', 1, '2016-12-21 20:40:42', 0, 0, 0, 0, NULL, 0, 0, 0, 1, '章鱼小丸子', '白云区', '', '美食', 0),
(169, 1, '这是1的推荐', 1, '2016-12-21 20:43:12', 0, 0, 0, 0, NULL, 0, 0, 0, 1, '章鱼小丸子', '白云区', '', '美食', 0),
(170, 3, '这是3的内容', 1, '2016-12-21 20:49:41', 0, 0, 0, 0, NULL, 0, 0, 0, 1, '章鱼小丸子', '白云区', '', '美食', 0),
(171, 4, '这是4的内容', 1, '2016-12-21 20:57:08', 1, 3, 0, 0, NULL, 1, 0, 3, 1, '章鱼小丸子', '白云区', '', '美食', 0),
(172, 1, '哈哈哈', 2, '2016-12-21 21:07:24', 1, 0, 0, 0, 171, 0, 149, 0, 0, '', '', '', '', 0),
(173, 15, '哈哈哈', 3, '2016-12-21 21:14:37', 0, 0, 0, 0, 171, 0, 150, 0, 0, '', '', '', '', 0),
(174, 3, '这是3的内容', 1, '2016-12-25 00:35:23', 1, 1, 0, 0, NULL, 0, 0, 0, 1, '章鱼小丸子', '白云区', 'www.baidu.com', '美食', 0),
(175, 3, '哈哈哈', 2, '2016-12-26 15:39:33', 0, 0, 0, 0, 174, 0, 152, 0, 0, '', '', '', '', 1),
(176, 1, '这是1的内容', 1, '2017-01-05 15:33:00', 0, 0, 0, 0, NULL, 0, 0, 0, 1, '章鱼小丸子', '白云区', '', '美食', 0),
(177, 4, '这是4的内容', 1, '2017-01-06 20:56:58', 1, 2, 9, 0, NULL, 1, 0, 0, 1, '章鱼小丸子', '白云区', '', '美食', 0),
(178, 4, '这是4的内容', 1, '2017-01-13 19:32:47', 1, 2, 1, 0, NULL, 1, 0, 0, 1, '章鱼小丸子', '白云区', 'www.test.com', '美食', 0),
(179, 1, '', 2, '2017-01-15 00:59:10', 0, 0, 0, 0, 178, 0, 156, 0, 0, '', '', '', '', 0),
(180, 1, '', 2, '2017-01-15 02:26:55', 0, 1, 1, 0, 177, 1, 157, 0, 0, '', '', '', '', 0),
(181, 4, '这是4的内容', 1, '2017-01-15 15:22:54', 0, 0, 0, 0, NULL, 0, 0, 0, 0, '', '', '', '美食', 0);

-- --------------------------------------------------------

--
-- 表的结构 `jianghu_introduce_domain`
--

CREATE TABLE IF NOT EXISTS `jianghu_introduce_domain` (
  `id` int(10) unsigned NOT NULL AUTO_INCREMENT,
  `introduce_id` int(10) unsigned NOT NULL COMMENT '推荐id',
  `domain` varchar(30) NOT NULL,
  PRIMARY KEY (`id`)
) ENGINE=InnoDB  DEFAULT CHARSET=utf8 COMMENT='推荐_领域表' AUTO_INCREMENT=72 ;

--
-- 转存表中的数据 `jianghu_introduce_domain`
--

INSERT INTO `jianghu_introduce_domain` (`id`, `introduce_id`, `domain`) VALUES
(1, 22, '0'),
(2, 23, '0'),
(3, 25, '0'),
(4, 26, '0'),
(5, 40, '0'),
(6, 41, '0'),
(7, 50, '0'),
(8, 51, '0'),
(9, 54, '0'),
(10, 57, '0'),
(11, 59, '0'),
(12, 63, '0'),
(13, 64, '0'),
(14, 69, '0'),
(15, 70, '0'),
(16, 77, '0'),
(17, 90, '0'),
(18, 102, '0'),
(19, 107, ''),
(20, 108, '美食'),
(21, 109, '美食'),
(22, 110, '美食'),
(23, 111, '美食'),
(24, 112, '美食'),
(25, 113, '美食'),
(26, 114, '美食'),
(27, 115, '美食'),
(28, 116, '美食'),
(29, 117, '美食'),
(30, 118, '美食'),
(31, 119, '美食'),
(32, 120, '美食'),
(33, 121, '美食'),
(34, 124, '美食'),
(35, 125, '美食'),
(36, 126, '美食'),
(37, 127, '美食'),
(38, 134, '美食'),
(39, 135, '美食'),
(40, 136, '美食'),
(41, 137, '美食'),
(42, 138, '美食'),
(43, 139, '美食'),
(44, 140, '美食'),
(45, 141, '美食'),
(46, 142, '美食'),
(47, 143, '美食'),
(48, 144, '美食'),
(49, 145, '美食'),
(50, 146, '美食'),
(51, 154, '美食'),
(52, 155, '美食'),
(53, 156, '美食'),
(54, 157, '美食'),
(55, 158, '美食'),
(56, 159, '美食'),
(57, 160, '美食'),
(58, 161, '美食'),
(59, 162, '美食'),
(60, 163, '美食'),
(61, 164, '美食'),
(62, 165, '美食'),
(63, 168, '美食'),
(64, 169, '美食'),
(65, 170, '美食'),
(66, 171, '美食'),
(67, 174, '美食'),
(68, 176, '美食'),
(69, 177, '美食'),
(70, 178, '美食'),
(71, 181, '美食');

-- --------------------------------------------------------

--
-- 表的结构 `jianghu_introduce_images`
--

CREATE TABLE IF NOT EXISTS `jianghu_introduce_images` (
  `id` int(10) unsigned NOT NULL AUTO_INCREMENT,
  `introduce_id` int(10) unsigned NOT NULL,
  `imageurl` varchar(100) NOT NULL,
  `imagepath` varchar(100) NOT NULL,
  `thumb_imageurl` varchar(100) NOT NULL,
  `thumb_imagepath` varchar(100) NOT NULL,
  PRIMARY KEY (`id`)
) ENGINE=InnoDB  DEFAULT CHARSET=utf8 COMMENT='推荐_图片表' AUTO_INCREMENT=76 ;

--
-- 转存表中的数据 `jianghu_introduce_images`
--

INSERT INTO `jianghu_introduce_images` (`id`, `introduce_id`, `imageurl`, `imagepath`, `thumb_imageurl`, `thumb_imagepath`) VALUES
(13, 7, 'http://localhost/jianghu/Uploads/2016-09-26/57e8c77f86249.jpg', './Uploads/2016-09-26/57e8c77f86249.jpg', '', ''),
(14, 7, 'http://localhost/jianghu/Uploads/2016-09-26/57e8c77f8af71.png', './Uploads/2016-09-26/57e8c77f8af71.png', '', ''),
(15, 8, 'http://localhost/jianghu/Uploads/2016-09-26/57e8c78d26d96.jpg', './Uploads/2016-09-26/57e8c78d26d96.jpg', '', ''),
(16, 8, 'http://localhost/jianghu/Uploads/2016-09-26/57e8c78d2b3c4.png', './Uploads/2016-09-26/57e8c78d2b3c4.png', '', ''),
(17, 9, 'http://localhost/jianghu/Uploads/2016-09-26/57e8c798a2baf.jpg', './Uploads/2016-09-26/57e8c798a2baf.jpg', '', ''),
(18, 9, 'http://localhost/jianghu/Uploads/2016-09-26/57e8c798a745d.png', './Uploads/2016-09-26/57e8c798a745d.png', '', ''),
(19, 10, 'http://localhost/jianghu/Uploads/2016-09-26/57e8c7a3246c5.jpg', './Uploads/2016-09-26/57e8c7a3246c5.jpg', '', ''),
(20, 10, 'http://localhost/jianghu/Uploads/2016-09-26/57e8c7a328e4b.png', './Uploads/2016-09-26/57e8c7a328e4b.png', '', ''),
(21, 11, 'http://localhost/jianghu/Uploads/2016-09-26/57e8c7bad16cc.jpg', './Uploads/2016-09-26/57e8c7bad16cc.jpg', '', ''),
(22, 11, 'http://localhost/jianghu/Uploads/2016-09-26/57e8c7bad5e17.png', './Uploads/2016-09-26/57e8c7bad5e17.png', '', ''),
(23, 19, 'http://localhost/jianghu/Uploads/2016-10-01/57ef9f7c0772e.jpg', './Uploads/2016-10-01/57ef9f7c0772e.jpg', '', ''),
(24, 19, 'http://localhost/jianghu/Uploads/2016-10-01/57ef9f7c09847.jpg', './Uploads/2016-10-01/57ef9f7c09847.jpg', '', ''),
(27, 22, 'http://localhost/jianghu/Uploads/2016-10-01/57efc36be69be.jpg', './Uploads/2016-10-01/57efc36be69be.jpg', '', ''),
(28, 22, 'http://localhost/jianghu/Uploads/2016-10-01/57efc36be9bf8.jpg', './Uploads/2016-10-01/57efc36be9bf8.jpg', '', ''),
(29, 102, 'http://localhost/jianghu/Uploads/2016-11-07/582065a14a83f.jpg', './Uploads/2016-11-07/582065a14a83f.jpg', '', ''),
(30, 102, 'http://localhost/jianghu/Uploads/2016-11-07/582065a14f49b.png', './Uploads/2016-11-07/582065a14f49b.png', '', ''),
(31, 102, 'http://localhost/jianghu/Uploads/2016-11-07/582065a14fa27.jpg', './Uploads/2016-11-07/582065a14fa27.jpg', '', ''),
(32, 107, 'http://localhost/jianghu/Uploads/2016-11-08/5821d917e6497.jpg', './Uploads/2016-11-08/5821d917e6497.jpg', '', ''),
(33, 108, 'http://localhost/jianghu/Uploads/2016-11-08/5821dc088f01c.jpg', './Uploads/2016-11-08/5821dc088f01c.jpg', '', ''),
(34, 109, 'http://localhost/jianghu/Uploads/2016-11-13/5828191b669ff.jpg', './Uploads/2016-11-13/5828191b669ff.jpg', '', ''),
(35, 124, 'http://localhost/jianghu/Uploads/2016-11-15/582a9a9626e14.png', './Uploads/2016-11-15/582a9a9626e14.png', '', ''),
(36, 125, 'http://localhost/jianghu/Uploads/2016-11-15/582a9aa0afdc6.png', './Uploads/2016-11-15/582a9aa0afdc6.png', '', ''),
(37, 135, 'http://::1/jianghu/Uploads/2016-11-20/5831bec92b6ad.jpg', './Uploads/2016-11-20/5831bec92b6ad.jpg', '', ''),
(38, 138, 'http://121.42.203.85/jianghu/Uploads/2016-11-21/5832661cec2bf.jpg', './Uploads/2016-11-21/5832661cec2bf.jpg', '', ''),
(39, 144, 'http://121.42.203.85/jianghu/Uploads/2016-11-27/583a713395ffa.jpg', './Uploads/2016-11-27/583a713395ffa.jpg', '', ''),
(40, 144, 'http://121.42.203.85/jianghu/Uploads/2016-11-27/583a713396465.jpg', './Uploads/2016-11-27/583a713396465.jpg', '', ''),
(41, 144, '', '.', '', ''),
(42, 145, 'http://121.42.203.85/jianghu/Uploads/2016-11-27/583a713395ffa.jpg', './Uploads/2016-11-27/583a713395ffa.jpg', '', ''),
(43, 145, 'http://121.42.203.85/jianghu/Uploads/2016-11-27/583a713396465.jpg', './Uploads/2016-11-27/583a713396465.jpg', '', ''),
(44, 145, '', '.', '', ''),
(45, 154, '', '.', '', ''),
(46, 155, 'http://121.42.203.85/jianghu/Uploads/2016-12-12/584dfa2b90b3c.jpg', './Uploads/2016-12-12/584dfa2b90b3c.jpg', '', ''),
(47, 155, '', '.', '', ''),
(48, 155, '', '.', '', ''),
(49, 156, 'http://121.42.203.85/jianghu/Uploads/2016-12-12/584e3ea590448.jpg', './Uploads/2016-12-12/584e3ea590448.jpg', 'http://121.42.203.85/jianghu/Uploads/2016-12-12thumd_584e3ea590448.jpg', './Uploads/2016-12-12thumd_584e3ea590448.jpg'),
(50, 156, '', '.', 'http://121.42.203.85/jianghu/Uploads/thumd_', './Uploads/thumd_'),
(51, 156, '', '.', 'http://121.42.203.85/jianghu/Uploads/thumd_', './Uploads/thumd_'),
(52, 157, 'http://121.42.203.85/jianghu/Uploads/2016-12-12/584e3ea590448.jpg', './Uploads/2016-12-12/584e3ea590448.jpg', 'http://121.42.203.85/jianghu/Uploads/2016-12-12/thumd_584e3ea590448.jpg', './Uploads/2016-12-12thumd_584e3ea590448.jpg'),
(53, 158, 'http://121.42.203.85/jianghu/Uploads/2016-12-12/584e3ea590448.jpg', './Uploads/2016-12-12/584e3ea590448.jpg', 'http://121.42.203.85/jianghu/Uploads/2016-12-12/thumd_584e3ea590448.jpg', './Uploads/2016-12-12/thumd_584e3ea590448.jpg'),
(54, 159, 'http://121.42.203.85/jianghu/Uploads/2016-12-12/584e3ea590448.jpg', './Uploads/2016-12-12/584e3ea590448.jpg', 'http://121.42.203.85/jianghu/Uploads/2016-12-12/thumd_584e3ea590448.jpg', './Uploads/2016-12-12/thumd_584e3ea590448.jpg'),
(55, 160, 'http://121.42.203.85/jianghu/Uploads/2016-12-12/584dfa2b90b3c.jpg', './Uploads/2016-12-12/584dfa2b90b3c.jpg', '', ''),
(56, 161, 'http://121.42.203.85/jianghu/Uploads/2016-12-12/584dfa2b90b3c.jpg', './Uploads/2016-12-12/584dfa2b90b3c.jpg', '', ''),
(57, 162, 'http://121.42.203.85/jianghu/Uploads/2016-12-12/584dfa2b90b3c.jpg', './Uploads/2016-12-12/584dfa2b90b3c.jpg', '', ''),
(58, 163, 'http://121.42.203.85/jianghu/Uploads/2016-12-12/584dfa2b90b3c.jpg', './Uploads/2016-12-12/584dfa2b90b3c.jpg', 'http://121.42.203.85/jianghu/Uploads/2016-12-12/thumd_584dfa2b90b3c.jpg', './Uploads/2016-12-12/thumd_584dfa2b90b3c.jpg'),
(59, 164, 'http://121.42.203.85/jianghu/Uploads/2016-12-12/584dfa2b90b3c.jpg', './Uploads/2016-12-12/584dfa2b90b3c.jpg', 'http://121.42.203.85/jianghu/Uploads/2016-12-12/1584dfa2b90b3c.jpg', './Uploads/2016-12-12/1584dfa2b90b3c.jpg'),
(60, 165, 'http://121.42.203.85/jianghu/Uploads/2016-12-12/584e49942ad43.jpg', './Uploads/2016-12-12/584e49942ad43.jpg', 'http://121.42.203.85/jianghu/Uploads/2016-12-12/1584e49942ad43.jpg', './Uploads/2016-12-12/1584e49942ad43.jpg'),
(61, 170, 'http://121.42.203.85/jianghu/Uploads/2016-11-27/583a713395cac.png', './Uploads/2016-11-27/583a713395cac.png', 'http://121.42.203.85/jianghu/Uploads/2016-11-27/1583a713395cac.png', './Uploads/2016-11-27/1583a713395cac.png'),
(62, 170, 'http://121.42.203.85/jianghu/Uploads/2016-11-27/583a713395ffa.jpg', './Uploads/2016-11-27/583a713395ffa.jpg', 'http://121.42.203.85/jianghu/Uploads/2016-11-27/1583a713395ffa.jpg', './Uploads/2016-11-27/1583a713395ffa.jpg'),
(63, 170, 'http://121.42.203.85/jianghu/Uploads/2016-11-27/583a713396465.jpg', './Uploads/2016-11-27/583a713396465.jpg', 'http://121.42.203.85/jianghu/Uploads/2016-11-27/1583a713396465.jpg', './Uploads/2016-11-27/1583a713396465.jpg'),
(64, 171, 'http://121.42.203.85/jianghu/Uploads/2016-12-21/585a7bf4495a0.jpg', './Uploads/2016-12-21/585a7bf4495a0.jpg', 'http://121.42.203.85/jianghu/Uploads/2016-12-21/1585a7bf4495a0.jpg', './Uploads/2016-12-21/1585a7bf4495a0.jpg'),
(65, 171, 'http://121.42.203.85/jianghu/Uploads/2016-12-21/585a7bf44998f.jpg', './Uploads/2016-12-21/585a7bf44998f.jpg', 'http://121.42.203.85/jianghu/Uploads/2016-12-21/1585a7bf44998f.jpg', './Uploads/2016-12-21/1585a7bf44998f.jpg'),
(66, 171, 'http://121.42.203.85/jianghu/Uploads/2016-12-21/585a7bf449bdd.jpg', './Uploads/2016-12-21/585a7bf449bdd.jpg', 'http://121.42.203.85/jianghu/Uploads/2016-12-21/1585a7bf449bdd.jpg', './Uploads/2016-12-21/1585a7bf449bdd.jpg'),
(67, 177, 'http://121.42.203.85/jianghu/Uploads/2016-12-21/585a7bf4495a0.jpg', './Uploads/2016-12-21/585a7bf4495a0.jpg', 'http://121.42.203.85/jianghu/Uploads/2016-12-21/1585a7bf4495a0.jpg', './Uploads/2016-12-21/1585a7bf4495a0.jpg'),
(68, 177, 'http://121.42.203.85/jianghu/Uploads/2016-12-21/585a7bf44998f.jpg', './Uploads/2016-12-21/585a7bf44998f.jpg', 'http://121.42.203.85/jianghu/Uploads/2016-12-21/1585a7bf44998f.jpg', './Uploads/2016-12-21/1585a7bf44998f.jpg'),
(69, 177, 'http://121.42.203.85/jianghu/Uploads/2016-12-21/585a7bf449bdd.jpg', './Uploads/2016-12-21/585a7bf449bdd.jpg', 'http://121.42.203.85/jianghu/Uploads/2016-12-21/1585a7bf449bdd.jpg', './Uploads/2016-12-21/1585a7bf449bdd.jpg'),
(70, 178, 'http://121.42.203.85/jianghu/Uploads/2016-12-21/585a7bf4495a0.jpg', './Uploads/2016-12-21/585a7bf4495a0.jpg', 'http://121.42.203.85/jianghu/Uploads/2016-12-21/1585a7bf4495a0.jpg', './Uploads/2016-12-21/1585a7bf4495a0.jpg'),
(71, 178, 'http://121.42.203.85/jianghu/Uploads/2016-12-21/585a7bf44998f.jpg', './Uploads/2016-12-21/585a7bf44998f.jpg', 'http://121.42.203.85/jianghu/Uploads/2016-12-21/1585a7bf44998f.jpg', './Uploads/2016-12-21/1585a7bf44998f.jpg'),
(72, 178, 'http://121.42.203.85/jianghu/Uploads/2016-12-21/585a7bf449bdd.jpg', './Uploads/2016-12-21/585a7bf449bdd.jpg', 'http://121.42.203.85/jianghu/Uploads/2016-12-21/1585a7bf449bdd.jpg', './Uploads/2016-12-21/1585a7bf449bdd.jpg'),
(73, 181, 'http://121.42.203.85/jianghu/Uploads/2016-12-21/585a7bf4495a0.jpg', './Uploads/2016-12-21/585a7bf4495a0.jpg', 'http://121.42.203.85/jianghu/Uploads/2016-12-21/1585a7bf4495a0.jpg', './Uploads/2016-12-21/1585a7bf4495a0.jpg'),
(74, 181, 'http://121.42.203.85/jianghu/Uploads/2016-12-21/585a7bf44998f.jpg', './Uploads/2016-12-21/585a7bf44998f.jpg', 'http://121.42.203.85/jianghu/Uploads/2016-12-21/1585a7bf44998f.jpg', './Uploads/2016-12-21/1585a7bf44998f.jpg'),
(75, 181, 'http://121.42.203.85/jianghu/Uploads/2016-12-21/585a7bf449bdd.jpg', './Uploads/2016-12-21/585a7bf449bdd.jpg', 'http://121.42.203.85/jianghu/Uploads/2016-12-21/1585a7bf449bdd.jpg', './Uploads/2016-12-21/1585a7bf449bdd.jpg');

-- --------------------------------------------------------

--
-- 表的结构 `jianghu_introduce_report`
--

CREATE TABLE IF NOT EXISTS `jianghu_introduce_report` (
  `id` mediumint(8) unsigned NOT NULL AUTO_INCREMENT,
  `user_id` mediumint(9) NOT NULL COMMENT '举报者id',
  `introduce_id` mediumint(9) NOT NULL,
  `text` text NOT NULL,
  `time` datetime NOT NULL,
  `state` tinyint(4) NOT NULL COMMENT '0是未处理，1是已禁用，2是忽略',
  PRIMARY KEY (`id`)
) ENGINE=InnoDB  DEFAULT CHARSET=utf8 AUTO_INCREMENT=5 ;

--
-- 转存表中的数据 `jianghu_introduce_report`
--

INSERT INTO `jianghu_introduce_report` (`id`, `user_id`, `introduce_id`, `text`, `time`, `state`) VALUES
(1, 1, 2, '对2的举报', '2017-01-04 15:34:43', 0),
(2, 1, 2, '这是举报', '2017-01-04 15:39:28', 2),
(3, 1, 175, '这是举报', '2017-01-06 14:31:51', 1),
(4, 1, 177, '这是举报', '2017-01-06 15:09:53', 2);

-- --------------------------------------------------------

--
-- 表的结构 `jianghu_login_count`
--

CREATE TABLE IF NOT EXISTS `jianghu_login_count` (
  `id` int(10) unsigned NOT NULL AUTO_INCREMENT,
  `user_id` int(10) unsigned NOT NULL,
  `date` datetime NOT NULL,
  PRIMARY KEY (`id`)
) ENGINE=InnoDB  DEFAULT CHARSET=utf8 COMMENT='用户登录统计表' AUTO_INCREMENT=669 ;

--
-- 转存表中的数据 `jianghu_login_count`
--

INSERT INTO `jianghu_login_count` (`id`, `user_id`, `date`) VALUES
(1, 13, '2016-10-31 00:00:00'),
(2, 14, '2016-10-31 00:00:00'),
(3, 15, '2016-10-31 00:00:00'),
(4, 17, '2016-10-31 00:00:00'),
(5, 1, '2016-10-31 00:00:00'),
(6, 2, '2016-10-31 00:00:00'),
(7, 1, '2016-11-01 00:00:00'),
(8, 2, '2016-11-01 00:00:00'),
(9, 20, '2016-11-01 00:00:00'),
(10, 20, '2016-11-01 00:00:00'),
(11, 1, '2016-11-02 00:00:00'),
(12, 1, '2016-11-06 00:00:00'),
(13, 2, '2016-11-07 00:00:00'),
(14, 3, '2016-11-07 00:00:00'),
(15, 4, '2016-11-07 00:00:00'),
(16, 27, '2016-11-07 00:00:00'),
(17, 28, '2016-11-07 00:00:00'),
(18, 29, '2016-11-07 00:00:00'),
(19, 30, '2016-11-07 00:00:00'),
(20, 31, '2016-11-07 00:00:00'),
(21, 31, '2016-11-07 00:00:00'),
(22, 31, '2016-11-07 00:00:00'),
(23, 6, '2016-11-08 00:00:00'),
(24, 33, '2016-11-08 00:00:00'),
(25, 35, '2016-11-08 00:00:00'),
(26, 36, '2016-11-08 00:00:00'),
(27, 37, '2016-11-08 00:00:00'),
(28, 38, '2016-11-08 00:00:00'),
(29, 39, '2016-11-08 00:00:00'),
(30, 39, '2016-11-08 00:00:00'),
(31, 39, '2016-11-08 00:00:00'),
(32, 27, '2016-11-08 00:00:00'),
(33, 1, '2016-11-11 00:00:00'),
(34, 18, '2016-11-11 00:00:00'),
(35, 6, '2016-11-12 00:00:00'),
(36, 7, '2016-11-12 00:00:00'),
(37, 1, '2016-11-12 00:00:00'),
(38, 8, '2016-11-12 00:00:00'),
(39, 9, '2016-11-12 00:00:00'),
(40, 2, '2016-11-12 00:00:00'),
(41, 18, '2016-11-12 00:00:00'),
(42, 27, '2016-11-13 00:00:00'),
(43, 1, '2016-11-13 00:00:00'),
(44, 2, '2016-11-13 00:00:00'),
(45, 0, '2016-11-13 00:00:00'),
(46, 32, '2016-11-13 00:00:00'),
(47, 1, '2016-11-14 00:00:00'),
(48, 2, '2016-11-15 00:00:00'),
(49, 3, '2016-11-15 00:00:00'),
(50, 1, '2016-11-15 00:00:00'),
(51, 1, '2016-11-16 00:00:00'),
(52, 3, '2016-11-20 00:00:00'),
(53, 1, '2016-11-20 00:00:00'),
(54, 3, '2016-11-21 00:00:00'),
(55, 1, '2016-11-21 00:00:00'),
(56, 39, '2016-11-21 00:00:00'),
(57, 1, '2016-11-24 00:00:00'),
(58, 39, '2016-11-26 00:00:00'),
(59, 39, '2016-11-26 00:00:00'),
(60, 39, '2016-11-26 00:00:00'),
(61, 39, '2016-11-26 00:00:00'),
(62, 39, '2016-11-26 00:00:00'),
(63, 41, '2016-11-26 00:00:00'),
(64, 42, '2016-11-26 00:00:00'),
(65, 43, '2016-11-26 00:00:00'),
(66, 44, '2016-11-26 00:00:00'),
(67, 45, '2016-11-26 00:00:00'),
(68, 46, '2016-11-26 00:00:00'),
(69, 47, '2016-11-26 00:00:00'),
(70, 48, '2016-11-26 00:00:00'),
(71, 39, '2016-11-26 00:00:00'),
(72, 39, '2016-11-26 00:00:00'),
(73, 1, '2016-11-26 00:00:00'),
(74, 3, '2016-11-27 00:00:00'),
(75, 39, '2016-11-27 00:00:00'),
(76, 1, '2016-11-29 00:00:00'),
(77, 9, '2016-11-29 00:00:00'),
(78, 2, '2016-11-29 00:00:00'),
(79, 23, '2016-11-29 00:00:00'),
(80, 3, '2016-11-29 00:00:00'),
(81, 1, '2016-11-30 00:00:00'),
(82, 2, '2016-11-30 00:00:00'),
(83, 3, '2016-11-30 00:00:00'),
(84, 18, '2016-11-30 00:00:00'),
(85, 19, '2016-11-30 00:00:00'),
(86, 20, '2016-11-30 00:00:00'),
(87, 26, '2016-11-30 00:00:00'),
(88, 1, '2016-12-02 00:00:00'),
(89, 39, '2016-12-05 00:00:00'),
(90, 49, '2016-12-05 00:00:00'),
(91, 1, '2016-12-05 00:00:00'),
(92, 2, '2016-12-05 00:00:00'),
(93, 1, '2016-12-06 00:00:00'),
(94, 2, '2016-12-06 00:00:00'),
(95, 3, '2016-12-06 00:00:00'),
(96, 4, '2016-12-06 00:00:00'),
(97, 1, '2016-12-07 00:00:00'),
(98, 3, '2016-12-08 00:00:00'),
(99, 1, '2016-12-08 00:00:00'),
(100, 2, '2016-12-08 00:00:00'),
(101, 45, '2016-12-08 00:00:00'),
(102, 3, '2016-12-12 00:00:00'),
(103, 1, '2016-12-12 00:00:00'),
(104, 2, '2016-12-12 00:00:00'),
(105, 45, '2016-12-12 00:00:00'),
(106, 4, '2016-12-12 00:00:00'),
(107, 5, '2016-12-12 00:00:00'),
(108, 1, '2016-12-13 00:00:00'),
(109, 1, '2016-12-14 00:00:00'),
(110, 2, '2016-12-14 00:00:00'),
(111, 1, '2016-12-15 00:00:00'),
(112, 45, '2016-12-15 00:00:00'),
(113, 1, '2016-12-16 00:00:00'),
(114, 1, '2016-12-19 00:00:00'),
(115, 3, '2016-12-19 00:00:00'),
(116, 4, '2016-12-19 00:00:00'),
(117, 39, '2016-12-20 00:00:00'),
(118, 39, '2016-12-20 00:00:00'),
(119, 39, '2016-12-20 00:00:00'),
(120, 39, '2016-12-20 00:00:00'),
(121, 50, '2016-12-20 00:00:00'),
(122, 39, '2016-12-20 00:00:00'),
(123, 39, '2016-12-20 00:00:00'),
(124, 1, '2016-12-20 00:00:00'),
(125, 2, '2016-12-21 00:00:00'),
(126, 1, '2016-12-21 00:00:00'),
(127, 20, '2016-12-21 00:00:00'),
(128, 3, '2016-12-21 00:00:00'),
(129, 4, '2016-12-21 00:00:00'),
(130, 15, '2016-12-21 00:00:00'),
(131, 45, '2016-12-21 00:00:00'),
(132, 2, '2016-12-22 00:00:00'),
(133, 1, '2016-12-22 00:00:00'),
(134, 39, '2016-12-24 00:00:00'),
(135, 39, '2016-12-24 00:00:00'),
(136, 64, '2016-12-24 00:00:00'),
(137, 65, '2016-12-24 00:00:00'),
(138, 3, '2016-12-25 00:00:00'),
(139, 1, '2016-12-25 00:00:00'),
(140, 2, '2016-12-26 00:00:00'),
(141, 1, '2016-12-26 00:00:00'),
(142, 45, '2016-12-26 00:00:00'),
(143, 3, '2016-12-26 00:00:00'),
(144, 1, '2016-12-28 00:00:00'),
(145, 1, '2016-12-29 00:00:00'),
(146, 65, '2016-12-29 00:00:00'),
(147, 2, '2016-12-30 00:00:00'),
(148, 1, '2017-01-01 00:00:00'),
(149, 1, '2017-01-04 00:00:00'),
(150, 66, '2017-01-04 00:00:00'),
(151, 66, '2017-01-04 00:00:00'),
(152, 66, '2017-01-04 00:00:00'),
(153, 66, '2017-01-04 00:00:00'),
(154, 66, '2017-01-04 00:00:00'),
(155, 66, '2017-01-04 00:00:00'),
(156, 2, '2017-01-04 00:00:00'),
(157, 66, '2017-01-04 00:00:00'),
(158, 88, '2017-01-04 00:00:00'),
(159, 66, '2017-01-04 00:00:00'),
(160, 1, '2017-01-04 00:00:00'),
(161, 1, '2017-01-04 00:00:00'),
(162, 1, '2017-01-04 00:00:00'),
(163, 1, '2017-01-04 00:00:00'),
(164, 1, '2017-01-04 00:00:00'),
(165, 1, '2017-01-04 00:00:00'),
(166, 67, '2017-01-04 00:00:00'),
(167, 68, '2017-01-04 00:00:00'),
(168, 69, '2017-01-04 00:00:00'),
(169, 70, '2017-01-04 00:00:00'),
(170, 71, '2017-01-04 00:00:00'),
(171, 1, '2017-01-05 00:00:00'),
(172, 1, '2017-01-05 00:00:00'),
(173, 1, '2017-01-05 00:00:00'),
(174, 1, '2017-01-05 00:00:00'),
(175, 1, '2017-01-05 00:00:00'),
(176, 1, '2017-01-05 00:00:00'),
(177, 1, '2017-01-05 00:00:00'),
(178, 1, '2017-01-05 00:00:00'),
(179, 1, '2017-01-05 00:00:00'),
(180, 1, '2017-01-05 00:00:00'),
(181, 1, '2017-01-05 00:00:00'),
(182, 1, '2017-01-05 00:00:00'),
(183, 1, '2017-01-05 00:00:00'),
(184, 1, '2017-01-05 00:00:00'),
(185, 1, '2017-01-05 00:00:00'),
(186, 1, '2017-01-05 00:00:00'),
(187, 1, '2017-01-05 00:00:00'),
(188, 1, '2017-01-05 00:00:00'),
(189, 1, '2017-01-05 00:00:00'),
(190, 1, '2017-01-05 00:00:00'),
(191, 1, '2017-01-05 00:00:00'),
(192, 1, '2017-01-05 00:00:00'),
(193, 1, '2017-01-05 00:00:00'),
(194, 1, '2017-01-05 00:00:00'),
(195, 1, '2017-01-05 00:00:00'),
(196, 1, '2017-01-05 00:00:00'),
(197, 1, '2017-01-05 00:00:00'),
(198, 1, '2017-01-05 00:00:00'),
(199, 1, '2017-01-05 00:00:00'),
(200, 1, '2017-01-05 00:00:00'),
(201, 1, '2017-01-05 00:00:00'),
(202, 1, '2017-01-05 00:00:00'),
(203, 1, '2017-01-05 00:00:00'),
(204, 1, '2017-01-05 00:00:00'),
(205, 1, '2017-01-05 00:00:00'),
(206, 1, '2017-01-05 00:00:00'),
(207, 1, '2017-01-05 00:00:00'),
(208, 1, '2017-01-05 00:00:00'),
(209, 1, '2017-01-05 00:00:00'),
(210, 1, '2017-01-05 00:00:00'),
(211, 1, '2017-01-05 00:00:00'),
(212, 1, '2017-01-05 00:00:00'),
(213, 1, '2017-01-05 00:00:00'),
(214, 1, '2017-01-05 00:00:00'),
(215, 1, '2017-01-05 00:00:00'),
(216, 1, '2017-01-05 00:00:00'),
(217, 1, '2017-01-05 00:00:00'),
(218, 1, '2017-01-05 00:00:00'),
(219, 1, '2017-01-05 00:00:00'),
(220, 1, '2017-01-05 00:00:00'),
(221, 1, '2017-01-05 00:00:00'),
(222, 1, '2017-01-05 00:00:00'),
(223, 1, '2017-01-05 00:00:00'),
(224, 72, '2017-01-05 00:00:00'),
(225, 1, '2017-01-05 00:00:00'),
(226, 73, '2017-01-05 00:00:00'),
(227, 1, '2017-01-05 00:00:00'),
(228, 74, '2017-01-05 00:00:00'),
(229, 1, '2017-01-05 00:00:00'),
(230, 1, '2017-01-05 00:00:00'),
(231, 1, '2017-01-05 00:00:00'),
(232, 1, '2017-01-05 00:00:00'),
(233, 1, '2017-01-05 00:00:00'),
(234, 1, '2017-01-05 00:00:00'),
(235, 1, '2017-01-05 00:00:00'),
(236, 1, '2017-01-05 00:00:00'),
(237, 1, '2017-01-05 00:00:00'),
(238, 1, '2017-01-05 00:00:00'),
(239, 1, '2017-01-05 00:00:00'),
(240, 1, '2017-01-05 00:00:00'),
(241, 1, '2017-01-05 00:00:00'),
(242, 1, '2017-01-05 00:00:00'),
(243, 1, '2017-01-05 00:00:00'),
(244, 1, '2017-01-05 00:00:00'),
(245, 1, '2017-01-05 00:00:00'),
(246, 1, '2017-01-05 00:00:00'),
(247, 1, '2017-01-05 00:00:00'),
(248, 1, '2017-01-05 00:00:00'),
(249, 1, '2017-01-05 00:00:00'),
(250, 1, '2017-01-05 00:00:00'),
(251, 1, '2017-01-05 00:00:00'),
(252, 1, '2017-01-05 00:00:00'),
(253, 1, '2017-01-05 00:00:00'),
(254, 1, '2017-01-05 00:00:00'),
(255, 1, '2017-01-05 00:00:00'),
(256, 1, '2017-01-05 00:00:00'),
(257, 1, '2017-01-05 00:00:00'),
(258, 1, '2017-01-05 00:00:00'),
(259, 84, '2017-01-05 00:00:00'),
(260, 1, '2017-01-05 00:00:00'),
(261, 1, '2017-01-05 00:00:00'),
(262, 1, '2017-01-05 00:00:00'),
(263, 1, '2017-01-05 00:00:00'),
(264, 1, '2017-01-05 00:00:00'),
(265, 1, '2017-01-05 00:00:00'),
(266, 1, '2017-01-05 00:00:00'),
(267, 1, '2017-01-05 00:00:00'),
(268, 1, '2017-01-05 00:00:00'),
(269, 1, '2017-01-05 00:00:00'),
(270, 1, '2017-01-05 00:00:00'),
(271, 65, '2017-01-05 00:00:00'),
(272, 1, '2017-01-05 00:00:00'),
(273, 1, '2017-01-05 00:00:00'),
(274, 1, '2017-01-05 00:00:00'),
(275, 1, '2017-01-05 00:00:00'),
(276, 1, '2017-01-05 00:00:00'),
(277, 1, '2017-01-05 00:00:00'),
(278, 1, '2017-01-05 00:00:00'),
(279, 1, '2017-01-05 00:00:00'),
(280, 1, '2017-01-05 00:00:00'),
(281, 1, '2017-01-05 00:00:00'),
(282, 1, '2017-01-05 00:00:00'),
(283, 1, '2017-01-05 00:00:00'),
(284, 1, '2017-01-05 00:00:00'),
(285, 1, '2017-01-05 00:00:00'),
(286, 1, '2017-01-05 00:00:00'),
(287, 1, '2017-01-05 00:00:00'),
(288, 1, '2017-01-05 00:00:00'),
(289, 1, '2017-01-05 00:00:00'),
(290, 1, '2017-01-05 00:00:00'),
(291, 1, '2017-01-05 00:00:00'),
(292, 1, '2017-01-05 00:00:00'),
(293, 1, '2017-01-05 00:00:00'),
(294, 1, '2017-01-05 00:00:00'),
(295, 1, '2017-01-05 00:00:00'),
(296, 1, '2017-01-05 00:00:00'),
(297, 1, '2017-01-05 00:00:00'),
(298, 1, '2017-01-05 00:00:00'),
(299, 1, '2017-01-05 00:00:00'),
(300, 1, '2017-01-05 00:00:00'),
(301, 1, '2017-01-05 00:00:00'),
(302, 1, '2017-01-05 00:00:00'),
(303, 1, '2017-01-05 00:00:00'),
(304, 1, '2017-01-05 00:00:00'),
(305, 1, '2017-01-05 00:00:00'),
(306, 1, '2017-01-05 00:00:00'),
(307, 1, '2017-01-05 00:00:00'),
(308, 1, '2017-01-05 00:00:00'),
(309, 1, '2017-01-05 00:00:00'),
(310, 1, '2017-01-05 00:00:00'),
(311, 1, '2017-01-05 00:00:00'),
(312, 66, '2017-01-05 00:00:00'),
(313, 1, '2017-01-05 00:00:00'),
(314, 1, '2017-01-05 00:00:00'),
(315, 1, '2017-01-05 00:00:00'),
(316, 1, '2017-01-05 00:00:00'),
(317, 1, '2017-01-05 00:00:00'),
(318, 1, '2017-01-05 00:00:00'),
(319, 1, '2017-01-05 00:00:00'),
(320, 1, '2017-01-05 00:00:00'),
(321, 1, '2017-01-05 00:00:00'),
(322, 1, '2017-01-05 00:00:00'),
(323, 82, '2017-01-05 00:00:00'),
(324, 83, '2017-01-05 00:00:00'),
(325, 83, '2017-01-05 00:00:00'),
(326, 88, '2017-01-05 00:00:00'),
(327, 89, '2017-01-05 00:00:00'),
(328, 1, '2017-01-05 00:00:00'),
(329, 1, '2017-01-05 00:00:00'),
(330, 1, '2017-01-05 00:00:00'),
(331, 1, '2017-01-05 00:00:00'),
(332, 1, '2017-01-05 00:00:00'),
(333, 1, '2017-01-05 00:00:00'),
(334, 1, '2017-01-05 00:00:00'),
(335, 1, '2017-01-05 00:00:00'),
(336, 1, '2017-01-05 00:00:00'),
(337, 1, '2017-01-05 00:00:00'),
(338, 1, '2017-01-05 00:00:00'),
(339, 1, '2017-01-05 00:00:00'),
(340, 1, '2017-01-05 00:00:00'),
(341, 1, '2017-01-05 00:00:00'),
(342, 1, '2017-01-05 00:00:00'),
(343, 1, '2017-01-05 00:00:00'),
(344, 1, '2017-01-05 00:00:00'),
(345, 1, '2017-01-05 00:00:00'),
(346, 1, '2017-01-05 00:00:00'),
(347, 1, '2017-01-05 00:00:00'),
(348, 1, '2017-01-05 00:00:00'),
(349, 1, '2017-01-05 00:00:00'),
(350, 1, '2017-01-05 00:00:00'),
(351, 1, '2017-01-05 00:00:00'),
(352, 1, '2017-01-05 00:00:00'),
(353, 1, '2017-01-05 00:00:00'),
(354, 1, '2017-01-05 00:00:00'),
(355, 1, '2017-01-05 00:00:00'),
(356, 1, '2017-01-05 00:00:00'),
(357, 1, '2017-01-05 00:00:00'),
(358, 1, '2017-01-05 00:00:00'),
(359, 1, '2017-01-05 00:00:00'),
(360, 1, '2017-01-05 00:00:00'),
(361, 1, '2017-01-05 00:00:00'),
(362, 1, '2017-01-05 00:00:00'),
(363, 1, '2017-01-05 00:00:00'),
(364, 1, '2017-01-05 00:00:00'),
(365, 1, '2017-01-05 00:00:00'),
(366, 1, '2017-01-05 00:00:00'),
(367, 1, '2017-01-05 00:00:00'),
(368, 1, '2017-01-05 00:00:00'),
(369, 1, '2017-01-05 00:00:00'),
(370, 1, '2017-01-06 00:00:00'),
(371, 1, '2017-01-06 00:00:00'),
(372, 1, '2017-01-06 00:00:00'),
(373, 1, '2017-01-06 00:00:00'),
(374, 1, '2017-01-06 00:00:00'),
(375, 1, '2017-01-06 00:00:00'),
(376, 1, '2017-01-06 00:00:00'),
(377, 1, '2017-01-06 00:00:00'),
(378, 1, '2017-01-06 00:00:00'),
(379, 1, '2017-01-06 00:00:00'),
(380, 1, '2017-01-06 00:00:00'),
(381, 1, '2017-01-06 00:00:00'),
(382, 1, '2017-01-06 00:00:00'),
(383, 1, '2017-01-06 00:00:00'),
(384, 1, '2017-01-06 00:00:00'),
(385, 1, '2017-01-06 00:00:00'),
(386, 1, '2017-01-06 00:00:00'),
(387, 1, '2017-01-06 00:00:00'),
(388, 1, '2017-01-06 00:00:00'),
(389, 1, '2017-01-06 00:00:00'),
(390, 1, '2017-01-06 00:00:00'),
(391, 1, '2017-01-06 00:00:00'),
(392, 1, '2017-01-06 00:00:00'),
(393, 1, '2017-01-06 00:00:00'),
(394, 1, '2017-01-06 00:00:00'),
(395, 1, '2017-01-06 00:00:00'),
(396, 1, '2017-01-06 00:00:00'),
(397, 1, '2017-01-06 00:00:00'),
(398, 1, '2017-01-06 00:00:00'),
(399, 1, '2017-01-06 00:00:00'),
(400, 1, '2017-01-06 00:00:00'),
(401, 1, '2017-01-06 00:00:00'),
(402, 1, '2017-01-06 00:00:00'),
(403, 4, '2017-01-06 00:00:00'),
(404, 5, '2017-01-06 00:00:00'),
(405, 1, '2017-01-07 00:00:00'),
(406, 1, '2017-01-07 00:00:00'),
(407, 1, '2017-01-07 00:00:00'),
(408, 1, '2017-01-07 00:00:00'),
(409, 1, '2017-01-07 00:00:00'),
(410, 1, '2017-01-07 00:00:00'),
(411, 1, '2017-01-07 00:00:00'),
(412, 1, '2017-01-07 00:00:00'),
(413, 1, '2017-01-07 00:00:00'),
(414, 1, '2017-01-07 00:00:00'),
(415, 1, '2017-01-07 00:00:00'),
(416, 1, '2017-01-07 00:00:00'),
(417, 1, '2017-01-07 00:00:00'),
(418, 1, '2017-01-07 00:00:00'),
(419, 1, '2017-01-07 00:00:00'),
(420, 1, '2017-01-07 00:00:00'),
(421, 1, '2017-01-07 00:00:00'),
(422, 1, '2017-01-07 00:00:00'),
(423, 1, '2017-01-07 00:00:00'),
(424, 1, '2017-01-07 00:00:00'),
(425, 1, '2017-01-07 00:00:00'),
(426, 1, '2017-01-07 00:00:00'),
(427, 1, '2017-01-07 00:00:00'),
(428, 1, '2017-01-07 00:00:00'),
(429, 1, '2017-01-07 00:00:00'),
(430, 1, '2017-01-07 00:00:00'),
(431, 1, '2017-01-07 00:00:00'),
(432, 1, '2017-01-07 00:00:00'),
(433, 1, '2017-01-07 00:00:00'),
(434, 1, '2017-01-07 00:00:00'),
(435, 1, '2017-01-08 00:00:00'),
(436, 1, '2017-01-08 00:00:00'),
(437, 1, '2017-01-08 00:00:00'),
(438, 1, '2017-01-08 00:00:00'),
(439, 1, '2017-01-08 00:00:00'),
(440, 1, '2017-01-08 00:00:00'),
(441, 1, '2017-01-08 00:00:00'),
(442, 1, '2017-01-08 00:00:00'),
(443, 1, '2017-01-08 00:00:00'),
(444, 1, '2017-01-08 00:00:00'),
(445, 1, '2017-01-08 00:00:00'),
(446, 1, '2017-01-08 00:00:00'),
(447, 1, '2017-01-08 00:00:00'),
(448, 1, '2017-01-08 00:00:00'),
(449, 1, '2017-01-08 00:00:00'),
(450, 1, '2017-01-08 00:00:00'),
(451, 1, '2017-01-08 00:00:00'),
(452, 1, '2017-01-08 00:00:00'),
(453, 1, '2017-01-08 00:00:00'),
(454, 1, '2017-01-08 00:00:00'),
(455, 1, '2017-01-08 00:00:00'),
(456, 1, '2017-01-08 00:00:00'),
(457, 1, '2017-01-08 00:00:00'),
(458, 1, '2017-01-08 00:00:00'),
(459, 1, '2017-01-08 00:00:00'),
(460, 1, '2017-01-08 00:00:00'),
(461, 1, '2017-01-08 00:00:00'),
(462, 1, '2017-01-08 00:00:00'),
(463, 1, '2017-01-08 00:00:00'),
(464, 1, '2017-01-08 00:00:00'),
(465, 1, '2017-01-08 00:00:00'),
(466, 1, '2017-01-08 00:00:00'),
(467, 1, '2017-01-08 00:00:00'),
(468, 1, '2017-01-08 00:00:00'),
(469, 1, '2017-01-08 00:00:00'),
(470, 1, '2017-01-08 00:00:00'),
(471, 1, '2017-01-08 00:00:00'),
(472, 1, '2017-01-08 00:00:00'),
(473, 1, '2017-01-08 00:00:00'),
(474, 1, '2017-01-08 00:00:00'),
(475, 1, '2017-01-08 00:00:00'),
(476, 1, '2017-01-08 00:00:00'),
(477, 1, '2017-01-08 00:00:00'),
(478, 1, '2017-01-08 00:00:00'),
(479, 1, '2017-01-09 00:00:00'),
(480, 1, '2017-01-09 00:00:00'),
(481, 1, '2017-01-09 00:00:00'),
(482, 1, '2017-01-09 00:00:00'),
(483, 1, '2017-01-09 00:00:00'),
(484, 1, '2017-01-09 00:00:00'),
(485, 1, '2017-01-09 00:00:00'),
(486, 1, '2017-01-09 00:00:00'),
(487, 1, '2017-01-09 00:00:00'),
(488, 1, '2017-01-09 00:00:00'),
(489, 1, '2017-01-09 00:00:00'),
(490, 1, '2017-01-09 00:00:00'),
(491, 1, '2017-01-09 00:00:00'),
(492, 1, '2017-01-09 00:00:00'),
(493, 1, '2017-01-09 00:00:00'),
(494, 1, '2017-01-09 00:00:00'),
(495, 1, '2017-01-09 00:00:00'),
(496, 1, '2017-01-09 00:00:00'),
(497, 1, '2017-01-09 00:00:00'),
(498, 1, '2017-01-09 00:00:00'),
(499, 1, '2017-01-09 00:00:00'),
(500, 1, '2017-01-09 00:00:00'),
(501, 1, '2017-01-09 00:00:00'),
(502, 1, '2017-01-09 00:00:00'),
(503, 1, '2017-01-09 00:00:00'),
(504, 1, '2017-01-09 00:00:00'),
(505, 1, '2017-01-09 00:00:00'),
(506, 1, '2017-01-09 00:00:00'),
(507, 1, '2017-01-12 00:00:00'),
(508, 1, '2017-01-13 00:00:00'),
(509, 4, '2017-01-13 00:00:00'),
(510, 90, '2017-01-13 00:00:00'),
(511, 91, '2017-01-13 00:00:00'),
(512, 92, '2017-01-13 00:00:00'),
(513, 92, '2017-01-13 00:00:00'),
(514, 92, '2017-01-13 00:00:00'),
(515, 91, '2017-01-13 00:00:00'),
(516, 1, '2017-01-14 00:00:00'),
(517, 4, '2017-01-14 00:00:00'),
(518, 5, '2017-01-14 00:00:00'),
(519, 1, '2017-01-14 00:00:00'),
(520, 1, '2017-01-14 00:00:00'),
(521, 1, '2017-01-14 00:00:00'),
(522, 1, '2017-01-14 00:00:00'),
(523, 1, '2017-01-14 00:00:00'),
(524, 1, '2017-01-14 00:00:00'),
(525, 1, '2017-01-14 00:00:00'),
(526, 1, '2017-01-14 00:00:00'),
(527, 1, '2017-01-14 00:00:00'),
(528, 1, '2017-01-14 00:00:00'),
(529, 1, '2017-01-14 00:00:00'),
(530, 1, '2017-01-14 00:00:00'),
(531, 1, '2017-01-14 00:00:00'),
(532, 1, '2017-01-14 00:00:00'),
(533, 1, '2017-01-14 00:00:00'),
(534, 1, '2017-01-14 00:00:00'),
(535, 1, '2017-01-14 00:00:00'),
(536, 1, '2017-01-14 00:00:00'),
(537, 1, '2017-01-14 00:00:00'),
(538, 1, '2017-01-14 00:00:00'),
(539, 1, '2017-01-15 00:00:00'),
(540, 1, '2017-01-15 00:00:00'),
(541, 1, '2017-01-15 00:00:00'),
(542, 1, '2017-01-15 00:00:00'),
(543, 1, '2017-01-15 00:00:00'),
(544, 1, '2017-01-15 00:00:00'),
(545, 1, '2017-01-15 00:00:00'),
(546, 1, '2017-01-15 00:00:00'),
(547, 1, '2017-01-15 00:00:00'),
(548, 1, '2017-01-15 00:00:00'),
(549, 1, '2017-01-15 00:00:00'),
(550, 1, '2017-01-15 00:00:00'),
(551, 1, '2017-01-15 00:00:00'),
(552, 1, '2017-01-15 00:00:00'),
(553, 1, '2017-01-15 00:00:00'),
(554, 1, '2017-01-15 00:00:00'),
(555, 1, '2017-01-15 00:00:00'),
(556, 1, '2017-01-15 00:00:00'),
(557, 1, '2017-01-15 00:00:00'),
(558, 1, '2017-01-15 00:00:00'),
(559, 1, '2017-01-15 00:00:00'),
(560, 1, '2017-01-15 00:00:00'),
(561, 1, '2017-01-15 00:00:00'),
(562, 1, '2017-01-15 00:00:00'),
(563, 1, '2017-01-15 00:00:00'),
(564, 1, '2017-01-15 00:00:00'),
(565, 1, '2017-01-15 00:00:00'),
(566, 1, '2017-01-15 00:00:00'),
(567, 1, '2017-01-15 00:00:00'),
(568, 1, '2017-01-15 00:00:00'),
(569, 1, '2017-01-15 00:00:00'),
(570, 1, '2017-01-15 00:00:00'),
(571, 1, '2017-01-15 00:00:00'),
(572, 1, '2017-01-15 00:00:00'),
(573, 1, '2017-01-15 00:00:00'),
(574, 1, '2017-01-15 00:00:00'),
(575, 1, '2017-01-15 00:00:00'),
(576, 1, '2017-01-15 00:00:00'),
(577, 1, '2017-01-15 00:00:00'),
(578, 1, '2017-01-15 00:00:00'),
(579, 1, '2017-01-15 00:00:00'),
(580, 1, '2017-01-15 00:00:00'),
(581, 1, '2017-01-15 00:00:00'),
(582, 1, '2017-01-15 00:00:00'),
(583, 1, '2017-01-15 00:00:00'),
(584, 1, '2017-01-15 00:00:00'),
(585, 1, '2017-01-15 00:00:00'),
(586, 1, '2017-01-15 00:00:00'),
(587, 1, '2017-01-15 00:00:00'),
(588, 1, '2017-01-15 00:00:00'),
(589, 1, '2017-01-15 00:00:00'),
(590, 1, '2017-01-15 00:00:00'),
(591, 1, '2017-01-15 00:00:00'),
(592, 1, '2017-01-15 00:00:00'),
(593, 1, '2017-01-15 00:00:00'),
(594, 1, '2017-01-15 00:00:00'),
(595, 1, '2017-01-15 00:00:00'),
(596, 1, '2017-01-15 00:00:00'),
(597, 1, '2017-01-15 00:00:00'),
(598, 1, '2017-01-15 00:00:00'),
(599, 1, '2017-01-15 00:00:00'),
(600, 1, '2017-01-15 00:00:00'),
(601, 1, '2017-01-15 00:00:00'),
(602, 1, '2017-01-15 00:00:00'),
(603, 1, '2017-01-15 00:00:00'),
(604, 1, '2017-01-15 00:00:00'),
(605, 1, '2017-01-15 00:00:00'),
(606, 1, '2017-01-15 00:00:00'),
(607, 1, '2017-01-15 00:00:00'),
(608, 1, '2017-01-15 00:00:00'),
(609, 1, '2017-01-15 00:00:00'),
(610, 1, '2017-01-15 00:00:00'),
(611, 1, '2017-01-15 00:00:00'),
(612, 1, '2017-01-15 00:00:00'),
(613, 1, '2017-01-15 00:00:00'),
(614, 1, '2017-01-15 00:00:00'),
(615, 1, '2017-01-15 00:00:00'),
(616, 1, '2017-01-15 00:00:00'),
(617, 1, '2017-01-15 00:00:00'),
(618, 1, '2017-01-15 00:00:00'),
(619, 1, '2017-01-15 00:00:00'),
(620, 1, '2017-01-15 00:00:00'),
(621, 1, '2017-01-15 00:00:00'),
(622, 45, '2017-01-15 00:00:00'),
(623, 1, '2017-01-15 00:00:00'),
(624, 1, '2017-01-15 00:00:00'),
(625, 1, '2017-01-15 00:00:00'),
(626, 1, '2017-01-15 00:00:00'),
(627, 4, '2017-01-15 00:00:00'),
(628, 1, '2017-01-15 00:00:00'),
(629, 1, '2017-01-15 00:00:00'),
(630, 1, '2017-01-15 00:00:00'),
(631, 1, '2017-01-15 00:00:00'),
(632, 1, '2017-01-15 00:00:00'),
(633, 1, '2017-01-15 00:00:00'),
(634, 1, '2017-01-15 00:00:00'),
(635, 1, '2017-01-15 00:00:00'),
(636, 1, '2017-01-15 00:00:00'),
(637, 1, '2017-01-15 00:00:00'),
(638, 1, '2017-01-15 00:00:00'),
(639, 1, '2017-01-15 00:00:00'),
(640, 1, '2017-01-15 00:00:00'),
(641, 1, '2017-01-15 00:00:00'),
(642, 1, '2017-01-15 00:00:00'),
(643, 1, '2017-01-15 00:00:00'),
(644, 1, '2017-01-15 00:00:00'),
(645, 1, '2017-01-15 00:00:00'),
(646, 1, '2017-01-15 00:00:00'),
(647, 1, '2017-01-15 00:00:00'),
(648, 1, '2017-01-15 00:00:00'),
(649, 1, '2017-01-15 00:00:00'),
(650, 1, '2017-01-15 00:00:00'),
(651, 1, '2017-01-15 00:00:00'),
(652, 1, '2017-01-15 00:00:00'),
(653, 1, '2017-01-15 00:00:00'),
(654, 1, '2017-01-15 00:00:00'),
(655, 1, '2017-01-15 00:00:00'),
(656, 1, '2017-01-15 00:00:00'),
(657, 1, '2017-01-15 00:00:00'),
(658, 1, '2017-01-15 00:00:00'),
(659, 1, '2017-01-15 00:00:00'),
(660, 1, '2017-01-22 00:00:00'),
(661, 1, '2017-01-22 00:00:00'),
(662, 1, '2017-01-22 00:00:00'),
(663, 1, '2017-01-22 00:00:00'),
(664, 1, '2017-01-23 00:00:00'),
(665, 1, '2017-01-23 00:00:00'),
(666, 1, '2017-01-23 00:00:00'),
(667, 1, '2017-01-23 00:00:00'),
(668, 1, '2017-01-23 00:00:00');

-- --------------------------------------------------------

--
-- 表的结构 `jianghu_poster`
--

CREATE TABLE IF NOT EXISTS `jianghu_poster` (
  `id` tinyint(3) unsigned NOT NULL AUTO_INCREMENT,
  `title` varchar(100) NOT NULL,
  `time` datetime NOT NULL,
  `content` text NOT NULL,
  `praisenum` mediumint(8) unsigned NOT NULL COMMENT '点赞数',
  `readnum` mediumint(8) unsigned NOT NULL COMMENT '阅读数',
  `posterurl` varchar(100) NOT NULL COMMENT '海报地址',
  `posterpath` varchar(100) NOT NULL COMMENT '海报路径',
  `state` tinyint(3) unsigned NOT NULL COMMENT '0为运营中，1为到期',
  PRIMARY KEY (`id`)
) ENGINE=InnoDB  DEFAULT CHARSET=utf8 AUTO_INCREMENT=40 ;

--
-- 转存表中的数据 `jianghu_poster`
--

INSERT INTO `jianghu_poster` (`id`, `title`, `time`, `content`, `praisenum`, `readnum`, `posterurl`, `posterpath`, `state`) VALUES
(1, '哈哈哈哈', '2016-11-17 00:25:25', '&lt;p&gt;啦啦啦啦&lt;/p&gt;', 0, 3, '', '', 1),
(2, '第二张', '2016-11-17 00:30:03', '&lt;p&gt;哈哈哈哈&lt;/p&gt;&lt;p&gt;&lt;img src=&quot;/ueditor/php/upload/image/20161117/1479313793120411.png&quot; title=&quot;1479313793120411.png&quot; alt=&quot;图标.png&quot;/&gt;&lt;/p&gt;&lt;p&gt;哈哈哈哈&lt;/p&gt;&lt;p&gt;&lt;img src=&quot;/ueditor/php/upload/image/20161117/1479313801120170.png&quot; title=&quot;1479313801120170.png&quot; alt=&quot;图标.png&quot;/&gt;&lt;/p&gt;', 0, 0, '', '', 1),
(3, 'test3', '2016-11-17 00:33:26', '&lt;p&gt;哈哈哈哈&lt;/p&gt;&lt;p&gt;&lt;img src=&quot;/ueditor/php/upload/image/20161117/1479313995678353.png&quot; title=&quot;1479313995678353.png&quot; alt=&quot;图标.png&quot;/&gt;&lt;/p&gt;&lt;p&gt;哈哈哈哈&lt;/p&gt;&lt;p&gt;&lt;img src=&quot;/ueditor/php/upload/image/20161117/1479314003306085.png&quot; title=&quot;1479314003306085.png&quot; alt=&quot;图标.png&quot;/&gt;&lt;/p&gt;', 0, 0, 'http://localhost/jianghu/Uploads/2016-11-17/582c8a5605cbf.png', './Uploads/2016-11-17/582c8a5605cbf.png', 1),
(4, '第四张', '2016-11-17 14:22:07', '&lt;p&gt;&lt;img src=&quot;/ueditor/php/upload/image/20161117/1479363715181938.png&quot; title=&quot;1479363715181938.png&quot; alt=&quot;图标.png&quot;/&gt;第四张的介绍&lt;/p&gt;', 0, 0, 'http://localhost/jianghu/Uploads/2016-11-17/582d4c8fb2899.png', './Uploads/2016-11-17/582d4c8fb2899.png', 1),
(5, '第五张', '2016-11-17 14:23:08', '&lt;p&gt;第五张海报的介绍&lt;img src=&quot;/ueditor/php/upload/image/20161117/1479363786115652.png&quot; title=&quot;1479363786115652.png&quot; alt=&quot;550228923956780234 - 副本 (2).png&quot;/&gt;&lt;/p&gt;', 0, 0, 'http://localhost/jianghu/Uploads/2016-11-17/582d4ccca2129.png', './Uploads/2016-11-17/582d4ccca2129.png', 1),
(6, '第六章', '2016-11-17 16:06:57', '', 0, 0, 'http://localhost/jianghu/Uploads/2016-11-17/582d4dc23afa9.png', './Uploads/2016-11-17/582d4dc23afa9.png', 1),
(7, '7', '2016-11-17 17:09:36', '', 0, 0, 'http://localhost/jianghu/Uploads/2016-11-17/582d73d067783.png', './Uploads/2016-11-17/582d73d067783.png', 1),
(8, '8', '2016-11-17 17:13:05', '&lt;p&gt;你好&lt;img src=&quot;/ueditor/php/upload/image/20161117/1479373983110200.png&quot; title=&quot;1479373983110200.png&quot; alt=&quot;550228923956780234 - 副本.png&quot;/&gt;&lt;/p&gt;', 0, 0, 'http://localhost/jianghu/Uploads/2016-11-17/582d74a17d4fa.png', './Uploads/2016-11-17/582d74a17d4fa.png', 1),
(9, '第九张', '2016-11-19 14:43:34', '&lt;p&gt;&amp;nbsp; &amp;nbsp;&lt;img src=&quot;http://localhost/jianghu/Public/umeditor/php/upload/20161119/14795378065500.png&quot; _src=&quot;http://localhost/jianghu/Public/umeditor/php/upload/20161119/14795378065500.png&quot;/&gt;				\n				&lt;/p&gt;', 0, 0, 'http://localhost/jianghu/Uploads/2016-11-19/582ff4965cdc1.jpg', './Uploads/2016-11-19/582ff4965cdc1.jpg', 1),
(10, '第十', '2016-11-19 14:48:01', '&lt;p&gt;&amp;nbsp; &amp;nbsp;&lt;img src=&quot;http://localhost/jianghu/Public/umeditor/php/upload/20161119/14795380724985.png&quot; _src=&quot;http://localhost/jianghu/Public/umeditor/php/upload/20161119/14795380724985.png&quot;/&gt;哈哈哈哈				\r\n				&lt;/p&gt;', 0, 0, 'http://localhost/jianghu/Uploads/2016-11-19/582ff5a162610.png', './Uploads/2016-11-19/582ff5a162610.png', 1),
(11, '11', '2016-11-19 14:53:07', '&lt;p&gt;&lt;img src=&quot;http://localhost/jianghu/Public/umeditor/php/upload/20161119/14795383836290.png&quot; _src=&quot;http://localhost/jianghu/Public/umeditor/php/upload/20161119/14795383836290.png&quot;/&gt;&amp;nbsp; &amp;nbsp;				\r\n				&lt;/p&gt;', 0, 0, 'http://localhost/jianghu/Uploads/2016-11-19/582ff6d3d3c68.png', './Uploads/2016-11-19/582ff6d3d3c68.png', 1),
(12, '12', '2016-11-19 14:53:48', '&lt;p&gt;哈哈哈哈&lt;/p&gt;', 0, 0, 'http://localhost/jianghu/Uploads/2016-11-19/582ff6fc18579.png', './Uploads/2016-11-19/582ff6fc18579.png', 1),
(13, '12', '2016-11-19 15:06:34', '&lt;p&gt;&lt;img src=&quot;http://localhost/jianghu/Public/umeditor/php/upload/20161119/14795391896236.png&quot; ic/umeditor/php/upload/20161119/14795391896236.png&quot; style=&quot;&quot;/&gt;&lt;/p&gt;&lt;p&gt;&lt;img src=&quot;http://localhost/jianghu/Public/umeditor/php/upload/20161119/1479539192921.png&quot; _src=&quot;http://localhost/jianghu/Public/umeditor/php/upload/20161119/1479539192921.png&quot; style=&quot;&quot;/&gt;&lt;/p&gt;&lt;p&gt;&amp;nbsp; &amp;nbsp;				\n				&lt;br/&gt;&lt;/p&gt;', 0, 0, 'http://localhost/jianghu/Uploads/2016-11-19/582ff9fa18222.png', './Uploads/2016-11-19/582ff9fa18222.png', 1),
(14, '14', '2016-11-19 15:22:08', '&lt;p&gt;\r\n    &amp;nbsp;&lt;img src=&quot;http://localhost/jianghu/Public/umeditor/php/upload/20161119/14795401208583.png&quot; _src=&quot;http://localhost/jianghu/Public/umeditor/php/upload/20161119/14795401208583.png&quot;/&gt; &amp;nbsp;				\r\n				\r\n&lt;/p&gt;', 0, 0, 'http://localhost/jianghu/Uploads/2016-11-19/582ffda0688e9.png', './Uploads/2016-11-19/582ffda0688e9.png', 1),
(15, '15', '2016-11-19 15:27:00', '&lt;p&gt;&amp;nbsp; &amp;nbsp;&lt;img src=&quot;http://localhost/jianghu/Public/umeditor/php/upload/20161119/14795404182719.png&quot;/&gt;				\r\n				&lt;/p&gt;', 0, 0, 'http://localhost/jianghu/Uploads/2016-11-19/582ffec47b0c9.png', './Uploads/2016-11-19/582ffec47b0c9.png', 1),
(16, '哈哈哈', '2016-11-19 15:30:45', '&lt;p&gt;&lt;img src=&quot;http://localhost/jianghu/Public/umeditor/php/upload/20161119/14795406423210.png&quot;/&gt;&amp;nbsp; &amp;nbsp;				\r\n				&lt;/p&gt;', 0, 0, 'http://localhost/jianghu/Uploads/2016-11-19/582fffa5aa6cb.png', './Uploads/2016-11-19/582fffa5aa6cb.png', 1),
(17, '23', '2016-11-19 17:24:39', '&lt;p&gt;&amp;nbsp; &lt;img src=&quot;http://localhost/jianghu/Public/umeditor/php/upload/20161119/14795474724708.png&quot; _src=&quot;http://localhost/jianghu/Public/umeditor/php/upload/20161119/14795474724708.png&quot;/&gt;&amp;nbsp;				\r\n				&lt;/p&gt;', 0, 0, 'http://localhost/jianghu/Uploads/2016-11-19/58301a57052a5.png', './Uploads/2016-11-19/58301a57052a5.png', 1),
(18, '哈哈哈', '2016-11-20 10:57:58', '&lt;p&gt;&amp;nbsp; &amp;nbsp; &amp;nbsp;&lt;img src=&quot;/ueditor/php/upload/image/20161120/1479610677680332.png&quot; title=&quot;1479610677680332.png&quot; alt=&quot;14795474724708.png&quot;/&gt; &amp;nbsp;				这里写你的初始化内容\r\n &amp;nbsp; &amp;nbsp;					&lt;/p&gt;', 0, 0, 'http://localhost/jianghu/Uploads/2016-11-20/58311136a7b7a.png', './Uploads/2016-11-20/58311136a7b7a.png', 1),
(19, '你你你', '2016-11-20 11:03:54', '&lt;p&gt;&lt;img src=&quot;/ueditor/php/upload/image/20161120/1479611022539231.jpg&quot; title=&quot;1479611022539231.jpg&quot; alt=&quot;61a149bf2044e57aef31837065afa634.jpg&quot;/&gt;\r\n &amp;nbsp; &amp;nbsp; &amp;nbsp; &amp;nbsp;				这里写你的初始化内容\r\n &amp;nbsp; &amp;nbsp;					&lt;/p&gt;', 0, 0, 'http://localhost/jianghu/Uploads/2016-11-20/5831129a81b01.jpg', './Uploads/2016-11-20/5831129a81b01.jpg', 1),
(20, '哈哈哈', '2016-11-20 11:23:44', '&lt;p&gt;&amp;nbsp;&lt;img src=&quot;ueditor/php/upload/image/20161120/1479612194116009.jpg&quot; title=&quot;1479612194116009.jpg&quot; alt=&quot;08fdc8499077abaf638361736b37d3d5.jpg&quot;/&gt;&amp;nbsp; &amp;nbsp; &amp;nbsp; &amp;nbsp; &amp;nbsp; 这里写你的初始化内容\r\n &amp;nbsp; &amp;nbsp;					&lt;/p&gt;', 0, 0, 'http://localhost/jianghu/Uploads/2016-11-20/58311740c96db.jpg', './Uploads/2016-11-20/58311740c96db.jpg', 1),
(21, '嘎嘎嘎', '2016-11-20 11:29:52', '&lt;p&gt;&amp;nbsp; &amp;nbsp; &amp;nbsp;&lt;img src=&quot;/ueditor/php/upload/image/20161120/1479612589858096.png&quot; title=&quot;1479612589858096.png&quot; alt=&quot;14795474724708.png&quot;/&gt; &amp;nbsp;				这里写你的初始化内容\r\n &amp;nbsp; &amp;nbsp;					&lt;/p&gt;', 0, 0, 'http://localhost/jianghu/Uploads/2016-11-20/583118b07722d.jpg', './Uploads/2016-11-20/583118b07722d.jpg', 1),
(22, '尴尬', '2016-11-20 11:36:01', '&lt;p&gt;&lt;img src=&quot;http://localhost/jianghu/ueditor/php/upload/image/20161120/1479612960879139.jpg&quot; title=&quot;1479612960879139.jpg&quot; alt=&quot;cd25b6c0800a32b382a6c814cc9e6fe8.jpg&quot;/&gt;\r\n &amp;nbsp; &amp;nbsp; &amp;nbsp; &amp;nbsp;				这里写你的初始化内容\r\n &amp;nbsp; &amp;nbsp;					&lt;/p&gt;', 0, 0, 'http://localhost/jianghu/Uploads/2016-11-20/58311a21adb43.jpg', './Uploads/2016-11-20/58311a21adb43.jpg', 1),
(23, 'jianghu', '2016-11-20 11:45:15', '&lt;p&gt;&lt;img src=&quot;http://localhost/jianghu/Public/ueditor/php/upload/image/20161120/1479613501289732.png&quot; title=&quot;1479613501289732.png&quot; alt=&quot;14795474724708.png&quot;/&gt;\r\n &amp;nbsp; &amp;nbsp; &amp;nbsp; &amp;nbsp;				这里写你的初始化内容\r\n &amp;nbsp; &amp;nbsp;					&lt;/p&gt;', 0, 0, 'http://localhost/jianghu/Uploads/2016-11-20/58311c4bbe19e.jpg', './Uploads/2016-11-20/58311c4bbe19e.jpg', 1),
(24, 'fff', '2016-11-20 11:47:01', '&lt;p&gt;&lt;img src=&quot;http://localhost/jianghu/Public/ueditor/php/upload/image/20161120/1479613620109477.png&quot; title=&quot;1479613620109477.png&quot; alt=&quot;14795474724708.png&quot;/&gt;\r\n &amp;nbsp; &amp;nbsp; &amp;nbsp; &amp;nbsp;				这里写你的初始化内容\r\n &amp;nbsp; &amp;nbsp;					&lt;/p&gt;', 0, 0, 'http://localhost/jianghu/Uploads/2016-11-20/58311cb59bc9f.jpg', './Uploads/2016-11-20/58311cb59bc9f.jpg', 1),
(25, 'hhhh', '2016-11-20 11:47:47', '&lt;p&gt;&amp;nbsp; &amp;nbsp; &amp;nbsp; &amp;nbsp;				这里写你的初始化内容\r\n &amp;nbsp; &amp;nbsp;					&lt;/p&gt;', 0, 0, 'http://localhost/jianghu/Uploads/2016-11-20/58311ce338642.jpg', './Uploads/2016-11-20/58311ce338642.jpg', 1),
(26, '啦啦啦啦', '2016-11-20 12:07:23', '&lt;p&gt;哈哈哈哈哈&lt;/p&gt;&lt;p&gt;&lt;img src=&quot;http://localhost/jianghu/Public/ueditor/php/upload/image/20161120/1479614840996314.jpg&quot; title=&quot;1479614840996314.jpg&quot;/&gt;&lt;/p&gt;&lt;p&gt;&lt;img src=&quot;http://localhost/jianghu/Public/ueditor/php/upload/image/20161120/1479614840449897.png&quot; title=&quot;1479614840449897.png&quot;/&gt;&lt;/p&gt;&lt;p&gt;&amp;nbsp; &amp;nbsp; &amp;nbsp;&amp;nbsp;&lt;br/&gt;&lt;/p&gt;', 0, 0, 'http://localhost/jianghu/Uploads/2016-11-20/5831217b99f8d.jpg', './Uploads/2016-11-20/5831217b99f8d.jpg', 1),
(27, '么么么么', '2016-11-20 12:08:23', '&lt;p&gt;&lt;img src=&quot;http://localhost/jianghu/Public/ueditor/php/upload/image/20161120/1479614901551624.jpg&quot; title=&quot;1479614901551624.jpg&quot; alt=&quot;cd25b6c0800a32b382a6c814cc9e6fe8.jpg&quot;/&gt;\r\n &amp;nbsp; &amp;nbsp; &amp;nbsp; &amp;nbsp;				这里写你的初始化内容\r\n &amp;nbsp; &amp;nbsp;					&lt;/p&gt;', 0, 0, 'http://localhost/jianghu/Uploads/2016-11-20/583121b763327.jpg', './Uploads/2016-11-20/583121b763327.jpg', 1),
(28, '啦啦啦', '2016-11-20 12:12:37', '&lt;p&gt;哈哈哈哈&lt;img src=&quot;http://localhost/jianghu/Public/ueditor/php/upload/image/20161120/1479615154129994.jpg&quot; title=&quot;1479615154129994.jpg&quot; alt=&quot;cd25b6c0800a32b382a6c814cc9e6fe8.jpg&quot;/&gt;&lt;/p&gt;', 0, 0, 'http://localhost/jianghu/Uploads/2016-11-20/583122b5a7df3.jpg', './Uploads/2016-11-20/583122b5a7df3.jpg', 1),
(29, 'aaa', '2016-11-20 12:14:30', '&lt;p&gt;jijiji&lt;img src=&quot;http://localhost/jianghu/Public/ueditor/php/upload/image/20161120/1479615269252295.png&quot; title=&quot;1479615269252295.png&quot; alt=&quot;14795474724708.png&quot;/&gt;&lt;/p&gt;', 0, 0, 'http://localhost/jianghu/Uploads/2016-11-20/58312326663da.jpg', './Uploads/2016-11-20/58312326663da.jpg', 1),
(30, 'aaaa', '2016-11-20 12:15:13', '&lt;p&gt;&lt;img src=&quot;http://localhost/jianghu/Public/ueditor/php/upload/image/20161120/1479615311714843.jpg&quot; title=&quot;1479615311714843.jpg&quot; alt=&quot;ee6bc6f45696dd4b6d42a52fa1e8cc0a.jpg&quot;/&gt;&lt;/p&gt;', 0, 0, 'http://localhost/jianghu/Uploads/2016-11-20/58312351debf5.jpg', './Uploads/2016-11-20/58312351debf5.jpg', 1),
(31, 'adf', '2016-11-20 12:15:32', '&lt;p&gt;&amp;nbsp;&amp;nbsp;&lt;img src=&quot;http://localhost/jianghu/Public/ueditor/php/upload/image/20161120/1479615330101357.jpg&quot; title=&quot;1479615330101357.jpg&quot; alt=&quot;61a149bf2044e57aef31837065afa634.jpg&quot;/&gt;&lt;/p&gt;', 0, 0, 'http://localhost/jianghu/Uploads/2016-11-20/58312364b4be6.jpg', './Uploads/2016-11-20/58312364b4be6.jpg', 1),
(32, 'test', '2016-11-20 19:18:28', '&lt;p&gt;只是test海报&lt;/p&gt;&lt;p&gt;非常美味的什么鬼&lt;/p&gt;&lt;p&gt;&lt;img src=&quot;http://localhost/jianghu/Public/ueditor/php/upload/image/20161120/1479615770131466.jpg&quot; title=&quot;1479615770131466.jpg&quot; alt=&quot;08fdc8499077abaf638361736b37d3d5.jpg&quot;/&gt;&lt;/p&gt;&lt;p&gt;ggg&lt;/p&gt;', 0, 0, '', '', 1),
(33, '最后一样', '2016-11-20 18:58:56', '&lt;p&gt;哇哈哈哈哈很棒很棒&lt;/p&gt;&lt;p&gt;&lt;img src=&quot;http://localhost/jianghu/Public/ueditor/php/upload/image/20161120/1479639515104846.jpg&quot; title=&quot;1479639515104846.jpg&quot; alt=&quot;cd25b6c0800a32b382a6c814cc9e6fe8.jpg&quot;/&gt;&lt;/p&gt;&lt;p&gt;才怪咧&lt;/p&gt;', 0, 0, 'http://localhost/jianghu/Uploads/2016-11-20/583181f03cb74.jpg', './Uploads/2016-11-20/583181f03cb74.jpg', 1),
(34, 'lll', '2016-11-20 23:27:44', '&lt;p&gt;fff&lt;img src=&quot;http://localhost/jianghu/Public/ueditor/php/upload/image/20161120/1479655661974755.jpg&quot; title=&quot;1479655661974755.jpg&quot; alt=&quot;cd25b6c0800a32b382a6c814cc9e6fe8.jpg&quot;/&gt;&lt;/p&gt;', 0, 0, 'http://::1/jianghu/Uploads/2016-11-20/5831c0f029d52.jpg', './Uploads/2016-11-20/5831c0f029d52.jpg', 1),
(35, 'hatp', '2016-11-20 23:51:35', '&lt;p&gt;&lt;img src=&quot;http://localhost/jianghu/Public/ueditor/php/upload/image/20161120/1479657093702622.jpg&quot; title=&quot;1479657093702622.jpg&quot; alt=&quot;e0827bd682a216106d6201b27968fb59.jpg&quot;/&gt;&lt;/p&gt;', 0, 0, 'http://localhost/jianghu/Uploads/2016-11-20/5831c687b889c.jpg', './Uploads/2016-11-20/5831c687b889c.jpg', 1),
(36, 'hhhh', '2016-11-21 17:14:59', '&lt;p&gt;是不是想搞事&lt;/p&gt;&lt;p&gt;&lt;img src=&quot;http://121.42.203.85/jianghu/Public/ueditor/php/upload/image/20161121/1479719697784919.jpg&quot; title=&quot;1479719697784919.jpg&quot; alt=&quot;e0827bd682a216106d6201b27968fb59.jpg&quot;/&gt;&lt;/p&gt;', 0, 1, 'http://121.42.203.85/jianghu/Uploads/2016-11-21/5832bb1393b3d.jpg', './Uploads/2016-11-21/5832bb1393b3d.jpg', 0),
(37, 'nono', '2016-11-24 12:27:46', '&lt;p&gt;test&lt;img src=&quot;http://121.42.203.85/jianghu/Public/ueditor/php/upload/image/20161124/1479961665364630.jpg&quot; title=&quot;1479961665364630.jpg&quot; alt=&quot;u=2533187576,1750404150&amp;amp;fm=21&amp;amp;gp=0.jpg&quot;/&gt;&lt;/p&gt;', 4, 1, 'http://121.42.203.85/jianghu/Uploads/2016-11-24/58366c42c47ce.jpg', './Uploads/2016-11-24/58366c42c47ce.jpg', 0),
(38, 'dada', '2016-11-24 12:28:14', '&lt;p&gt;&lt;img src=&quot;http://121.42.203.85/jianghu/Public/ueditor/php/upload/image/20161124/1479961689731294.jpg&quot; title=&quot;1479961689731294.jpg&quot; alt=&quot;7f612c606cc6cbda5af7df0926213530.jpg&quot;/&gt;dadada&lt;/p&gt;', 5, 0, 'http://121.42.203.85/jianghu/Uploads/2016-11-24/58366c5e96832.jpg', './Uploads/2016-11-24/58366c5e96832.jpg', 0),
(39, 'post1', '2017-01-02 11:10:04', '&lt;p&gt;这是海报1的介绍&lt;/p&gt;&lt;p&gt;&lt;img src=&quot;http://121.42.203.85/jianghu/Public/ueditor/php/upload/image/20170102/1483326592360807.jpg&quot; title=&quot;1483326592360807.jpg&quot;/&gt;&lt;/p&gt;&lt;p&gt;&lt;img src=&quot;http://121.42.203.85/jianghu/Public/ueditor/php/upload/image/20170102/1483326593538765.jpg&quot; title=&quot;1483326593538765.jpg&quot;/&gt;&lt;/p&gt;&lt;p&gt;&lt;br/&gt;&lt;/p&gt;', 0, 2, 'http://121.42.203.85/jianghu/Uploads/2017-01-02/5869c48c05ca0.jpg', './Uploads/2017-01-02/5869c48c05ca0.jpg', 0);

-- --------------------------------------------------------

--
-- 表的结构 `jianghu_poster_praise`
--

CREATE TABLE IF NOT EXISTS `jianghu_poster_praise` (
  `id` mediumint(8) unsigned NOT NULL AUTO_INCREMENT,
  `poster_id` mediumint(8) unsigned NOT NULL,
  `user_id` mediumint(8) unsigned NOT NULL,
  PRIMARY KEY (`id`)
) ENGINE=InnoDB  DEFAULT CHARSET=utf8 COMMENT='海报点赞表' AUTO_INCREMENT=10 ;

--
-- 转存表中的数据 `jianghu_poster_praise`
--

INSERT INTO `jianghu_poster_praise` (`id`, `poster_id`, `user_id`) VALUES
(1, 38, 1),
(2, 38, 2),
(3, 38, 3),
(4, 38, 4),
(5, 38, 5),
(6, 37, 1),
(7, 37, 2),
(8, 37, 2),
(9, 37, 1);

-- --------------------------------------------------------

--
-- 表的结构 `jianghu_praise`
--

CREATE TABLE IF NOT EXISTS `jianghu_praise` (
  `id` int(10) unsigned NOT NULL AUTO_INCREMENT,
  `introduce_id` int(10) unsigned NOT NULL,
  `user_id` int(10) unsigned NOT NULL COMMENT '点赞人的id',
  `time` datetime NOT NULL,
  `owner_id` int(10) unsigned NOT NULL COMMENT '推荐所有者的id',
  `state` tinyint(3) unsigned NOT NULL COMMENT '未读则为0，已读则为1',
  PRIMARY KEY (`id`)
) ENGINE=InnoDB  DEFAULT CHARSET=utf8 COMMENT='点赞表' AUTO_INCREMENT=73 ;

--
-- 转存表中的数据 `jianghu_praise`
--

INSERT INTO `jianghu_praise` (`id`, `introduce_id`, `user_id`, `time`, `owner_id`, `state`) VALUES
(1, 8, 1, '2016-09-26 15:21:55', 0, 0),
(2, 8, 1, '2016-09-27 19:03:48', 0, 0),
(3, 8, 1, '2016-09-27 19:05:52', 0, 0),
(4, 8, 1, '2016-09-27 19:06:33', 0, 0),
(6, 8, 1, '2016-09-27 19:09:16', 0, 0),
(7, 7, 3, '2016-09-28 22:55:00', 0, 0),
(8, 7, 2, '2016-09-28 22:55:10', 0, 0),
(9, 8, 2, '2016-09-29 09:19:02', 4, 0),
(10, 8, 3, '2016-09-29 09:40:14', 4, 0),
(11, 8, 1, '2016-09-29 13:00:59', 4, 0),
(12, 8, 1, '2016-09-29 13:13:24', 4, 0),
(13, 8, 1, '2016-09-29 13:17:04', 4, 0),
(14, 8, 1, '2016-09-29 13:28:59', 4, 0),
(15, 19, 11, '2016-10-11 20:16:35', 3, 0),
(16, 19, 11, '2016-10-11 20:18:36', 3, 0),
(17, 19, 11, '2016-10-11 20:20:13', 3, 0),
(18, 19, 11, '2016-10-11 23:08:44', 3, 0),
(19, 19, 11, '2016-10-11 23:10:27', 3, 0),
(20, 19, 11, '2016-10-11 23:14:24', 3, 0),
(21, 19, 11, '2016-10-11 23:18:06', 3, 0),
(22, 19, 11, '2016-10-11 23:20:33', 3, 0),
(23, 19, 11, '2016-10-11 23:26:02', 3, 0),
(24, 19, 11, '2016-10-11 23:26:44', 3, 0),
(25, 19, 11, '2016-10-11 23:28:23', 3, 0),
(26, 19, 11, '2016-10-11 23:29:11', 3, 0),
(27, 19, 11, '2016-10-11 23:30:34', 3, 0),
(28, 19, 11, '2016-10-11 23:31:40', 3, 0),
(29, 19, 11, '2016-10-11 23:32:20', 3, 0),
(30, 19, 11, '2016-10-11 23:33:55', 3, 0),
(31, 19, 11, '2016-10-11 23:34:31', 3, 0),
(32, 19, 12, '2016-10-11 23:34:53', 3, 0),
(33, 19, 12, '2016-10-11 23:36:42', 3, 0),
(34, 19, 12, '2016-10-11 23:40:01', 3, 0),
(35, 19, 13, '2016-10-11 23:45:32', 3, 0),
(36, 19, 13, '2016-10-11 23:48:45', 3, 0),
(37, 21, 13, '2016-10-12 00:08:10', 1, 1),
(38, 21, 13, '2016-10-12 00:11:09', 1, 1),
(39, 21, 13, '2016-10-12 00:14:21', 1, 1),
(40, 21, 13, '2016-10-12 00:14:34', 1, 1),
(41, 21, 14, '2016-10-12 00:15:32', 1, 1),
(42, 21, 14, '2016-10-12 00:16:38', 1, 1),
(43, 21, 1, '2016-10-12 00:19:18', 1, 1),
(44, 21, 1, '2016-10-12 00:22:33', 1, 1),
(45, 21, 1, '2016-10-12 00:23:06', 1, 1),
(46, 21, 2016, '2016-10-12 00:28:12', 1, 1),
(47, 21, 2, '2016-10-12 00:29:35', 1, 1),
(48, 21, 2, '2016-10-12 00:29:44', 1, 1),
(49, 40, 1, '2016-10-15 00:30:05', 17, 0),
(50, 40, 1, '2016-10-15 09:27:24', 17, 0),
(51, 64, 1, '2016-10-24 15:23:15', 1, 1),
(52, 75, 1, '2016-10-26 23:31:57', 21, 0),
(53, 76, 1, '2016-10-26 23:37:28', 17, 0),
(54, 76, 1, '2016-10-26 23:50:49', 17, 0),
(55, 76, 1, '2016-10-30 14:24:35', 17, 0),
(56, 76, 1, '2016-10-30 14:26:03', 17, 0),
(57, 76, 1, '2016-10-30 14:29:57', 17, 0),
(58, 76, 1, '2016-10-31 22:08:22', 17, 0),
(59, 76, 1, '2016-10-31 22:08:36', 17, 0),
(60, 76, 2, '2016-10-31 22:08:47', 17, 0),
(61, 101, 2, '2016-11-01 21:10:05', 17, 0),
(62, 101, 2, '2016-11-01 21:20:15', 17, 0),
(63, 101, 2, '2016-11-01 21:27:56', 17, 0),
(64, 101, 2, '2016-11-30 19:48:40', 17, 0),
(65, 148, 1, '2016-12-05 15:36:51', 18, 0),
(66, 90, 2, '0000-00-00 00:00:00', 1, 1),
(67, 90, 2, '2016-12-05 22:43:42', 1, 1),
(68, 171, 1, '2016-12-21 21:06:03', 4, 0),
(69, 90, 2, '2016-12-21 21:20:49', 1, 1),
(70, 148, 1, '2016-12-26 15:37:22', 18, 0),
(71, 180, 1, '2017-01-15 02:42:50', 1, 1),
(72, 178, 1, '2017-01-23 17:35:37', 4, 0);

-- --------------------------------------------------------

--
-- 表的结构 `jianghu_sort_praise`
--

CREATE TABLE IF NOT EXISTS `jianghu_sort_praise` (
  `id` mediumint(8) unsigned NOT NULL AUTO_INCREMENT,
  `user_id` mediumint(8) unsigned NOT NULL,
  `sort_user_id` mediumint(8) unsigned NOT NULL COMMENT '被点赞人的id',
  `state` tinyint(4) NOT NULL DEFAULT '0',
  `date` date NOT NULL,
  PRIMARY KEY (`id`)
) ENGINE=InnoDB  DEFAULT CHARSET=utf8 COMMENT='口碑排行点赞表，每周更新一次' AUTO_INCREMENT=13 ;

--
-- 转存表中的数据 `jianghu_sort_praise`
--

INSERT INTO `jianghu_sort_praise` (`id`, `user_id`, `sort_user_id`, `state`, `date`) VALUES
(1, 2, 1, 0, '0000-00-00'),
(2, 2, 1, 0, '0000-00-00'),
(3, 2, 1, 0, '2016-12-14'),
(4, 2, 1, 0, '2016-12-22'),
(5, 1, 4, 0, '2017-01-15'),
(6, 1, 4, 0, '2017-01-15'),
(7, 1, 4, 0, '2017-01-15'),
(8, 1, 4, 0, '2017-01-15'),
(9, 1, 4, 0, '2017-01-15'),
(10, 1, 4, 0, '2017-01-15'),
(11, 1, 1, 0, '2017-01-15'),
(12, 1, 5, 0, '2017-01-15');

-- --------------------------------------------------------

--
-- 表的结构 `jianghu_tag`
--

CREATE TABLE IF NOT EXISTS `jianghu_tag` (
  `id` int(10) unsigned NOT NULL AUTO_INCREMENT,
  `name` varchar(20) NOT NULL,
  PRIMARY KEY (`id`)
) ENGINE=InnoDB  DEFAULT CHARSET=utf8 COMMENT='标签表' AUTO_INCREMENT=5 ;

--
-- 转存表中的数据 `jianghu_tag`
--

INSERT INTO `jianghu_tag` (`id`, `name`) VALUES
(3, '运动'),
(4, '贝岗');

-- --------------------------------------------------------

--
-- 表的结构 `jianghu_test`
--

CREATE TABLE IF NOT EXISTS `jianghu_test` (
  `test` text NOT NULL,
  `id` int(11) NOT NULL AUTO_INCREMENT,
  PRIMARY KEY (`id`)
) ENGINE=InnoDB  DEFAULT CHARSET=utf8 COMMENT='测试表' AUTO_INCREMENT=7 ;

--
-- 转存表中的数据 `jianghu_test`
--

INSERT INTO `jianghu_test` (`test`, `id`) VALUES
('400', 1),
('300', 2),
('', 3),
('', 4),
('', 5),
('300', 6);

-- --------------------------------------------------------

--
-- 表的结构 `jianghu_token`
--

CREATE TABLE IF NOT EXISTS `jianghu_token` (
  `id` int(10) unsigned NOT NULL AUTO_INCREMENT,
  `user_id` int(10) unsigned NOT NULL COMMENT '用户id',
  `time` datetime NOT NULL COMMENT 'token生成时间',
  `state` tinyint(4) NOT NULL COMMENT 'token状态：1为过期，0为正常',
  `token` text NOT NULL,
  PRIMARY KEY (`id`)
) ENGINE=InnoDB  DEFAULT CHARSET=utf8 COMMENT='token表，用于用户登录验证' AUTO_INCREMENT=572 ;

--
-- 转存表中的数据 `jianghu_token`
--

INSERT INTO `jianghu_token` (`id`, `user_id`, `time`, `state`, `token`) VALUES
(1, 4, '2016-10-16 13:33:55', 0, 'c4ca4238a0b923820dcc509a6f75849b'),
(2, 4, '2016-10-16 13:36:13', 0, 'c4ca4238a0b923820dcc509a6f75849b'),
(3, 4, '2016-10-16 13:40:29', 0, 'c4ca4238a0b923820dcc509a6f75849b'),
(4, 4, '2016-10-16 13:43:28', 0, 'a87ff679a2f3e71d9181a67b7542122c'),
(5, 4, '2016-10-16 13:45:06', 0, '6523205cd074195bd9252252b0eab96e'),
(6, 4, '2016-10-16 13:58:29', 0, 'b7fea5e317d8336b1e458aa7dfafc7c7'),
(7, 25, '2016-10-16 23:05:35', 1, '65c9cf42415f8d1300e5ae8e60aa3b8b'),
(8, 25, '2016-10-16 23:13:52', 1, '25e00aec7fae6f93304b085f97b24417'),
(9, 25, '2016-10-21 15:46:49', 0, 'e42d4e872a937802b4665a4f33edfdc0'),
(10, 1, '2016-10-24 14:26:30', 1, '2ea7c6999b86afb0f34bc274e78377fe'),
(11, 26, '2016-10-25 20:32:46', 0, 'c363969593e6a5f5877f57ba39b6c6b8'),
(12, 17, '2016-10-25 20:35:40', 0, '153e5dd29b32336314b501add8c66c22'),
(13, 18, '2016-10-25 21:16:10', 0, 'efce7400634541412d644743d6ac25f6'),
(14, 10, '2016-10-26 20:52:31', 0, '4fc38308296c7e50a6ec639839324839'),
(15, 4, '2016-10-26 21:32:25', 0, 'ad7dce71ebc6555dbd24bb387211f6f0'),
(16, 21, '2016-10-26 21:49:18', 0, 'f0eac881e871f806c946703600ca3c5e'),
(17, 1, '2016-10-30 14:22:07', 1, '0ba4d1d0bc01d2a5b3abdbc36e512e12'),
(19, 20, '2016-11-01 21:38:21', 0, 'ebf55141712bde19cfeffcd95798a195'),
(20, 27, '2016-11-07 15:21:29', 0, 'afc07d52111365a18ac781fec34248a1'),
(21, 28, '2016-11-07 15:22:11', 0, '9208a9e2ac65991453d4141f8b81f60b'),
(22, 29, '2016-11-07 15:24:21', 0, '2ab7a6b1c9a70288a4ad50e9eb365e79'),
(23, 30, '2016-11-07 15:25:28', 0, 'f73d77b6f506942343688f9f08fb6763'),
(24, 31, '2016-11-07 15:27:56', 0, 'b89d9049f35e02b2be57aea2b2c393e7'),
(25, 31, '2016-11-07 15:46:28', 0, 'a7369773cfc392c5516570ee3194fa4a'),
(26, 31, '2016-11-07 15:48:25', 0, '8404f98d15e6d29004dba69258c3df78'),
(27, 33, '2016-11-08 21:05:25', 0, 'f5fbb3cb62813bac844d67538329427c'),
(28, 35, '2016-11-08 21:09:50', 0, '36f9dad86eb76cf3bab210ceb124ff56'),
(29, 36, '2016-11-08 21:30:53', 0, 'd5b62cc95af721dfda31f17894a9588d'),
(30, 37, '2016-11-08 21:31:11', 0, 'f728b6208601578418163ad16b8b820b'),
(31, 38, '2016-11-08 21:32:51', 0, 'a71301bb1e5d448cd5955fe0809bc6c8'),
(32, 39, '2016-11-08 21:41:16', 0, '3a2048f8a7fed285b5c8c23065bfc38b'),
(33, 39, '2016-11-08 21:48:55', 0, 'f6ad918fa6119c9274c0d24f1c721f36'),
(34, 39, '2016-11-08 21:54:03', 0, '5ce8d5e818112df5f9ff8683747fa897'),
(35, 39, '2016-11-21 17:29:37', 0, '5848191469dcdc741db9e59bc64918e8'),
(36, 39, '2016-11-26 09:58:17', 0, 'a3d7f67c4ad85df76040cbfd26bbebdb'),
(37, 39, '2016-11-26 09:59:25', 0, 'f6d8fd657b5787a71944df2ab7a62944'),
(38, 39, '2016-11-26 09:59:26', 0, '9c2ad050429b4e3faf963ffa438bae94'),
(39, 39, '2016-11-26 09:59:27', 0, 'd624917033825fbc54f593a60f9550a9'),
(40, 39, '2016-11-26 16:58:57', 0, '055e1bd4dfd5c75d8c703828872f86ea'),
(41, 41, '2016-11-26 17:05:43', 0, 'a64c21286cfa38d33d968455b9161f49'),
(42, 42, '2016-11-26 17:27:42', 0, '3bf2a1ab3cf583147e8a18bd229c04a1'),
(43, 43, '2016-11-26 17:39:27', 0, '269e814fd83b168bf1e6dd01a79b430b'),
(44, 44, '2016-11-26 17:47:15', 0, 'b6addece4dbb3af3ddbce83d84a00fae'),
(45, 45, '2016-11-26 17:48:23', 0, 'a87b9fbd17794d3020305c6aa5595f91'),
(46, 46, '2016-11-26 17:49:12', 0, '01fb5f6b7b1899aa004f9bb7a1882ea3'),
(47, 47, '2016-11-26 17:53:53', 0, 'd88f865e0df2dd17ca1cc5d3309685d8'),
(48, 48, '2016-11-26 17:54:14', 0, '6bb098181cba7882fd6f5d7742835840'),
(49, 39, '2016-11-26 17:57:32', 0, 'af897e542e6bf98aece10ccd99a4c88b'),
(50, 39, '2016-11-26 17:59:08', 0, 'e7ef677f215ee3766b022ce60170ed6e'),
(51, 39, '2016-11-27 21:36:06', 0, '9a8c2a34067faaf385ebd84914828a86'),
(52, 39, '2016-12-05 14:12:50', 0, '2d461ebf6c5364e366e759f234d9434e'),
(53, 49, '2016-12-05 14:14:19', 0, '043da28f1abe8a9acd757b23384c0537'),
(54, 39, '2016-12-20 12:32:35', 0, '1e98aeda42e57c96878793b97c9faac8'),
(55, 39, '2016-12-20 12:55:57', 0, '87877fee262f276d792c60dfaf83ed91'),
(56, 39, '2016-12-20 22:17:33', 0, 'bab4a2529ada6716d5450c9f53c88479'),
(57, 39, '2016-12-20 22:52:29', 0, '406fff160a49e6ac6ded24fe96da1c24'),
(58, 50, '2016-12-20 22:56:35', 0, '1cdcd39e06d90483ffb0dc73638f3c40'),
(59, 39, '2016-12-20 23:00:58', 0, 'b74d955a2312d1871763e302e0297130'),
(60, 39, '2016-12-20 23:05:55', 0, 'a809c4e49494e95bf07d3f7ef015a8c9'),
(61, 39, '2016-12-24 00:20:20', 0, 'cF2WUPLJeagJ8Ut05oVsX8UO1G2njjZlU3MP4/aI7V/qZiFpRY2Pao3pZip/dmykhQDNhYjFXWp/TIpKbBFpoA=='),
(62, 39, '2016-12-24 00:24:57', 0, 'sn/yv1TijVcqin9FrIPDScUO1G2njjZlU3MP4/aI7V/qZiFpRY2Pajeh5YsSBbLbHrqhvKOBa9l/TIpKbBFpoA=='),
(63, 64, '2016-12-24 01:32:36', 0, 'O55iHms96MgbMyRqdODXmExc9/lkvIiuxrEAKgJzArewWl5GGlBVevB2/4ljvwyumGqvStuf1bQKXZ7oJwesAQ=='),
(64, 65, '2016-12-24 01:37:20', 0, 'NMvKfMq8s39MZg/Lx6+Z7sMhOnV2AhNfLn6K1diH+UR8T0LaK/dVcWFklZ2/8rtyYD4sFGRF9OujpCYXi+iOng=='),
(65, 66, '2017-01-04 16:32:44', 0, 'unxcpY9V6O6JiooRBUXkAfCEIJh2hp1DlHMRBNf6wbNUKfUN7vkRz1gVOqaG0Y/KeuaXr3XF1co='),
(66, 66, '2017-01-04 17:00:01', 0, 'BAb4vPQvzN7fpAsHNTuewPCEIJh2hp1DlHMRBNf6wbNUKfUN7vkRz3NvIxatEqVFeuaXr3XF1co='),
(67, 66, '2017-01-04 17:24:06', 0, '8G1z7kT2+/Ee6mKqzymR2wfQTXCRgijLj0hslw33O9x6ohVRg0A0n/mqGFAppRKC5NmRjwN0AJQ='),
(68, 66, '2017-01-04 17:31:19', 0, 'zsQFgDXRR2RH39HduJZrScMhOnV2AhNfLn6K1diH+UR8T0LaK/dVcW77mYl+6FaZJ2dKHVGD36+jpCYXi+iOng=='),
(69, 66, '2017-01-04 17:33:22', 0, 'r0rPfHjojpsNnhff7i8F7hpVb0MTbG+YVrsBrSwvdz/2Gz+wvu8I2uTlsIXcscScx6wuZJqW1217rIcx2w0tDw=='),
(70, 66, '2017-01-04 19:59:34', 0, 'Ns/OfWZD6PRDAVvLCyfiUcMhOnV2AhNfLn6K1diH+UR8T0LaK/dVcfk94sGBeWWz3WEIGvLIkC2jpCYXi+iOng=='),
(71, 66, '2017-01-04 20:25:16', 0, 'PtMDsJW1hZtxxLcFnbxuYRpVb0MTbG+YVrsBrSwvdz/2Gz+wvu8I2gCoCRR2H+yg9PeNoT1vaAF7rIcx2w0tDw=='),
(72, 66, '2017-01-04 20:38:50', 0, 'ax8aiH0YUt+Csx9i8t/6+BpVb0MTbG+YVrsBrSwvdz/2Gz+wvu8I2mHyTzM8FmAy/fSAS7vWohF7rIcx2w0tDw=='),
(73, 1, '2017-01-04 20:45:08', 1, '2YVL+t4RLTB3t/f6piiwlcMhOnV2AhNfLn6K1diH+UR8T0LaK/dVcZ75mvQhlhQi0FY5CNZAmiujpCYXi+iOng=='),
(74, 1, '2017-01-04 20:51:11', 1, 'tqvnIQdq1JxXc2xS0dFlk8MhOnV2AhNfLn6K1diH+UR8T0LaK/dVcdAAjXehDx1990o5gvoUp7yjpCYXi+iOng=='),
(75, 1, '2017-01-04 21:02:05', 1, 'xIZkPR107ky7RcaZDmPqXsMhOnV2AhNfLn6K1diH+UR8T0LaK/dVcZVBCjv8SvqnceueryWXW72jpCYXi+iOng=='),
(76, 1, '2017-01-04 21:06:39', 1, 'hRmNKodChhEiFN+VOharr8MhOnV2AhNfLn6K1diH+UR8T0LaK/dVcejXKKibHKFkQbB79pRSMHujpCYXi+iOng=='),
(77, 1, '2017-01-04 21:15:03', 1, 'g8wfG9zbIKS8wY4882B1HxpVb0MTbG+YVrsBrSwvdz/2Gz+wvu8I2kb4jF7UWpxw2vjG//N2EMl7rIcx2w0tDw=='),
(78, 1, '2017-01-04 21:18:24', 1, 'x0tBM0UOu8bjBIUQk90o6MMhOnV2AhNfLn6K1diH+UR8T0LaK/dVca6A8gqpBQqsdnuP0Zra5dKjpCYXi+iOng=='),
(79, 67, '2017-01-04 23:26:57', 0, 'Y33uVQx4Ml7rYHKFA3sbpxpVb0MTbG+YVrsBrSwvdz/2Gz+wvu8I2rlRRG/lkNWALcsBzpF5Bq17rIcx2w0tDw=='),
(80, 68, '2017-01-04 23:27:50', 0, 'Tdrb6msnp4OEbPQH12hL4sMhOnV2AhNfLn6K1diH+UR8T0LaK/dVceafYWfAmslm54Jaz5u2aCujpCYXi+iOng=='),
(81, 69, '2017-01-04 23:28:47', 0, 'qycqazZ8X2h39pd+gVKABsMhOnV2AhNfLn6K1diH+UR8T0LaK/dVcVTGgQj+j5RBRw7MPB3LhdqjpCYXi+iOng=='),
(82, 70, '2017-01-04 23:29:35', 0, '2aFqseqFyGtA7ZbI0v1W+hpVb0MTbG+YVrsBrSwvdz/2Gz+wvu8I2qLuQ/QRULm0yQRXairXUud7rIcx2w0tDw=='),
(83, 71, '2017-01-04 23:31:07', 0, 'wzPWiPhYg1Ld67ovyeG4K8MhOnV2AhNfLn6K1diH+UR8T0LaK/dVcZMGrlg7bYSJOm08c/ECFoKjpCYXi+iOng=='),
(84, 1, '2017-01-05 00:23:46', 1, 'tjcVN0jEy6214f1FKyk4BsMhOnV2AhNfLn6K1diH+UR8T0LaK/dVcW3Uy4bbeOsFsyrQvcyHSs6jpCYXi+iOng=='),
(85, 1, '2017-01-05 00:24:05', 1, 'uFIbUmdTCJOaKKuu5QyS/vCEIJh2hp1DlHMRBNf6wbNUKfUN7vkRz7PkqAUYU0UeQ2vuIbgVtAI='),
(86, 1, '2017-01-05 00:24:15', 1, 'MAW5z+jZ9GPLpwkWjVAx78MhOnV2AhNfLn6K1diH+UR8T0LaK/dVcQOyx5B/FZy4pgToi9503JejpCYXi+iOng=='),
(87, 1, '2017-01-05 00:25:39', 1, 'Ia86+HsoxQBx2V9Cip9xrxpVb0MTbG+YVrsBrSwvdz/2Gz+wvu8I2uaU0mP2eRhvAxa65VqdYJx7rIcx2w0tDw=='),
(88, 1, '2017-01-05 00:26:12', 1, 'udttIf/xle7iSUQnZ665rBpVb0MTbG+YVrsBrSwvdz/2Gz+wvu8I2pt0HxneOYode+BWIvokDvB7rIcx2w0tDw=='),
(89, 1, '2017-01-05 00:26:29', 1, '1EibP6QXHCCgJ/Oi+R6OT8MhOnV2AhNfLn6K1diH+UR8T0LaK/dVcWqyVQ3qlEK0izEjLh98lE6jpCYXi+iOng=='),
(90, 1, '2017-01-05 00:26:41', 1, 'OpvUxMtk49yCsx9i8t/6+BpVb0MTbG+YVrsBrSwvdz/2Gz+wvu8I2taoSZvF8p9gLqPpQXr6sXZ7rIcx2w0tDw=='),
(91, 1, '2017-01-05 00:27:59', 1, '1xSLYiLtTc3GqPpI5FhLCRpVb0MTbG+YVrsBrSwvdz/2Gz+wvu8I2gLJU/iJoDene+BWIvokDvB7rIcx2w0tDw=='),
(92, 1, '2017-01-05 00:28:14', 1, 'xh76aDwNphdJtuInOPcPkBpVb0MTbG+YVrsBrSwvdz/2Gz+wvu8I2pqv9Ih81RK49gOraSU1B9V7rIcx2w0tDw=='),
(93, 1, '2017-01-05 00:31:13', 1, 'DN9YhW0vqB8u8Yd3xjV6msMhOnV2AhNfLn6K1diH+UR8T0LaK/dVcTibjYUt0uEFNKms2enI54WjpCYXi+iOng=='),
(94, 1, '2017-01-05 00:39:38', 1, 'SgagRLsecdGcdc1KGNdUmfCEIJh2hp1DlHMRBNf6wbNUKfUN7vkRzxWAzqPJ90mGQ2vuIbgVtAI='),
(95, 1, '2017-01-05 00:40:30', 1, 'ssZfSecfUkTs4kK75iMnQRpVb0MTbG+YVrsBrSwvdz/2Gz+wvu8I2ruCEilXM/kvo6RMWM88+g17rIcx2w0tDw=='),
(96, 1, '2017-01-05 00:41:57', 1, 'X4IzpNl/OLAW9qeW5aUc8cMhOnV2AhNfLn6K1diH+UR8T0LaK/dVcfSXMlVk0NElcLmUKOH6sw6jpCYXi+iOng=='),
(97, 1, '2017-01-05 00:43:45', 1, 'nREJh55HtB9kefh37n0QAPCEIJh2hp1DlHMRBNf6wbNUKfUN7vkRz1PmZrEQzk1iQ2vuIbgVtAI='),
(98, 1, '2017-01-05 00:47:05', 1, '2JeZvkGb6P7jBIUQk90o6MMhOnV2AhNfLn6K1diH+UR8T0LaK/dVcQTDfWbPLyb5Pg1aBIz4G3ijpCYXi+iOng=='),
(99, 1, '2017-01-05 00:50:17', 1, 'Hikj8UgHXN44DxjkJRsktBpVb0MTbG+YVrsBrSwvdz/2Gz+wvu8I2nOYdqNI/2InLqPpQXr6sXZ7rIcx2w0tDw=='),
(100, 1, '2017-01-05 00:52:52', 1, '6SGU/S6j6VVuoxqssbrgLBpVb0MTbG+YVrsBrSwvdz/2Gz+wvu8I2orpF27jE3fefXcyrElWFOp7rIcx2w0tDw=='),
(101, 1, '2017-01-05 00:53:17', 1, '5qbbPPUIzcV2Elwr5YKgwBpVb0MTbG+YVrsBrSwvdz/2Gz+wvu8I2msnigseq9ue9gOraSU1B9V7rIcx2w0tDw=='),
(102, 1, '2017-01-05 00:53:31', 1, 'aVgQXxZF3uHGqPpI5FhLCRpVb0MTbG+YVrsBrSwvdz/2Gz+wvu8I2rk0vgNg5psojgieV96+Sgt7rIcx2w0tDw=='),
(103, 1, '2017-01-05 00:56:54', 1, '2bA5iOwOAndWjtume09gFxpVb0MTbG+YVrsBrSwvdz/2Gz+wvu8I2qcLhCZ18dHCo6RMWM88+g17rIcx2w0tDw=='),
(104, 1, '2017-01-05 01:03:34', 1, 'v4v6yO46mV5YofM/YvePKcMhOnV2AhNfLn6K1diH+UR8T0LaK/dVcQqVLIsX2KcsTTQ1hCUp0dSjpCYXi+iOng=='),
(105, 1, '2017-01-05 09:46:43', 1, 'ZDE5XbO0Jt2JfLxGYS685MMhOnV2AhNfLn6K1diH+UR8T0LaK/dVcWFElHLhJ0uFWQpV1GHOwB2jpCYXi+iOng=='),
(106, 1, '2017-01-05 10:05:07', 1, 'zHonOdnokJaJiooRBUXkAfCEIJh2hp1DlHMRBNf6wbNUKfUN7vkRz+UrA6ZYTOuzQ2vuIbgVtAI='),
(107, 1, '2017-01-05 10:08:55', 1, '8SowxeX1vMJRwamTgL41ohpVb0MTbG+YVrsBrSwvdz/2Gz+wvu8I2iuGDoo6A5CM2vjG//N2EMl7rIcx2w0tDw=='),
(108, 1, '2017-01-05 10:13:00', 1, 'VNewsRkAHRmq75rNNuPfgsMhOnV2AhNfLn6K1diH+UR8T0LaK/dVcZ+CEmRoG7naf8LSVvtRusWjpCYXi+iOng=='),
(109, 1, '2017-01-05 10:19:56', 1, 'zOqnYsX6Yc+f5szJ3HvdNhpVb0MTbG+YVrsBrSwvdz/2Gz+wvu8I2qgGn0WFTvuee+BWIvokDvB7rIcx2w0tDw=='),
(110, 1, '2017-01-05 10:28:19', 1, 'QSqm5q7iZa5WnSwG/16FoMMhOnV2AhNfLn6K1diH+UR8T0LaK/dVcdpx6whNHTjPL5XX7t+Yh2qjpCYXi+iOng=='),
(111, 1, '2017-01-05 10:30:22', 1, '3q0COcgHt3dA7ZbI0v1W+hpVb0MTbG+YVrsBrSwvdz/2Gz+wvu8I2k6RLMR7uWRDa5sr9eEzTtx7rIcx2w0tDw=='),
(112, 1, '2017-01-05 10:32:15', 1, 'yRJaOhlDKj1vJ4/BvNQ4TPCEIJh2hp1DlHMRBNf6wbNUKfUN7vkRz2pGFYIYpbvfQ2vuIbgVtAI='),
(113, 1, '2017-01-05 10:33:51', 1, 'BE+x3XoQ/FwoAXhTEdhBFRpVb0MTbG+YVrsBrSwvdz/2Gz+wvu8I2tFnl0pzVy9DjgieV96+Sgt7rIcx2w0tDw=='),
(114, 1, '2017-01-05 10:37:38', 1, 'cnYgYa2zfOffpAsHNTuewPCEIJh2hp1DlHMRBNf6wbNUKfUN7vkRzxfaAhpC8FKgQ2vuIbgVtAI='),
(115, 1, '2017-01-05 10:45:28', 1, '/+hJ5NGS2Bnja4TTMBj42sMhOnV2AhNfLn6K1diH+UR8T0LaK/dVcXv64LyXLvE33fmCNZfg/bCjpCYXi+iOng=='),
(116, 1, '2017-01-05 10:47:11', 1, 'jn1T+ckIMn5hRyyoIxpwV8MhOnV2AhNfLn6K1diH+UR8T0LaK/dVcUfsw4KrRNmoAO+hDYEg9zGjpCYXi+iOng=='),
(117, 1, '2017-01-05 10:48:29', 1, 'Xr0qMrc10/MJJPpJkJu6xxpVb0MTbG+YVrsBrSwvdz/2Gz+wvu8I2pS3Mb+7+KpMo6RMWM88+g17rIcx2w0tDw=='),
(118, 1, '2017-01-05 10:51:55', 1, 'YAXaDd0JpPeaKKuu5QyS/vCEIJh2hp1DlHMRBNf6wbNUKfUN7vkRzzqdHBkMDDkbQ2vuIbgVtAI='),
(119, 1, '2017-01-05 10:52:14', 1, 'qC+0El41qUqEc5L6Ui2dnhpVb0MTbG+YVrsBrSwvdz/2Gz+wvu8I2rgVDaNfX2jomZE95gFhV357rIcx2w0tDw=='),
(120, 1, '2017-01-05 10:55:27', 1, 'i8KAzjW/wlqfcmGgzfLo8MMhOnV2AhNfLn6K1diH+UR8T0LaK/dVcX1hD4PNEDPJK1e2njF+O1GjpCYXi+iOng=='),
(121, 1, '2017-01-05 10:59:45', 1, 'pAYCH+hZ5WYNnhff7i8F7hpVb0MTbG+YVrsBrSwvdz/2Gz+wvu8I2mZljovvyM1ojgieV96+Sgt7rIcx2w0tDw=='),
(122, 1, '2017-01-05 11:00:53', 1, 'Z+fgqNvkRM8lu6q2s/ikscMhOnV2AhNfLn6K1diH+UR8T0LaK/dVcW5koxsBtyt5AO+hDYEg9zGjpCYXi+iOng=='),
(123, 1, '2017-01-05 11:03:14', 1, 'JfAZIlNDdxj8NQjRLXMKzhpVb0MTbG+YVrsBrSwvdz/2Gz+wvu8I2lY86X0nibOG9gOraSU1B9V7rIcx2w0tDw=='),
(124, 1, '2017-01-05 11:09:49', 1, 'sQ6CAgnlIykbo0l5MrXSQBpVb0MTbG+YVrsBrSwvdz/2Gz+wvu8I2syjIQRlYVTv9gOraSU1B9V7rIcx2w0tDw=='),
(125, 1, '2017-01-05 11:11:17', 1, 'Y7tbXcMd23Ar3sYbBLmObhpVb0MTbG+YVrsBrSwvdz/2Gz+wvu8I2mFhBMsZmZfrAxa65VqdYJx7rIcx2w0tDw=='),
(126, 1, '2017-01-05 11:15:11', 1, 'hj9dAjmobvs2cUGCHYbxR8MhOnV2AhNfLn6K1diH+UR8T0LaK/dVcXILCAO8xDYpWUno33TDo3ejpCYXi+iOng=='),
(127, 1, '2017-01-05 11:17:26', 1, 'ESC9D2n4pbzybjtgCiImgMMhOnV2AhNfLn6K1diH+UR8T0LaK/dVce+PjpJ89LJ8WUno33TDo3ejpCYXi+iOng=='),
(128, 1, '2017-01-05 11:20:09', 1, 'WG2aZzCkUGMaiUqH5wMfSMMhOnV2AhNfLn6K1diH+UR8T0LaK/dVcYoAWXw5SabrIbUuBX/0o+ajpCYXi+iOng=='),
(129, 1, '2017-01-05 11:20:27', 1, '9ocLfA8RZwE4azgRnmar+vCEIJh2hp1DlHMRBNf6wbNUKfUN7vkRz45UsgnftLIyQ2vuIbgVtAI='),
(130, 1, '2017-01-05 11:20:50', 1, 'zv29Ja6OXjSLVpiNAS9pOxpVb0MTbG+YVrsBrSwvdz/2Gz+wvu8I2g2WhkWRrFqHo6RMWM88+g17rIcx2w0tDw=='),
(131, 1, '2017-01-05 11:21:22', 1, 'k5J09c9yulYe6mKqzymR2wfQTXCRgijLj0hslw33O9yj6Skr/eGXO6JDVhhZdJJi1RXzzLIInfI='),
(132, 1, '2017-01-05 11:25:35', 1, 'RMOmEN8YlX/ian9uYoHJpsMhOnV2AhNfLn6K1diH+UR8T0LaK/dVcdRkIb0M0BWUHSLdlsxvEQSjpCYXi+iOng=='),
(133, 1, '2017-01-05 11:26:06', 1, 'I2qETU+22veyBbc+anhophpVb0MTbG+YVrsBrSwvdz/2Gz+wvu8I2h02zFDpSEjbo6RMWM88+g17rIcx2w0tDw=='),
(134, 1, '2017-01-05 11:29:50', 1, 'etvvlyuntj/FgIRuyhR9bcMhOnV2AhNfLn6K1diH+UR8T0LaK/dVcYsSdYegi3velxclH05QLLOjpCYXi+iOng=='),
(135, 1, '2017-01-05 11:34:12', 1, 'RQn9S3C9/0ZH1WD61bnMghpVb0MTbG+YVrsBrSwvdz/2Gz+wvu8I2q2sIg1VGFnqe+BWIvokDvB7rIcx2w0tDw=='),
(136, 1, '2017-01-05 11:36:39', 1, 'Et0ZZPnZmjP2ybn3DaguWBpVb0MTbG+YVrsBrSwvdz/2Gz+wvu8I2g76cjyE7P/G9gOraSU1B9V7rIcx2w0tDw=='),
(137, 72, '2017-01-05 11:38:34', 0, 'EXhlW1NHzwcAZhipsEYfMcMhOnV2AhNfLn6K1diH+UR8T0LaK/dVcQmFj1y9sLfI5KsmcsgEvyijpCYXi+iOng=='),
(138, 1, '2017-01-05 11:38:37', 1, 'vRu9eQGUYS9kefh37n0QAPCEIJh2hp1DlHMRBNf6wbNUKfUN7vkRz5DxgQCXIj/hQ2vuIbgVtAI='),
(139, 73, '2017-01-05 11:40:04', 0, 'WTKe6IqS4hKoSQen4UkUgMMhOnV2AhNfLn6K1diH+UR8T0LaK/dVcdR4PWDoqfUw0PX8QJpdkBmjpCYXi+iOng=='),
(140, 1, '2017-01-05 11:40:18', 1, 'zBR55JSq9v78NQjRLXMKzhpVb0MTbG+YVrsBrSwvdz/2Gz+wvu8I2px/p8+IirSnfXcyrElWFOp7rIcx2w0tDw=='),
(141, 74, '2017-01-05 11:40:48', 0, 'y2VaLHUX+dv57vV5k2ZKOPCEIJh2hp1DlHMRBNf6wbNUKfUN7vkRzx6LDIWbCOldxuG6Dud91vI='),
(142, 1, '2017-01-05 11:52:43', 1, 'sgfcKudlvvGcdc1KGNdUmfCEIJh2hp1DlHMRBNf6wbNUKfUN7vkRz/yktE7OiQvBQ2vuIbgVtAI='),
(143, 1, '2017-01-05 11:54:04', 1, 'yfQkRQ/ZuRLfpAsHNTuewPCEIJh2hp1DlHMRBNf6wbNUKfUN7vkRz3GrnkKNJTdEQ2vuIbgVtAI='),
(144, 1, '2017-01-05 11:57:46', 1, 'DyQHnOVUPs8FvJqf4Oqo2vCEIJh2hp1DlHMRBNf6wbNUKfUN7vkRz2+xw7oeLcWFQ2vuIbgVtAI='),
(145, 1, '2017-01-05 11:58:22', 1, 'EX08cEyc+Fx/bqXIWGfJsMMhOnV2AhNfLn6K1diH+UR8T0LaK/dVceUsVtCPIEOVDlzZKOxeX8WjpCYXi+iOng=='),
(146, 1, '2017-01-05 11:58:44', 1, 'cacXAbWCnxXm2hqRa6YemhpVb0MTbG+YVrsBrSwvdz/2Gz+wvu8I2mlRkmNlvPwu2vjG//N2EMl7rIcx2w0tDw=='),
(147, 1, '2017-01-05 11:58:55', 1, 'o6jupyocSzue+iDim4HJfRpVb0MTbG+YVrsBrSwvdz/2Gz+wvu8I2o6uf1trSTfRLqPpQXr6sXZ7rIcx2w0tDw=='),
(148, 1, '2017-01-05 12:01:11', 1, 'ks6qFMQkNqXGqPpI5FhLCRpVb0MTbG+YVrsBrSwvdz/2Gz+wvu8I2g9hd25rqlGrfXcyrElWFOp7rIcx2w0tDw=='),
(149, 1, '2017-01-05 12:01:36', 1, 'btWJ/QmGV35fj7b0vg7JFMMhOnV2AhNfLn6K1diH+UR8T0LaK/dVce8PSbUrB9xMHSLdlsxvEQSjpCYXi+iOng=='),
(150, 1, '2017-01-05 12:02:59', 1, 'xzk6JFAl2EJvJ4/BvNQ4TPCEIJh2hp1DlHMRBNf6wbNUKfUN7vkRz5NhwXq+rRNsQ2vuIbgVtAI='),
(151, 1, '2017-01-05 12:04:31', 1, 'KTW7YWnAzM3H2I8Zjo3YshpVb0MTbG+YVrsBrSwvdz/2Gz+wvu8I2l35CrWZLPmYe+BWIvokDvB7rIcx2w0tDw=='),
(152, 1, '2017-01-05 12:05:27', 1, '5caDzP6akW9oCuY4aMlTIxpVb0MTbG+YVrsBrSwvdz/2Gz+wvu8I2v+jsZHV35yG2vjG//N2EMl7rIcx2w0tDw=='),
(153, 1, '2017-01-05 12:05:39', 1, 'E5qthLuXBs8CmjuCZjiYZxpVb0MTbG+YVrsBrSwvdz/2Gz+wvu8I2hR7siY2aq33fXcyrElWFOp7rIcx2w0tDw=='),
(154, 1, '2017-01-05 12:06:51', 1, 'kNc45sCdQ/HH4cdbq8m2XhpVb0MTbG+YVrsBrSwvdz/2Gz+wvu8I2o1+lFhzxJuW9gOraSU1B9V7rIcx2w0tDw=='),
(155, 1, '2017-01-05 12:07:15', 1, '/IZMwr/CObBHc2mMiUiXpsMhOnV2AhNfLn6K1diH+UR8T0LaK/dVcVA4qwXWkJbJIEkdJhAxTnajpCYXi+iOng=='),
(156, 1, '2017-01-05 12:09:44', 1, 'vgR5VFh1zoM4azgRnmar+vCEIJh2hp1DlHMRBNf6wbNUKfUN7vkRz61F1YAKH2GjQ2vuIbgVtAI='),
(157, 1, '2017-01-05 12:13:25', 1, 'vZik49wG20gJJPpJkJu6xxpVb0MTbG+YVrsBrSwvdz/2Gz+wvu8I2mgB3AHUPTHNAxa65VqdYJx7rIcx2w0tDw=='),
(158, 1, '2017-01-05 12:14:58', 1, 'i737Va7TfmaRNlAWk3DsaRpVb0MTbG+YVrsBrSwvdz/2Gz+wvu8I2lxHger6IYYue+BWIvokDvB7rIcx2w0tDw=='),
(159, 1, '2017-01-05 12:18:39', 1, 'kH1GXWDwz+8OxK+Y428j/xpVb0MTbG+YVrsBrSwvdz/2Gz+wvu8I2s6owgB6gvthjgieV96+Sgt7rIcx2w0tDw=='),
(160, 1, '2017-01-05 12:18:56', 1, 'xL6oX4GYmaIiq1iZtkQPYxpVb0MTbG+YVrsBrSwvdz/2Gz+wvu8I2mWSYChnDqAijgieV96+Sgt7rIcx2w0tDw=='),
(161, 1, '2017-01-05 12:23:03', 1, 'yXvdnYnDymWaKKuu5QyS/vCEIJh2hp1DlHMRBNf6wbNUKfUN7vkRz3esWMZXPxjAQ2vuIbgVtAI='),
(162, 1, '2017-01-05 12:23:12', 1, '+HEBvQ8MU9E0khjQp0/dGRpVb0MTbG+YVrsBrSwvdz/2Gz+wvu8I2mzhZiNpN7wPAxa65VqdYJx7rIcx2w0tDw=='),
(163, 1, '2017-01-05 12:25:26', 1, 'u33J2gs7xVkjwwLnuLhMqRpVb0MTbG+YVrsBrSwvdz/2Gz+wvu8I2pSH59Wx8USVjgieV96+Sgt7rIcx2w0tDw=='),
(164, 1, '2017-01-05 12:26:58', 1, 'jky5/B3aVf5wi25NF28008MhOnV2AhNfLn6K1diH+UR8T0LaK/dVcVqLRGH6T9XTzIqYA+cFJJyjpCYXi+iOng=='),
(165, 1, '2017-01-05 12:30:22', 1, 'sdOJCNSoQmTm2hqRa6YemhpVb0MTbG+YVrsBrSwvdz/2Gz+wvu8I2gAT3FdeeBGd2vjG//N2EMl7rIcx2w0tDw=='),
(166, 1, '2017-01-05 12:31:07', 1, 'ckTNv7gVVOZcB4xEGOAABBpVb0MTbG+YVrsBrSwvdz/2Gz+wvu8I2lMu+NYpevxDAxa65VqdYJx7rIcx2w0tDw=='),
(167, 1, '2017-01-05 12:32:29', 1, 'e2fW3YgIVO8Yd6EQ4aWFGMMhOnV2AhNfLn6K1diH+UR8T0LaK/dVcbjI4u8OeG6dI23vm1Teg9GjpCYXi+iOng=='),
(168, 1, '2017-01-05 12:37:58', 1, 'LygCWhM2lmmva6qDT3PBu8MhOnV2AhNfLn6K1diH+UR8T0LaK/dVcQcx+1qGnjF3DlzZKOxeX8WjpCYXi+iOng=='),
(169, 1, '2017-01-05 12:41:15', 1, 'dGiqFNRbc7AiQcglcbK75sMhOnV2AhNfLn6K1diH+UR8T0LaK/dVcXpd0ociK+t1/X9NjzqtYjKjpCYXi+iOng=='),
(170, 1, '2017-01-05 12:48:20', 1, '5Srb9J94ghrZJbbDbXot+8MhOnV2AhNfLn6K1diH+UR8T0LaK/dVcby62qUTia3s/PrHNyeaUVGjpCYXi+iOng=='),
(171, 1, '2017-01-05 12:53:11', 1, 'ejwOqT4IjW8FEVEOscU6/hpVb0MTbG+YVrsBrSwvdz/2Gz+wvu8I2vGHekCoDU93fXcyrElWFOp7rIcx2w0tDw=='),
(172, 84, '2017-01-05 12:53:40', 0, '+4f+F2/okt8cWsSZvkiztMMhOnV2AhNfLn6K1diH+UR8T0LaK/dVcXJGonDgGLmuNm+4AbkDQ7ejpCYXi+iOng=='),
(173, 1, '2017-01-05 12:55:26', 1, '1vU18nHp8QQe6mKqzymR2wfQTXCRgijLj0hslw33O9wkBawB1LpTUOncTzsJKmj11RXzzLIInfI='),
(174, 1, '2017-01-05 12:56:13', 1, 'VX1YS0QsBZtgiV3gQmFj/MMhOnV2AhNfLn6K1diH+UR8T0LaK/dVcT/Xpyx52v09oLRW3O0uJDujpCYXi+iOng=='),
(175, 1, '2017-01-05 12:56:50', 1, 'wY5uV7TEmrZ2Elwr5YKgwBpVb0MTbG+YVrsBrSwvdz/2Gz+wvu8I2mrHD0/DI7wtAxa65VqdYJx7rIcx2w0tDw=='),
(176, 1, '2017-01-05 13:04:44', 1, 'eD3d5fbiGx+lrOpOKGYOnhpVb0MTbG+YVrsBrSwvdz/2Gz+wvu8I2oKpGlGHehuP9gOraSU1B9V7rIcx2w0tDw=='),
(177, 1, '2017-01-05 13:04:49', 1, 'qJPQloTvPkpuoxqssbrgLBpVb0MTbG+YVrsBrSwvdz/2Gz+wvu8I2gJsZkuENI8lo6RMWM88+g17rIcx2w0tDw=='),
(178, 1, '2017-01-05 13:04:53', 1, 'Tu3p3nQ/VGUe6mKqzymR2wfQTXCRgijLj0hslw33O9wkBawB1LpTUCmpFsCQ3DPq1RXzzLIInfI='),
(179, 1, '2017-01-05 13:07:08', 1, 'f667jd+mdN1VI3WZ5cSkR8MhOnV2AhNfLn6K1diH+UR8T0LaK/dVcUR248i2e6aY2tHLCnsBUf+jpCYXi+iOng=='),
(180, 1, '2017-01-05 13:07:13', 1, 'TPdGjnaro7U4azgRnmar+vCEIJh2hp1DlHMRBNf6wbNUKfUN7vkRzxvEJV+J5aNUQ2vuIbgVtAI='),
(181, 1, '2017-01-05 13:08:28', 1, 'jsaDLvu6lILBqnScqOQ+GBpVb0MTbG+YVrsBrSwvdz/2Gz+wvu8I2sxNfJVwANpOe+BWIvokDvB7rIcx2w0tDw=='),
(182, 1, '2017-01-05 13:08:37', 1, 'oScdPeygO6ef5szJ3HvdNhpVb0MTbG+YVrsBrSwvdz/2Gz+wvu8I2gI9aHCrSmaxmZE95gFhV357rIcx2w0tDw=='),
(183, 1, '2017-01-05 13:09:33', 1, 'poaTsTgR92Zkefh37n0QAPCEIJh2hp1DlHMRBNf6wbNUKfUN7vkRzwD/pIWr1MvxQ2vuIbgVtAI='),
(184, 1, '2017-01-05 13:15:08', 1, 'IypktSPMxFbH2I8Zjo3YshpVb0MTbG+YVrsBrSwvdz/2Gz+wvu8I2jt/MDQ/DsSxmZE95gFhV357rIcx2w0tDw=='),
(185, 1, '2017-01-05 13:21:35', 1, 'sukj5hzeIJUq0nNVHSYpLMMhOnV2AhNfLn6K1diH+UR8T0LaK/dVcQ52/LEoY/SpINzTC0M3RECjpCYXi+iOng=='),
(186, 1, '2017-01-05 13:24:07', 1, 'c5W3aMz/AE0bo0l5MrXSQBpVb0MTbG+YVrsBrSwvdz/2Gz+wvu8I2qao6xp+O3HafXcyrElWFOp7rIcx2w0tDw=='),
(187, 1, '2017-01-05 13:27:46', 1, 'VMLB8cl9mYL57vV5k2ZKOPCEIJh2hp1DlHMRBNf6wbNUKfUN7vkRz33ammMiStBqQ2vuIbgVtAI='),
(188, 1, '2017-01-05 13:29:22', 1, 'Mw0TQSZfiZ/fpAsHNTuewPCEIJh2hp1DlHMRBNf6wbNUKfUN7vkRzydhmmAn4AnwQ2vuIbgVtAI='),
(189, 1, '2017-01-05 13:30:32', 1, 'FsNJISJ3jyDmwjj1ocfhuxpVb0MTbG+YVrsBrSwvdz/2Gz+wvu8I2ngVyCYavifImZE95gFhV357rIcx2w0tDw=='),
(190, 1, '2017-01-05 13:32:40', 1, 'YokCJVPIFi7adP7whul7OxpVb0MTbG+YVrsBrSwvdz/2Gz+wvu8I2jRztfJKNKod9gOraSU1B9V7rIcx2w0tDw=='),
(191, 1, '2017-01-05 13:36:35', 1, 'eemztQl5FwvfpAsHNTuewPCEIJh2hp1DlHMRBNf6wbNUKfUN7vkRz/RhwD7kkTpHQ2vuIbgVtAI='),
(192, 1, '2017-01-05 13:38:15', 1, 'VxXkOtZSKlItYIblNbypXRpVb0MTbG+YVrsBrSwvdz/2Gz+wvu8I2jk4sFGEi59SLqPpQXr6sXZ7rIcx2w0tDw=='),
(193, 1, '2017-01-05 13:46:22', 1, 'OD7o+DS30REvXu76rewWScMhOnV2AhNfLn6K1diH+UR8T0LaK/dVcc/rie17EF8rJBuML+7nPnOjpCYXi+iOng=='),
(194, 1, '2017-01-05 13:52:03', 1, 'bsa69RRlqP8oAXhTEdhBFRpVb0MTbG+YVrsBrSwvdz/2Gz+wvu8I2tWQWrv7hOmtjgieV96+Sgt7rIcx2w0tDw=='),
(195, 1, '2017-01-05 14:00:56', 1, 'nPP8ujDaCSfJQXnIdxqzvhpVb0MTbG+YVrsBrSwvdz/2Gz+wvu8I2pJm/IcIWKHJ2vjG//N2EMl7rIcx2w0tDw=='),
(196, 1, '2017-01-05 14:01:53', 1, 'smVv46trZmTfpAsHNTuewPCEIJh2hp1DlHMRBNf6wbNUKfUN7vkRz1Jp5aCzuWCFQ2vuIbgVtAI='),
(197, 1, '2017-01-05 14:57:24', 1, 'LAy1h2RCDRuS+YQp0FdqVcMhOnV2AhNfLn6K1diH+UR8T0LaK/dVcbRTno2Fw+UpAO+hDYEg9zGjpCYXi+iOng=='),
(198, 1, '2017-01-05 14:59:00', 1, 'xfiMZxxTP+AFvJqf4Oqo2vCEIJh2hp1DlHMRBNf6wbNUKfUN7vkRz+5ZL3EiNDL2Q2vuIbgVtAI='),
(199, 1, '2017-01-05 15:02:40', 1, 'yZvK98ZQOf6aKKuu5QyS/vCEIJh2hp1DlHMRBNf6wbNUKfUN7vkRz/D82TRCcO3+Q2vuIbgVtAI='),
(200, 1, '2017-01-05 15:06:52', 1, 'mAumL0gZbImPqx6Xker1XBpVb0MTbG+YVrsBrSwvdz/2Gz+wvu8I2otTbb9EXfm6LqPpQXr6sXZ7rIcx2w0tDw=='),
(201, 1, '2017-01-05 15:09:20', 1, 'VrUymxI6YBrrEO5kFOzA5hpVb0MTbG+YVrsBrSwvdz/2Gz+wvu8I2p3YZ76tOllsLqPpQXr6sXZ7rIcx2w0tDw=='),
(202, 1, '2017-01-05 15:10:47', 1, 'BQ1/lAh2HBqLIoRMpKui8sMhOnV2AhNfLn6K1diH+UR8T0LaK/dVcfuYWtYUZwDGqOu0Sp54fgSjpCYXi+iOng=='),
(203, 1, '2017-01-05 15:17:11', 1, 'cPRQ68qLZtg9orIpLCj23cMhOnV2AhNfLn6K1diH+UR8T0LaK/dVcZgCCGGfVnX6WQpV1GHOwB2jpCYXi+iOng=='),
(204, 1, '2017-01-05 15:17:41', 1, 'CAZr/tnf8RvPJSvU+Lui6RpVb0MTbG+YVrsBrSwvdz/2Gz+wvu8I2uie98xoGKWyo6RMWM88+g17rIcx2w0tDw=='),
(205, 1, '2017-01-05 15:23:59', 1, 'a7kAhrn2OA8e6mKqzymR2wfQTXCRgijLj0hslw33O9ydU07zXMIa/2qLkPKw9zVI1RXzzLIInfI='),
(206, 1, '2017-01-05 15:24:55', 1, 'L4nrsq1KvJkFvJqf4Oqo2vCEIJh2hp1DlHMRBNf6wbMmujHblMQDjdHFMsSTuNVcQ2vuIbgVtAI='),
(207, 1, '2017-01-05 15:27:46', 1, 'bqYcHVMrmBNxxLcFnbxuYRpVb0MTbG+YVrsBrSwvdz/2Gz+wvu8I2ne0UuY9B3Ai2vjG//N2EMl7rIcx2w0tDw=='),
(208, 1, '2017-01-05 15:29:03', 1, 'yMtlcxK3COhaf40LUB8hohpVb0MTbG+YVrsBrSwvdz/2Gz+wvu8I2kYgJeYdPJRfo6RMWM88+g17rIcx2w0tDw=='),
(209, 1, '2017-01-05 15:29:16', 1, 'tKX3GyzZG2yhvtHvDV7gnhpVb0MTbG+YVrsBrSwvdz/2Gz+wvu8I2mLlM1hqRmCN9gOraSU1B9V7rIcx2w0tDw=='),
(210, 1, '2017-01-05 15:29:50', 1, '17llu/GYjLG8GZhmOdlkeBpVb0MTbG+YVrsBrSwvdz/2Gz+wvu8I2hHv6O/BBx3Pa5sr9eEzTtx7rIcx2w0tDw=='),
(211, 1, '2017-01-05 15:36:00', 1, 'bbCc+HHRbWIsM19UVellBRpVb0MTbG+YVrsBrSwvdz/2Gz+wvu8I2jla45WXjJNsfXcyrElWFOp7rIcx2w0tDw=='),
(212, 1, '2017-01-05 15:42:31', 1, 'wp/8V1cAaouaKKuu5QyS/vCEIJh2hp1DlHMRBNf6wbMmujHblMQDjewBOfM4UOBGQ2vuIbgVtAI='),
(213, 1, '2017-01-05 15:52:24', 1, 'UNwXECO/aA6noBAEOR+dSRpVb0MTbG+YVrsBrSwvdz/2Gz+wvu8I2qBdf5WPujWejgieV96+Sgt7rIcx2w0tDw=='),
(214, 1, '2017-01-05 15:53:58', 1, 'UPZZUDSDi7VO00LYDvHN+8MhOnV2AhNfLn6K1diH+UR8T0LaK/dVcWGk0VTa7dY96KQBCOiQxIajpCYXi+iOng=='),
(215, 1, '2017-01-05 15:57:53', 1, 'hCnQCvsstf5FX7cp/bX/dvCEIJh2hp1DlHMRBNf6wbMmujHblMQDjY5jEZjKUazYQ2vuIbgVtAI='),
(216, 1, '2017-01-05 16:08:58', 1, 'ZGi7h90YQt+kPWgB6Nnu5RpVb0MTbG+YVrsBrSwvdz/2Gz+wvu8I2rkmJnwXKMEYa5sr9eEzTtx7rIcx2w0tDw=='),
(217, 1, '2017-01-05 16:11:47', 1, 'Eq2yZMSfMIIKdxPAUrY4NxpVb0MTbG+YVrsBrSwvdz/2Gz+wvu8I2vMgpUraXhYl9gOraSU1B9V7rIcx2w0tDw=='),
(218, 1, '2017-01-05 16:15:37', 1, 'tQ4CR1H+Fz4e6mKqzymR2wfQTXCRgijLj0hslw33O9ydU07zXMIa/4k1dswzNR1q1RXzzLIInfI='),
(219, 1, '2017-01-05 16:22:36', 1, 'ItWgo9lQF2KJiooRBUXkAfCEIJh2hp1DlHMRBNf6wbMmujHblMQDjfT8oquEHenYQ2vuIbgVtAI='),
(220, 1, '2017-01-05 16:23:55', 1, 'YM5dYu9mawLtq8DIELr0YhpVb0MTbG+YVrsBrSwvdz/2Gz+wvu8I2gjweO0jKGd3LqPpQXr6sXZ7rIcx2w0tDw=='),
(221, 1, '2017-01-05 16:24:27', 1, 'pihIvqmiXMjGqPpI5FhLCRpVb0MTbG+YVrsBrSwvdz/2Gz+wvu8I2jCUggJu6HLxa5sr9eEzTtx7rIcx2w0tDw=='),
(222, 1, '2017-01-05 16:25:34', 1, '8WP1UfxXD5MFEVEOscU6/hpVb0MTbG+YVrsBrSwvdz/2Gz+wvu8I2oHYMScrRiPRmZE95gFhV357rIcx2w0tDw=='),
(223, 1, '2017-01-05 16:29:50', 1, 'n9mmP3MIfD9HZ1t2PAb/fRpVb0MTbG+YVrsBrSwvdz/2Gz+wvu8I2i4h3RNAQm5I9gOraSU1B9V7rIcx2w0tDw=='),
(224, 1, '2017-01-05 16:34:14', 1, 'TstKp9+3KzIe6mKqzymR2wfQTXCRgijLj0hslw33O9ydU07zXMIa/+ubbb5zbYx41RXzzLIInfI='),
(225, 1, '2017-01-05 18:04:31', 1, 'AbtYTAo7Rd6aKKuu5QyS/vCEIJh2hp1DlHMRBNf6wbMmujHblMQDjTp2uCllNlUdQ2vuIbgVtAI='),
(226, 1, '2017-01-05 18:10:04', 1, 'KXofb+0TwlEvCQ7quj+1lxpVb0MTbG+YVrsBrSwvdz/2Gz+wvu8I2lIGJGLuYf8DfXcyrElWFOp7rIcx2w0tDw=='),
(227, 1, '2017-01-05 18:10:53', 1, 'MScJ1YvfFidxxLcFnbxuYRpVb0MTbG+YVrsBrSwvdz/2Gz+wvu8I2mGCZqdFbDGuAxa65VqdYJx7rIcx2w0tDw=='),
(228, 1, '2017-01-05 18:12:16', 1, 'cSW9dDHdg+tZ94bCv/vDUMMhOnV2AhNfLn6K1diH+UR8T0LaK/dVcWY4evp+xEbcYTC+R+dd5tajpCYXi+iOng=='),
(229, 1, '2017-01-05 18:15:53', 1, '5FpnJifXRdm7hFe8X/Tx0cMhOnV2AhNfLn6K1diH+UR8T0LaK/dVcb3msBINf4QTJBuML+7nPnOjpCYXi+iOng=='),
(230, 1, '2017-01-05 18:17:13', 1, 'mnr28HL5Dn0SIoWQEQZgRsMhOnV2AhNfLn6K1diH+UR8T0LaK/dVcUwCQBqWpljIDlzZKOxeX8WjpCYXi+iOng=='),
(231, 1, '2017-01-05 18:19:20', 1, 'A53dydiDfbWAZSoh2obdLhpVb0MTbG+YVrsBrSwvdz/2Gz+wvu8I2jszFpRxHAUD2vjG//N2EMl7rIcx2w0tDw=='),
(232, 1, '2017-01-05 18:24:43', 1, '+bABP2y2Jv+aKKuu5QyS/vCEIJh2hp1DlHMRBNf6wbMmujHblMQDjbNw9i4+nr7HQ2vuIbgVtAI='),
(233, 1, '2017-01-05 18:26:39', 1, 'Up0EbUbwoXEFvJqf4Oqo2vCEIJh2hp1DlHMRBNf6wbMmujHblMQDjYJGTAxNwIueQ2vuIbgVtAI='),
(234, 82, '2017-01-05 19:02:16', 0, 'KFGrw8ltXgmAZSoh2obdLhpVb0MTbG+YVrsBrSwvdz/2Gz+wvu8I2q0H9idnoxHt5zPB9nclcwx7rIcx2w0tDw=='),
(235, 83, '2017-01-05 19:03:19', 0, 'xksBtVNKywbGqPpI5FhLCRpVb0MTbG+YVrsBrSwvdz/2Gz+wvu8I2szjLEK+k/XtoLstKTgCRVl7rIcx2w0tDw=='),
(236, 83, '2017-01-05 19:03:35', 0, 'Q1L9887sJIqyBbc+anhophpVb0MTbG+YVrsBrSwvdz/2Gz+wvu8I2g2JI6NQtH50oLstKTgCRVl7rIcx2w0tDw=='),
(237, 88, '2017-01-05 19:05:14', 0, 'dN6c3Suf8lzfpAsHNTuewPCEIJh2hp1DlHMRBNf6wbMmujHblMQDjT2aXRmyO/n0OQ30oMwM12o='),
(238, 89, '2017-01-05 19:08:07', 0, 'IJl+IPTX1nhaf40LUB8hohpVb0MTbG+YVrsBrSwvdz/2Gz+wvu8I2gETIbR1TVbV0dKfgS0TeAl7rIcx2w0tDw=='),
(239, 1, '2017-01-05 20:05:30', 1, 'kGEISJmsuXbs4kK75iMnQRpVb0MTbG+YVrsBrSwvdz/2Gz+wvu8I2tvStiRf/17xo6RMWM88+g17rIcx2w0tDw=='),
(240, 1, '2017-01-05 20:06:51', 1, 'px60JgxV8kHfpAsHNTuewPCEIJh2hp1DlHMRBNf6wbMmujHblMQDjZa0VULRecetQ2vuIbgVtAI='),
(241, 1, '2017-01-05 20:10:01', 1, '4zQbY8t+vX5vJ4/BvNQ4TPCEIJh2hp1DlHMRBNf6wbMmujHblMQDjQoc/zYdE6L8Q2vuIbgVtAI='),
(242, 1, '2017-01-05 20:11:17', 1, 'h4w2Lg/eaSvnj6VKPQNc3cMhOnV2AhNfLn6K1diH+UR8T0LaK/dVcQzD0iKlgIzre/8vwX4yfEejpCYXi+iOng=='),
(243, 1, '2017-01-05 20:12:07', 1, 'gqq6b1oDpa0Sj9ERboWl+sMhOnV2AhNfLn6K1diH+UR8T0LaK/dVcRNwmY2tGp2eWQpV1GHOwB2jpCYXi+iOng=='),
(244, 1, '2017-01-05 20:13:22', 1, '4lV5qCFzg8oFvJqf4Oqo2vCEIJh2hp1DlHMRBNf6wbMmujHblMQDjYgyfdvXXiKIQ2vuIbgVtAI='),
(245, 1, '2017-01-05 20:14:53', 1, 'Ruj+ABuqLtjLhfMP/iTVl8MhOnV2AhNfLn6K1diH+UR8T0LaK/dVcX0g0Px8qCwKGq6iNRHejTOjpCYXi+iOng=='),
(246, 1, '2017-01-05 20:22:40', 1, 'xYVDi5xgB3YoAXhTEdhBFRpVb0MTbG+YVrsBrSwvdz/2Gz+wvu8I2kUBFvlxCPlOo6RMWM88+g17rIcx2w0tDw=='),
(247, 1, '2017-01-05 20:30:02', 1, 'yUofEzoik7JA7ZbI0v1W+hpVb0MTbG+YVrsBrSwvdz/2Gz+wvu8I2hi8QplsD6sse+BWIvokDvB7rIcx2w0tDw=='),
(248, 1, '2017-01-05 20:45:07', 1, 'OTllOh7ajhAoAXhTEdhBFRpVb0MTbG+YVrsBrSwvdz/2Gz+wvu8I2lP7D1zOo+iK2vjG//N2EMl7rIcx2w0tDw=='),
(249, 1, '2017-01-05 20:46:39', 1, 'M9VtoN13vxL2ybn3DaguWBpVb0MTbG+YVrsBrSwvdz/2Gz+wvu8I2qrz+ypysSxt2vjG//N2EMl7rIcx2w0tDw=='),
(250, 1, '2017-01-05 20:51:33', 1, '1S/ohOciKZpCIr9J/GerUhpVb0MTbG+YVrsBrSwvdz/2Gz+wvu8I2mFGUO/CrZZv9gOraSU1B9V7rIcx2w0tDw=='),
(251, 1, '2017-01-05 20:53:22', 1, 'BuP8qLYjbRRmb8isjba+G8MhOnV2AhNfLn6K1diH+UR8T0LaK/dVcdELzOIJfMnkZa2CQ4CSthijpCYXi+iOng=='),
(252, 1, '2017-01-05 20:59:04', 1, 'Y06pgEfzuUF5XhPvH0cdbBpVb0MTbG+YVrsBrSwvdz/2Gz+wvu8I2mbNi+PLcBoie+BWIvokDvB7rIcx2w0tDw=='),
(253, 1, '2017-01-05 21:02:59', 1, 'Wy1xLwXEkX8ysEOfuX70bMMhOnV2AhNfLn6K1diH+UR8T0LaK/dVcVMdZNZ77/bUdCzRslRd1qujpCYXi+iOng=='),
(254, 1, '2017-01-05 21:04:49', 1, 'inoeh1X7yWikPWgB6Nnu5RpVb0MTbG+YVrsBrSwvdz/2Gz+wvu8I2kGBkRQ4SQPO2vjG//N2EMl7rIcx2w0tDw=='),
(255, 1, '2017-01-05 21:06:10', 1, 'XfSyf58tpU2e+iDim4HJfRpVb0MTbG+YVrsBrSwvdz/2Gz+wvu8I2sTfvaYQRLW3LqPpQXr6sXZ7rIcx2w0tDw=='),
(256, 1, '2017-01-05 21:07:48', 1, 'MylH3CluyArfpAsHNTuewPCEIJh2hp1DlHMRBNf6wbMmujHblMQDjWcDadYZ/XqFQ2vuIbgVtAI='),
(257, 1, '2017-01-05 21:08:59', 1, 'MT6iYnFo95qaKKuu5QyS/vCEIJh2hp1DlHMRBNf6wbMmujHblMQDjZsdLwDsfmeZQ2vuIbgVtAI='),
(258, 1, '2017-01-05 21:13:53', 1, '1zxfMvCKdeXV/BFiUptyoRpVb0MTbG+YVrsBrSwvdz/2Gz+wvu8I2nVZHjhukI+Ue+BWIvokDvB7rIcx2w0tDw=='),
(259, 1, '2017-01-05 21:15:36', 1, 'Yr5+Dr3cSQYecd+u9hIaW8MhOnV2AhNfLn6K1diH+UR8T0LaK/dVcZCt4WC7yHR0SyJ8yVrVMVGjpCYXi+iOng=='),
(260, 1, '2017-01-05 21:17:57', 1, 'fgJH5tgLIcWaKKuu5QyS/vCEIJh2hp1DlHMRBNf6wbMmujHblMQDjd9b778lFHh8Q2vuIbgVtAI='),
(261, 1, '2017-01-05 21:21:15', 1, '5pzMINSc8o68wY4882B1HxpVb0MTbG+YVrsBrSwvdz/2Gz+wvu8I2vuWAUnOupz+fXcyrElWFOp7rIcx2w0tDw=='),
(262, 1, '2017-01-05 21:25:06', 1, '2m6bnJ/m5d50GXxWDQ4ZTMMhOnV2AhNfLn6K1diH+UR8T0LaK/dVcaZC7dXGBWcDskweygAW2DWjpCYXi+iOng=='),
(263, 1, '2017-01-05 21:26:15', 1, 'nByPp7VKqfDV/BFiUptyoRpVb0MTbG+YVrsBrSwvdz/2Gz+wvu8I2rkTfYVPLaY2o6RMWM88+g17rIcx2w0tDw=='),
(264, 1, '2017-01-05 21:29:43', 1, '57fw8pjoYRtfk9hdf84aTMMhOnV2AhNfLn6K1diH+UR8T0LaK/dVcdN0pVX2p+U4L5XX7t+Yh2qjpCYXi+iOng=='),
(265, 1, '2017-01-05 21:32:34', 1, 'pX3Qf01hTpyaKKuu5QyS/vCEIJh2hp1DlHMRBNf6wbMmujHblMQDjbGU5lhyPYdFQ2vuIbgVtAI='),
(266, 1, '2017-01-05 21:36:10', 1, 'N4DB28JPkC1cB4xEGOAABBpVb0MTbG+YVrsBrSwvdz/2Gz+wvu8I2nigjQUDozGho6RMWM88+g17rIcx2w0tDw=='),
(267, 1, '2017-01-05 21:38:36', 1, 'Y7Sr77CJSj4fdfIYZnJFiRpVb0MTbG+YVrsBrSwvdz/2Gz+wvu8I2pn3oexcUQdZa5sr9eEzTtx7rIcx2w0tDw=='),
(268, 1, '2017-01-05 21:39:54', 1, 'nrXcd4AeJPzrEO5kFOzA5hpVb0MTbG+YVrsBrSwvdz/2Gz+wvu8I2tjxu14YmBAOfXcyrElWFOp7rIcx2w0tDw=='),
(269, 1, '2017-01-05 21:41:15', 1, 'NtMo66IoucqEg6qaQNkDlcMhOnV2AhNfLn6K1diH+UR8T0LaK/dVcXOLfK9ptSPWI23vm1Teg9GjpCYXi+iOng=='),
(270, 1, '2017-01-05 21:43:32', 1, 'N+OWB24u8Y2kPWgB6Nnu5RpVb0MTbG+YVrsBrSwvdz/2Gz+wvu8I2vUnjlLhf9IImZE95gFhV357rIcx2w0tDw=='),
(271, 1, '2017-01-05 21:45:42', 1, 'YaFVSArIQi0y9a5pdax1qMMhOnV2AhNfLn6K1diH+UR8T0LaK/dVcYq7rPnLzQlo493rjEIfLWmjpCYXi+iOng=='),
(272, 1, '2017-01-05 21:47:57', 1, '23m4n2ZEPNKcdc1KGNdUmfCEIJh2hp1DlHMRBNf6wbMmujHblMQDjZ1sNCYBQXHVQ2vuIbgVtAI='),
(273, 1, '2017-01-05 21:52:09', 1, 'WRzaOqkj5TxCIr9J/GerUhpVb0MTbG+YVrsBrSwvdz/2Gz+wvu8I2ts50+6h/A5RjgieV96+Sgt7rIcx2w0tDw=='),
(274, 1, '2017-01-05 22:08:07', 1, 'MCcG5QJDLZoFvJqf4Oqo2vCEIJh2hp1DlHMRBNf6wbMmujHblMQDjb/EoYTVkg3cQ2vuIbgVtAI='),
(275, 1, '2017-01-05 22:09:46', 1, 'U1nEvnvl2RAe6mKqzymR2wfQTXCRgijLj0hslw33O9yuv8nbVefuhRKed0QJg+8E1RXzzLIInfI='),
(276, 1, '2017-01-05 22:11:33', 1, '29PS5+nARGScdc1KGNdUmfCEIJh2hp1DlHMRBNf6wbMmujHblMQDjYLB41hWJJGBQ2vuIbgVtAI='),
(277, 1, '2017-01-05 22:11:59', 1, 'FIAkBA7Y8WvOPUIjdYDnchpVb0MTbG+YVrsBrSwvdz/2Gz+wvu8I2oM1mti2eWFTmZE95gFhV357rIcx2w0tDw=='),
(278, 1, '2017-01-05 22:13:55', 1, 'nJkGftzv5j0FvJqf4Oqo2vCEIJh2hp1DlHMRBNf6wbMmujHblMQDja2xtlOo9VR3Q2vuIbgVtAI='),
(279, 1, '2017-01-05 23:03:06', 1, '4QB5XqpTAzQyYJCs/spVBMMhOnV2AhNfLn6K1diH+UR8T0LaK/dVcQMeBXTxOE8ZFPnXfjIeOXSjpCYXi+iOng=='),
(280, 1, '2017-01-05 23:06:28', 1, 'vgyEbxGfvsU6q+v9s9iLo8MhOnV2AhNfLn6K1diH+UR8T0LaK/dVcZ3g2POFEKJaO/XZtRdvnUKjpCYXi+iOng=='),
(281, 1, '2017-01-06 10:03:43', 1, 'JThKAUzgJ/HH4cdbq8m2XhpVb0MTbG+YVrsBrSwvdz/2Gz+wvu8I2tEcysgpMHC9o6RMWM88+g17rIcx2w0tDw=='),
(282, 1, '2017-01-06 10:04:12', 1, 'kKRdQck0/BwOxK+Y428j/xpVb0MTbG+YVrsBrSwvdz/2Gz+wvu8I2to1ac3zNiIMo6RMWM88+g17rIcx2w0tDw=='),
(283, 1, '2017-01-06 10:08:54', 1, 'yMQBZ0/BKEzVRDElszPJOMMhOnV2AhNfLn6K1diH+UR8T0LaK/dVcXX/S+1zA1zrHSLdlsxvEQSjpCYXi+iOng=='),
(284, 1, '2017-01-06 10:10:56', 1, 'YKVwBFGdC3NA7ZbI0v1W+hpVb0MTbG+YVrsBrSwvdz/2Gz+wvu8I2jpJXBz++kvOmZE95gFhV357rIcx2w0tDw=='),
(285, 1, '2017-01-06 10:11:39', 1, 'UXLMbMMagxgiO3dkANpqhcMhOnV2AhNfLn6K1diH+UR8T0LaK/dVcdFt4xdCAlEIZL8S2MFEby6jpCYXi+iOng=='),
(286, 1, '2017-01-06 10:17:37', 1, 'u7pQSEdEHJr8NQjRLXMKzhpVb0MTbG+YVrsBrSwvdz/2Gz+wvu8I2ptLn1J1SEJyLqPpQXr6sXZ7rIcx2w0tDw=='),
(287, 1, '2017-01-06 10:25:34', 1, 'zuSaC3QKIExaf40LUB8hohpVb0MTbG+YVrsBrSwvdz/2Gz+wvu8I2jPjZnQZ+ElCe+BWIvokDvB7rIcx2w0tDw=='),
(288, 1, '2017-01-06 10:30:21', 1, 'xkgJVXf25/nfpAsHNTuewPCEIJh2hp1DlHMRBNf6wbMmujHblMQDjbIlKtWp1uY2Q2vuIbgVtAI='),
(289, 1, '2017-01-06 10:48:30', 1, 'q0u2+3nRfBjBIeq6r/X8ThpVb0MTbG+YVrsBrSwvdz/2Gz+wvu8I2plLKjJBdtsA9gOraSU1B9V7rIcx2w0tDw=='),
(290, 1, '2017-01-06 10:53:30', 1, '2EfB1XZoPjrJa+FgohvSfRpVb0MTbG+YVrsBrSwvdz/2Gz+wvu8I2juYblVrzG0Zo6RMWM88+g17rIcx2w0tDw=='),
(291, 1, '2017-01-06 10:55:42', 1, 'aIX8Wc57rDiGlPogFDVf5hpVb0MTbG+YVrsBrSwvdz/2Gz+wvu8I2hCr325ZdDb9fXcyrElWFOp7rIcx2w0tDw=='),
(292, 1, '2017-01-06 10:57:22', 1, 'gQ3RPgq3wHBvJ4/BvNQ4TPCEIJh2hp1DlHMRBNf6wbMmujHblMQDjRM5AkqkK48EQ2vuIbgVtAI='),
(293, 1, '2017-01-06 10:58:47', 1, 'r6MwvSZIIsxVJCsMwjAkFMMhOnV2AhNfLn6K1diH+UR8T0LaK/dVcbleMVjMRQ84izEjLh98lE6jpCYXi+iOng=='),
(294, 1, '2017-01-06 11:01:34', 1, 'STNVrOh5IFe49Vhz/t4MGsMhOnV2AhNfLn6K1diH+UR8T0LaK/dVcZgyyn/Gnlcki4pOFEaZBmqjpCYXi+iOng=='),
(295, 1, '2017-01-06 11:03:12', 1, 'NYAwIbUEQW/fpAsHNTuewPCEIJh2hp1DlHMRBNf6wbMmujHblMQDjcBf+c9jW3eAQ2vuIbgVtAI='),
(296, 1, '2017-01-06 11:06:38', 1, 'Jaig3pOYnF8e6mKqzymR2wfQTXCRgijLj0hslw33O9zqcpOy+89ahdnTeb9H244L1RXzzLIInfI='),
(297, 1, '2017-01-06 11:10:15', 1, 'bDwUtct3mrqdvFKFL1q7qMMhOnV2AhNfLn6K1diH+UR8T0LaK/dVcSkq8YwZH3fVOZDJubqrw4WjpCYXi+iOng=='),
(298, 1, '2017-01-06 11:12:02', 1, 'UTZh02dRB4wFvJqf4Oqo2vCEIJh2hp1DlHMRBNf6wbMmujHblMQDjXs18Lbw9n4CQ2vuIbgVtAI='),
(299, 1, '2017-01-06 11:15:00', 1, '3x9sukJc9Sme+iDim4HJfRpVb0MTbG+YVrsBrSwvdz/2Gz+wvu8I2pUDLMj+6qJ/LqPpQXr6sXZ7rIcx2w0tDw=='),
(300, 1, '2017-01-06 11:17:12', 1, 'G1InVgWvtVQ4azgRnmar+vCEIJh2hp1DlHMRBNf6wbMmujHblMQDjYqBqy8WSoyPQ2vuIbgVtAI='),
(301, 1, '2017-01-06 11:18:56', 1, 'E9iREW7rOSqaKKuu5QyS/vCEIJh2hp1DlHMRBNf6wbMmujHblMQDjRsWVC1zlwoqQ2vuIbgVtAI='),
(302, 1, '2017-01-06 11:21:35', 1, '8aav/WaJtrR/4Wzm8268vhpVb0MTbG+YVrsBrSwvdz/2Gz+wvu8I2nBGDy0g9pOWo6RMWM88+g17rIcx2w0tDw=='),
(303, 1, '2017-01-06 11:22:48', 1, 'mk9PFG30770jwwLnuLhMqRpVb0MTbG+YVrsBrSwvdz/2Gz+wvu8I2gSdkT3M6EO9o6RMWM88+g17rIcx2w0tDw=='),
(304, 1, '2017-01-06 11:23:15', 1, 'UUXKS21SbOz57vV5k2ZKOPCEIJh2hp1DlHMRBNf6wbMmujHblMQDjWXM2noVjxRmQ2vuIbgVtAI='),
(305, 1, '2017-01-06 11:25:46', 1, '/FS+62qV3Ldkefh37n0QAPCEIJh2hp1DlHMRBNf6wbMmujHblMQDjfzIMYOGGstGQ2vuIbgVtAI='),
(306, 1, '2017-01-06 11:27:25', 1, 'SW5ovQa9uXeaKKuu5QyS/vCEIJh2hp1DlHMRBNf6wbMmujHblMQDjRvpakf+s48mQ2vuIbgVtAI='),
(307, 1, '2017-01-06 11:36:14', 1, '/Htn2apuKSF2Elwr5YKgwBpVb0MTbG+YVrsBrSwvdz/2Gz+wvu8I2lHtSO02GZ/AAxa65VqdYJx7rIcx2w0tDw=='),
(308, 1, '2017-01-06 11:43:25', 1, 'CVbtz1YbC2UJJPpJkJu6xxpVb0MTbG+YVrsBrSwvdz/2Gz+wvu8I2kmOOLrOWJQjjgieV96+Sgt7rIcx2w0tDw=='),
(309, 1, '2017-01-06 19:25:13', 1, 'HW7SdPQ8FeIFEVEOscU6/hpVb0MTbG+YVrsBrSwvdz/2Gz+wvu8I2nmICPKQ4R1/fXcyrElWFOp7rIcx2w0tDw=='),
(310, 1, '2017-01-06 19:51:05', 1, 'UhbCQiv7e/mhSK1K9iuyVsMhOnV2AhNfLn6K1diH+UR8T0LaK/dVcVMvY8GLD+isZhObntmz4xijpCYXi+iOng=='),
(311, 1, '2017-01-06 19:59:41', 1, '2GF+/8ecusdFX7cp/bX/dvCEIJh2hp1DlHMRBNf6wbOiRHbIKywB2EAjD6NBRMaOQ2vuIbgVtAI='),
(312, 1, '2017-01-06 20:21:40', 1, 'MYLN39vDQvxaf40LUB8hohpVb0MTbG+YVrsBrSwvdz/2Gz+wvu8I2ofxYUe8B46nLqPpQXr6sXZ7rIcx2w0tDw=='),
(313, 1, '2017-01-06 20:26:07', 1, 'KZMqQhGVuH2lW3Zi3qmXpMMhOnV2AhNfLn6K1diH+UR8T0LaK/dVcVfkTz7f7wNlqOu0Sp54fgSjpCYXi+iOng=='),
(314, 1, '2017-01-07 00:26:07', 1, 'M49Tmv3uuRIe6mKqzymR2wfQTXCRgijLj0hslw33O9zzydYNMl+iLY9NGpg/BJgn1RXzzLIInfI='),
(315, 1, '2017-01-07 00:45:05', 1, 'OkGWiEBwTH6kPWgB6Nnu5RpVb0MTbG+YVrsBrSwvdz/2Gz+wvu8I2ln6Sx/L1pd2jgieV96+Sgt7rIcx2w0tDw=='),
(316, 1, '2017-01-07 00:45:46', 1, '9vKHPGFggzGcdc1KGNdUmfCEIJh2hp1DlHMRBNf6wbOiRHbIKywB2GxOWkZD+QcbQ2vuIbgVtAI='),
(317, 1, '2017-01-07 00:47:54', 1, 'Cm6o7biU4iAMqEb7as1p58MhOnV2AhNfLn6K1diH+UR8T0LaK/dVcfxd+p4epJULs9JVCsfHDjujpCYXi+iOng=='),
(318, 1, '2017-01-07 00:49:14', 1, 'o0/HMagvtpmaKKuu5QyS/vCEIJh2hp1DlHMRBNf6wbOiRHbIKywB2OibfuJH3lgwQ2vuIbgVtAI='),
(319, 1, '2017-01-07 00:49:31', 1, 'zO1kf81Yi7ZjhbCgf06jihpVb0MTbG+YVrsBrSwvdz/2Gz+wvu8I2hN3Py+M7pxJ2vjG//N2EMl7rIcx2w0tDw=='),
(320, 1, '2017-01-07 00:51:48', 1, '6+BtBPkwok4er3q+dl+FpRpVb0MTbG+YVrsBrSwvdz/2Gz+wvu8I2sGIWuQRjoHUAxa65VqdYJx7rIcx2w0tDw=='),
(321, 1, '2017-01-07 00:56:47', 1, 'toCDjSkYjismAcCw+Jg+lMMhOnV2AhNfLn6K1diH+UR8T0LaK/dVcWKGUFfUdlMW5TTEzpr+zr6jpCYXi+iOng=='),
(322, 1, '2017-01-07 00:57:34', 1, 'DZnvLcdbI+GJiooRBUXkAfCEIJh2hp1DlHMRBNf6wbOiRHbIKywB2Ps5K3dJav/EQ2vuIbgVtAI='),
(323, 1, '2017-01-07 00:58:35', 1, '0f0BiLg04FX+wMMfoi19kMMhOnV2AhNfLn6K1diH+UR8T0LaK/dVcda+VL6R48m0JBuML+7nPnOjpCYXi+iOng=='),
(324, 1, '2017-01-07 01:11:40', 1, 'KJZyMFBCVTlFX7cp/bX/dvCEIJh2hp1DlHMRBNf6wbOiRHbIKywB2Jeyc1z9Id2xQ2vuIbgVtAI='),
(325, 1, '2017-01-07 01:15:31', 1, 'zVUenfx7esecdc1KGNdUmfCEIJh2hp1DlHMRBNf6wbOiRHbIKywB2FRhxDfpZkddQ2vuIbgVtAI='),
(326, 1, '2017-01-07 01:20:59', 1, 'q7eH2ke3BKBPBaoPZ5T8y8MhOnV2AhNfLn6K1diH+UR8T0LaK/dVcU83akfF1x68AFMR4DND6bejpCYXi+iOng=='),
(327, 1, '2017-01-07 01:22:40', 1, 'VpATIuvsveAe6mKqzymR2wfQTXCRgijLj0hslw33O9yzQHvjPWj1McQw8aEMI96P1RXzzLIInfI='),
(328, 1, '2017-01-07 01:25:47', 1, 'Ez3ZFHqaZbM4/7XG/sLNBBpVb0MTbG+YVrsBrSwvdz/2Gz+wvu8I2gtJEk1uNXnMe+BWIvokDvB7rIcx2w0tDw=='),
(329, 1, '2017-01-07 01:39:48', 1, 'cv6XPrrAHnysUzkfaLRU5sMhOnV2AhNfLn6K1diH+UR8T0LaK/dVcXMc1ztcw/p8DlzZKOxeX8WjpCYXi+iOng=='),
(330, 1, '2017-01-07 01:41:31', 1, 'n5di1XQ8JUlFX7cp/bX/dvCEIJh2hp1DlHMRBNf6wbOiRHbIKywB2BkzyVU74sP5Q2vuIbgVtAI='),
(331, 1, '2017-01-07 01:43:55', 1, '46bkvTVxkXGGlPogFDVf5hpVb0MTbG+YVrsBrSwvdz/2Gz+wvu8I2muR8rBJeEN2LqPpQXr6sXZ7rIcx2w0tDw=='),
(332, 1, '2017-01-07 01:45:33', 1, 'tY1YDLnIXsqcdc1KGNdUmfCEIJh2hp1DlHMRBNf6wbOiRHbIKywB2NDvEpbewK2lQ2vuIbgVtAI='),
(333, 1, '2017-01-07 01:45:51', 1, 't8jWYWUFnoBvJ4/BvNQ4TPCEIJh2hp1DlHMRBNf6wbOiRHbIKywB2HgsXt4iUXfcQ2vuIbgVtAI='),
(334, 1, '2017-01-07 01:46:24', 1, 'xh06acrS9PpAl6NTXsterMMhOnV2AhNfLn6K1diH+UR8T0LaK/dVcS5PaydumBPrKcQheON2n/ijpCYXi+iOng=='),
(335, 1, '2017-01-07 01:50:42', 1, 'cRdnRqtx9Y+GlPogFDVf5hpVb0MTbG+YVrsBrSwvdz/2Gz+wvu8I2r0xykVrBvE7fXcyrElWFOp7rIcx2w0tDw=='),
(336, 1, '2017-01-07 01:52:05', 1, 's97LKVY1rKzqW6s8ptBuDsMhOnV2AhNfLn6K1diH+UR8T0LaK/dVcSlOHT9BEwDHu5P5Tx/QdgCjpCYXi+iOng=='),
(337, 1, '2017-01-07 01:53:30', 1, '2awWnkeRqH0kbQDN72KdRBpVb0MTbG+YVrsBrSwvdz/2Gz+wvu8I2vJ+y21NhyaBe+BWIvokDvB7rIcx2w0tDw=='),
(338, 1, '2017-01-07 02:02:40', 1, 'RKXL8X0k1vyt20X3Nf9al8MhOnV2AhNfLn6K1diH+UR8T0LaK/dVcd6r8PCwYSf/IE2LkASdvuCjpCYXi+iOng=='),
(339, 1, '2017-01-07 08:17:37', 1, 'OTMmJGnPtiSkPWgB6Nnu5RpVb0MTbG+YVrsBrSwvdz/2Gz+wvu8I2mPmUuPF6GFJa5sr9eEzTtx7rIcx2w0tDw=='),
(340, 1, '2017-01-07 08:18:26', 1, 'vGrb7QL7Gl85u+Bjx7gHKsMhOnV2AhNfLn6K1diH+UR8T0LaK/dVcWTRA0Ur4xWSK1e2njF+O1GjpCYXi+iOng=='),
(341, 1, '2017-01-07 08:19:58', 1, 'BXvK2CUoUW5uoxqssbrgLBpVb0MTbG+YVrsBrSwvdz/2Gz+wvu8I2uxAZvvvo8VWe+BWIvokDvB7rIcx2w0tDw=='),
(342, 1, '2017-01-07 08:23:33', 1, 'OGiFB/Jq2WlFX7cp/bX/dvCEIJh2hp1DlHMRBNf6wbOiRHbIKywB2BX5a7biOQBUQ2vuIbgVtAI='),
(343, 1, '2017-01-07 08:24:31', 1, '+ZrJkTO8rkWaKKuu5QyS/vCEIJh2hp1DlHMRBNf6wbOiRHbIKywB2PNayCqtojUVQ2vuIbgVtAI='),
(344, 1, '2017-01-08 00:25:55', 1, 'mQlih7VAFQ2JiooRBUXkAfCEIJh2hp1DlHMRBNf6wbM5/kSv+wf3oL11waq0tb9JQ2vuIbgVtAI='),
(345, 1, '2017-01-08 00:31:19', 1, '5uVDRof2u99HZ1t2PAb/fRpVb0MTbG+YVrsBrSwvdz/2Gz+wvu8I2jljnQOImnVX9gOraSU1B9V7rIcx2w0tDw=='),
(346, 1, '2017-01-08 00:33:24', 1, '5uDXjuHRh2e0XzidP23ZKBpVb0MTbG+YVrsBrSwvdz/2Gz+wvu8I2md/lgNHixxKe+BWIvokDvB7rIcx2w0tDw=='),
(347, 1, '2017-01-08 00:48:47', 1, 'B4WEOZZ6uTikPWgB6Nnu5RpVb0MTbG+YVrsBrSwvdz/2Gz+wvu8I2oPaUgtQA9IWLqPpQXr6sXZ7rIcx2w0tDw=='),
(348, 1, '2017-01-08 00:49:44', 1, '7dnzO/OjP+3fpAsHNTuewPCEIJh2hp1DlHMRBNf6wbM5/kSv+wf3oJW0KMQthghuQ2vuIbgVtAI='),
(349, 1, '2017-01-08 00:51:18', 1, 'tUh82QOgKD7HKwoq8UQ0NcMhOnV2AhNfLn6K1diH+UR8T0LaK/dVcV9H2v/AQyIyizEjLh98lE6jpCYXi+iOng=='),
(350, 1, '2017-01-08 01:05:53', 1, 'W/0T5dfgsmD57vV5k2ZKOPCEIJh2hp1DlHMRBNf6wbM5/kSv+wf3oKyryFFwgThmQ2vuIbgVtAI='),
(351, 1, '2017-01-08 01:07:10', 1, 'IBS2V2tSI3cfswwNIXmvPxBoWTseXZ71RaB305+O6Hm1dYdroeinm3INOP8N6qgx02+nsiojXXw='),
(352, 1, '2017-01-08 01:12:13', 1, 'D+4e2GBRHa+xGCqtK/+WncMhOnV2AhNfLn6K1diH+UR8T0LaK/dVccvrz8lHGSpv6SVrd+I9Sx2jpCYXi+iOng=='),
(353, 1, '2017-01-08 01:15:58', 1, 'wKlghiAuZkHBqnScqOQ+GBpVb0MTbG+YVrsBrSwvdz/2Gz+wvu8I2kuMA8heaDMW2vjG//N2EMl7rIcx2w0tDw=='),
(354, 1, '2017-01-08 01:19:46', 1, 'aTMvxXezIIgkHCF/U2GogsMhOnV2AhNfLn6K1diH+UR8T0LaK/dVcRbd6M98v7xrWUno33TDo3ejpCYXi+iOng=='),
(355, 1, '2017-01-08 01:24:45', 1, '/1GmEQehCF0OxK+Y428j/xpVb0MTbG+YVrsBrSwvdz/2Gz+wvu8I2k4p/zx+xN2re+BWIvokDvB7rIcx2w0tDw=='),
(356, 1, '2017-01-08 19:08:42', 1, 'pQHbicxCTERvPNi83ORXisMhOnV2AhNfLn6K1diH+UR8T0LaK/dVcZsdXEC50k4+i9HTyf/0JXOjpCYXi+iOng=='),
(357, 1, '2017-01-08 19:54:24', 1, 'Sh/iER7li/jeqF7ERtGItMMhOnV2AhNfLn6K1diH+UR8T0LaK/dVcVuhaklutQelTrXaawgvUkmjpCYXi+iOng=='),
(358, 1, '2017-01-08 19:55:39', 1, 'z1GsPhrQAf2teCKHOVWXWcMhOnV2AhNfLn6K1diH+UR8T0LaK/dVcc6XTrXxuMjl90o5gvoUp7yjpCYXi+iOng=='),
(359, 1, '2017-01-08 20:01:15', 1, 'xeVNXjCFUIQtmKiEH6uPVhpVb0MTbG+YVrsBrSwvdz/2Gz+wvu8I2kXnu3Dmcmpy2vjG//N2EMl7rIcx2w0tDw=='),
(360, 1, '2017-01-08 20:07:00', 1, 'N6Vnjcy4GhbPJSvU+Lui6RpVb0MTbG+YVrsBrSwvdz/2Gz+wvu8I2tLkNqddZwmne+BWIvokDvB7rIcx2w0tDw=='),
(361, 1, '2017-01-08 20:13:32', 1, '82lhZIXU50neqF7ERtGItMMhOnV2AhNfLn6K1diH+UR8T0LaK/dVcWAw+urcG5Knjy9pTt7yyiSjpCYXi+iOng=='),
(362, 1, '2017-01-08 20:15:31', 1, 'yDT7CuLOj9W9RUk+1D4bHsMhOnV2AhNfLn6K1diH+UR8T0LaK/dVcdHafpx8Wplj8+fn4bwij8SjpCYXi+iOng=='),
(363, 1, '2017-01-08 20:25:13', 1, 'I/WYlYfIUEOPqx6Xker1XBpVb0MTbG+YVrsBrSwvdz/2Gz+wvu8I2irBchAAV/yXfXcyrElWFOp7rIcx2w0tDw=='),
(364, 1, '2017-01-08 20:27:41', 1, 'ORxL21kMDMzadP7whul7OxpVb0MTbG+YVrsBrSwvdz/2Gz+wvu8I2sxSIdg2jSl3fXcyrElWFOp7rIcx2w0tDw=='),
(365, 1, '2017-01-08 20:29:28', 1, 'glJQqTSeLXxuoxqssbrgLBpVb0MTbG+YVrsBrSwvdz/2Gz+wvu8I2nfVRYZ2MduJ2vjG//N2EMl7rIcx2w0tDw=='),
(366, 1, '2017-01-08 20:30:31', 1, 'OZlyG7Ch5a8e6mKqzymR2wfQTXCRgijLj0hslw33O9xMgXJYtgUrlnBVk8CDF7tq1RXzzLIInfI='),
(367, 1, '2017-01-08 20:32:31', 1, 'cNvuy1dp80jPJSvU+Lui6RpVb0MTbG+YVrsBrSwvdz/2Gz+wvu8I2nbQ1MFIObpPAxa65VqdYJx7rIcx2w0tDw=='),
(368, 1, '2017-01-08 20:35:49', 1, '9rWn2P5OCIn57vV5k2ZKOPCEIJh2hp1DlHMRBNf6wbM5/kSv+wf3oISWi5JRoUXvQ2vuIbgVtAI='),
(369, 1, '2017-01-08 20:38:13', 1, 'y9T+P20hi2JFX7cp/bX/dvCEIJh2hp1DlHMRBNf6wbM5/kSv+wf3oL/wgzBH8YkbQ2vuIbgVtAI='),
(370, 1, '2017-01-08 20:40:30', 1, 'xxpv2XHdCfzmwjj1ocfhuxpVb0MTbG+YVrsBrSwvdz/2Gz+wvu8I2v3RSnJBqsqWfXcyrElWFOp7rIcx2w0tDw=='),
(371, 1, '2017-01-08 20:44:34', 1, 'Kwod8Zz6eSch8PjDMhPppxpVb0MTbG+YVrsBrSwvdz/2Gz+wvu8I2rbgmPB2eEPejgieV96+Sgt7rIcx2w0tDw=='),
(372, 1, '2017-01-08 20:52:09', 1, 'AYUAriCkk7/JbDv3vAp8PsMhOnV2AhNfLn6K1diH+UR8T0LaK/dVcd3jlZoy55mw0FY5CNZAmiujpCYXi+iOng=='),
(373, 1, '2017-01-08 20:55:21', 1, 'YX6BW1IYM75xaFOV6/rBycMhOnV2AhNfLn6K1diH+UR8T0LaK/dVcVesM4qjOOYNNKms2enI54WjpCYXi+iOng=='),
(374, 1, '2017-01-08 21:08:47', 1, 'nNxRAy1dnEO8wY4882B1HxpVb0MTbG+YVrsBrSwvdz/2Gz+wvu8I2pCEXK4TFVnqa5sr9eEzTtx7rIcx2w0tDw=='),
(375, 1, '2017-01-08 21:18:29', 1, 'o4pbPNPvxgADv6hHG2FL18MhOnV2AhNfLn6K1diH+UR8T0LaK/dVcUZUJrCEWokuHSLdlsxvEQSjpCYXi+iOng=='),
(376, 1, '2017-01-08 21:19:45', 1, 'F20ET7rcX0/3ReJt+jMQAcMhOnV2AhNfLn6K1diH+UR8T0LaK/dVcW2i03kitTyrTTQ1hCUp0dSjpCYXi+iOng=='),
(377, 1, '2017-01-08 21:26:22', 1, 'ldQ3UC56l3zeiFsR41KEQRpVb0MTbG+YVrsBrSwvdz/2Gz+wvu8I2vWHeCaXb6ueo6RMWM88+g17rIcx2w0tDw=='),
(378, 1, '2017-01-08 21:28:07', 1, 'ms2GtvMVesTV/BFiUptyoRpVb0MTbG+YVrsBrSwvdz/2Gz+wvu8I2npzcSJaHlvaa5sr9eEzTtx7rIcx2w0tDw=='),
(379, 1, '2017-01-08 21:45:04', 1, '14KE4MmV/Eoiq1iZtkQPYxpVb0MTbG+YVrsBrSwvdz/2Gz+wvu8I2o5bRHMCNx9ELqPpQXr6sXZ7rIcx2w0tDw=='),
(380, 1, '2017-01-08 22:03:31', 1, 'CqzmVwZzRtg4azgRnmar+vCEIJh2hp1DlHMRBNf6wbM5/kSv+wf3oG/AVF7HIZISQ2vuIbgVtAI='),
(381, 1, '2017-01-08 22:11:35', 1, '3L2JvVsqWDk4/7XG/sLNBBpVb0MTbG+YVrsBrSwvdz/2Gz+wvu8I2jn5SlbYn76z2vjG//N2EMl7rIcx2w0tDw=='),
(382, 1, '2017-01-08 22:28:00', 1, 'OZMJMMpQBRBoCuY4aMlTIxpVb0MTbG+YVrsBrSwvdz/2Gz+wvu8I2l7/qLDV2gXhLqPpQXr6sXZ7rIcx2w0tDw=='),
(383, 1, '2017-01-08 22:28:58', 1, '6bfazu2b+W5O00LYDvHN+8MhOnV2AhNfLn6K1diH+UR8T0LaK/dVcRhlXr7ruli/DzH6DVOVi/CjpCYXi+iOng=='),
(384, 1, '2017-01-08 22:29:53', 1, 'I8sj/z0dqbo4azgRnmar+vCEIJh2hp1DlHMRBNf6wbM5/kSv+wf3oN70C7jfv0j6Q2vuIbgVtAI='),
(385, 1, '2017-01-08 22:31:25', 1, 'Nz/jDtGoWOHBIeq6r/X8ThpVb0MTbG+YVrsBrSwvdz/2Gz+wvu8I2gD9NZ4ZoArsfXcyrElWFOp7rIcx2w0tDw=='),
(386, 1, '2017-01-08 22:31:57', 1, 'sXjY7I589Ro4/7XG/sLNBBpVb0MTbG+YVrsBrSwvdz/2Gz+wvu8I2tmF9TnWjqq6fXcyrElWFOp7rIcx2w0tDw=='),
(387, 1, '2017-01-08 23:11:17', 1, 'bznhJJIJqelFX7cp/bX/dvCEIJh2hp1DlHMRBNf6wbM5/kSv+wf3oHV8Ww2+ToyeQ2vuIbgVtAI='),
(388, 1, '2017-01-09 09:42:13', 1, 'TwZutB9JH1ZxxLcFnbxuYRpVb0MTbG+YVrsBrSwvdz/2Gz+wvu8I2iOucJqimJSsLqPpQXr6sXZ7rIcx2w0tDw=='),
(389, 1, '2017-01-09 09:43:47', 1, 'h7RqjZkNQggFvJqf4Oqo2vCEIJh2hp1DlHMRBNf6wbN8I61MQTrzGAE5/4QFrRD3Q2vuIbgVtAI='),
(390, 1, '2017-01-09 09:45:29', 1, 'pU0zuIXXca04azgRnmar+vCEIJh2hp1DlHMRBNf6wbN8I61MQTrzGIGRlEwDB85aQ2vuIbgVtAI='),
(391, 1, '2017-01-09 09:46:30', 1, 'sgX+fpGOSl04DxjkJRsktBpVb0MTbG+YVrsBrSwvdz/2Gz+wvu8I2mJEmgtvfQSHfXcyrElWFOp7rIcx2w0tDw=='),
(392, 1, '2017-01-09 09:48:09', 1, 'A6WvjqV1Y/0vCQ7quj+1lxpVb0MTbG+YVrsBrSwvdz/2Gz+wvu8I2oOspNs01zupfXcyrElWFOp7rIcx2w0tDw=='),
(393, 1, '2017-01-09 09:50:30', 1, 'VNF1v/o8MrHrEO5kFOzA5hpVb0MTbG+YVrsBrSwvdz/2Gz+wvu8I2pdA7easTZcgjgieV96+Sgt7rIcx2w0tDw=='),
(394, 1, '2017-01-09 09:53:44', 1, 'fd8aaljQjunV6zK9X6wmwBpVb0MTbG+YVrsBrSwvdz/2Gz+wvu8I2ih1hVqyqZjA2vjG//N2EMl7rIcx2w0tDw=='),
(395, 1, '2017-01-09 09:53:54', 1, 'bX785ia+XaHfpAsHNTuewPCEIJh2hp1DlHMRBNf6wbN8I61MQTrzGKC8FyssWoH2Q2vuIbgVtAI='),
(396, 1, '2017-01-09 09:54:15', 1, 'aEY24W90auG6pf9rYeGE2cMhOnV2AhNfLn6K1diH+UR8T0LaK/dVcViBqK2yQJPrOZDJubqrw4WjpCYXi+iOng=='),
(397, 1, '2017-01-09 09:58:10', 1, 'mJJXD1DS/c8VQmDJilcn0hpVb0MTbG+YVrsBrSwvdz/2Gz+wvu8I2sxTomT2bIOea5sr9eEzTtx7rIcx2w0tDw=='),
(398, 1, '2017-01-09 09:58:27', 0, 'ZnVHllj9k2ce6mKqzymR2wfQTXCRgijLj0hslw33O9x2nOIPQcUk6txLrjyENZNa1RXzzLIInfI='),
(399, 1, '2017-01-09 10:05:36', 0, 'HiIOoh3GXTWjWg2mXJMZCBpVb0MTbG+YVrsBrSwvdz/2Gz+wvu8I2ki7+E20Eiwk9gOraSU1B9V7rIcx2w0tDw=='),
(400, 1, '2017-01-09 10:07:11', 0, 'ytIPeO3lWA/mwjj1ocfhuxpVb0MTbG+YVrsBrSwvdz/2Gz+wvu8I2u9R6JwJBNcto6RMWM88+g17rIcx2w0tDw=='),
(401, 1, '2017-01-09 10:08:32', 0, 'wq+m3otQdfYr3sYbBLmObhpVb0MTbG+YVrsBrSwvdz/2Gz+wvu8I2mnCe++0RePMa5sr9eEzTtx7rIcx2w0tDw=='),
(402, 1, '2017-01-09 10:13:55', 0, 'hUdztqZBsoWaKKuu5QyS/vCEIJh2hp1DlHMRBNf6wbN8I61MQTrzGC2/G1N2Vu9fQ2vuIbgVtAI='),
(403, 1, '2017-01-09 10:25:36', 0, 'mlITcvdGV0YVQmDJilcn0hpVb0MTbG+YVrsBrSwvdz/2Gz+wvu8I2vteIfBik2Wze+BWIvokDvB7rIcx2w0tDw=='),
(404, 1, '2017-01-09 10:26:45', 0, '2BU7vbko34XgOoh9BQdLHcMhOnV2AhNfLn6K1diH+UR8T0LaK/dVcSlQn8OTSQ3ydCzRslRd1qujpCYXi+iOng=='),
(405, 1, '2017-01-09 10:28:07', 0, 'fc5lf5MQijEG9PSMsOb3rRpVb0MTbG+YVrsBrSwvdz/2Gz+wvu8I2pJrSOJueYHwAxa65VqdYJx7rIcx2w0tDw=='),
(406, 1, '2017-01-09 11:22:51', 0, 'GdgzvNHyFWQFvJqf4Oqo2vCEIJh2hp1DlHMRBNf6wbN8I61MQTrzGKV73Zw2jYv3Q2vuIbgVtAI='),
(407, 1, '2017-01-09 11:23:11', 0, 'V7gvlv6Jp4hIdRXldGzHPBpVb0MTbG+YVrsBrSwvdz/2Gz+wvu8I2j2qMvQRhGR4jgieV96+Sgt7rIcx2w0tDw=='),
(408, 1, '2017-01-09 11:28:57', 0, '95xjd8VE9S2ciMQUIilYGMMhOnV2AhNfLn6K1diH+UR8T0LaK/dVcY1N5hJMM5V8SS8Q+2NnN5yjpCYXi+iOng=='),
(409, 1, '2017-01-09 11:31:07', 0, 'rQMOmE8z4wTV6zK9X6wmwBpVb0MTbG+YVrsBrSwvdz/2Gz+wvu8I2un0LpdQv19/jgieV96+Sgt7rIcx2w0tDw=='),
(410, 1, '2017-01-09 11:39:41', 0, 'A/+hBZ7NkAsJJPpJkJu6xxpVb0MTbG+YVrsBrSwvdz/2Gz+wvu8I2letHwApm+Kyo6RMWM88+g17rIcx2w0tDw=='),
(411, 1, '2017-01-09 11:50:03', 0, 'cjaJBqOEsGTp3sw52m4jBRpVb0MTbG+YVrsBrSwvdz/2Gz+wvu8I2hv/j0AXaPVCfXcyrElWFOp7rIcx2w0tDw=='),
(412, 1, '2017-01-09 12:09:53', 0, '7FG1eq5UoiZA0PBF0DhENMMhOnV2AhNfLn6K1diH+UR8T0LaK/dVcTo/qy2sQ+MKdCInDlAUsQejpCYXi+iOng=='),
(413, 1, '2017-01-09 13:17:04', 0, 'IG5vUOK3NvgMcqPk/n867cMhOnV2AhNfLn6K1diH+UR8T0LaK/dVcfIzcqF1xnyAizEjLh98lE6jpCYXi+iOng=='),
(414, 1, '2017-01-09 13:18:38', 0, 'AR75s0J0baYer3q+dl+FpRpVb0MTbG+YVrsBrSwvdz/2Gz+wvu8I2sWzDINXcJhLjgieV96+Sgt7rIcx2w0tDw=='),
(415, 1, '2017-01-09 13:22:58', 0, 'fPM6UgnfUGQoAXhTEdhBFRpVb0MTbG+YVrsBrSwvdz/2Gz+wvu8I2uJuo8Y6dUQomZE95gFhV357rIcx2w0tDw=='),
(416, 1, '2017-01-12 14:28:26', 0, 's13tNGxJfnppLHngvuUsJMMhOnV2AhNfLn6K1diH+UR8T0LaK/dVcZbGuPcEnZghe/8vwX4yfEejpCYXi+iOng=='),
(417, 90, '2017-01-13 23:23:28', 0, 'zZK6CWvzFU4tmKiEH6uPVhpVb0MTbG+YVrsBrSwvdz/3dSCPNiEbx0czgNeiAWo3SBJPFPBB3Tx7rIcx2w0tDw=='),
(418, 91, '2017-01-13 23:25:49', 0, '3U2mHMDz0kBjhbCgf06jihpVb0MTbG+YVrsBrSwvdz/3dSCPNiEbx7qzPe8qL5SDLJ5kR0XVb+97rIcx2w0tDw=='),
(419, 92, '2017-01-13 23:30:33', 0, 'mVaYMr9BU9IzKRGiGcECUsMhOnV2AhNfLn6K1diH+UR8T0LaK/dVcXhcGTPniPodDtzU577fGDqjpCYXi+iOng=='),
(420, 92, '2017-01-13 23:30:52', 0, 'M8Ar6p2eQjTV/BFiUptyoRpVb0MTbG+YVrsBrSwvdz/3dSCPNiEbxy2IVVQwLrQBu/azg1WIsyx7rIcx2w0tDw=='),
(421, 92, '2017-01-13 23:36:22', 0, 'ppHF6EZnAYrc3W5DzLtoK8MhOnV2AhNfLn6K1diH+UR8T0LaK/dVcTvJNcXf78EwtMBfmtpM/YajpCYXi+iOng=='),
(422, 91, '2017-01-13 23:38:45', 0, 'tu0nZLob+GU0khjQp0/dGRpVb0MTbG+YVrsBrSwvdz/3dSCPNiEbx1ulV0uEcIXeLJ5kR0XVb+97rIcx2w0tDw=='),
(423, 1, '2017-01-14 19:55:14', 0, 'IgKq79te6kXtq8DIELr0YhpVb0MTbG+YVrsBrSwvdz/3dSCPNiEbxzp34L0uo/Bz9gOraSU1B9V7rIcx2w0tDw=='),
(424, 1, '2017-01-14 21:12:54', 0, 'rCMyEDvVXXDIFZDwYUGqMcMhOnV2AhNfLn6K1diH+UR8T0LaK/dVcSOF1hFh+CpW917Hbduo5SmjpCYXi+iOng=='),
(425, 1, '2017-01-14 21:20:08', 0, 'B1fXqMaKjquB1WPUKH5g68MhOnV2AhNfLn6K1diH+UR8T0LaK/dVcRRihgGzR6PbZhObntmz4xijpCYXi+iOng=='),
(426, 1, '2017-01-14 22:59:40', 0, '/bmuzmW4OLf336SjHjVV6sMhOnV2AhNfLn6K1diH+UR8T0LaK/dVcXD77AtlSNry2B4YffY2vnOjpCYXi+iOng=='),
(427, 1, '2017-01-14 23:03:01', 0, '3iSwfKbjWRH57vV5k2ZKOPCEIJh2hp1DlHMRBNf6wbPA8lqDRulR+Fur7hkTbNf0Q2vuIbgVtAI='),
(428, 1, '2017-01-14 23:12:43', 0, 'DGfUhUllPsYr3sYbBLmObhpVb0MTbG+YVrsBrSwvdz/3dSCPNiEbx/p6O0IWspu3jgieV96+Sgt7rIcx2w0tDw=='),
(429, 1, '2017-01-14 23:38:54', 0, 'Jrr+GX8QTM0e6mKqzymR2wfQTXCRgijLj0hslw33O9yhTsx6x9aNZn7ijPrOFZCs1RXzzLIInfI='),
(430, 1, '2017-01-14 23:39:34', 0, 'BSJYqeuTgHUFvJqf4Oqo2vCEIJh2hp1DlHMRBNf6wbPA8lqDRulR+OfPKoUwiQcPQ2vuIbgVtAI='),
(431, 1, '2017-01-14 23:42:10', 0, '9J/N3nPoRNah22+lmgTItBpVb0MTbG+YVrsBrSwvdz/3dSCPNiEbxy8iIXTU8CQs2vjG//N2EMl7rIcx2w0tDw=='),
(432, 1, '2017-01-14 23:42:56', 0, 'aIEU4XPbDbr8NQjRLXMKzhpVb0MTbG+YVrsBrSwvdz/3dSCPNiEbx4w1sWxJgd9sLqPpQXr6sXZ7rIcx2w0tDw==');
INSERT INTO `jianghu_token` (`id`, `user_id`, `time`, `state`, `token`) VALUES
(433, 1, '2017-01-14 23:45:13', 0, 'pD9JYI1zRhVeBuB7Z1hMQsMhOnV2AhNfLn6K1diH+UR8T0LaK/dVcd6CCt4bfCBCSS8Q+2NnN5yjpCYXi+iOng=='),
(434, 1, '2017-01-14 23:46:09', 0, 'qMHdIQ2WwPfV6zK9X6wmwBpVb0MTbG+YVrsBrSwvdz/3dSCPNiEbx0fmDkU2jusPmZE95gFhV357rIcx2w0tDw=='),
(435, 1, '2017-01-14 23:46:49', 0, 'KvDX/WSLiphvJ4/BvNQ4TPCEIJh2hp1DlHMRBNf6wbPA8lqDRulR+CnIfdcNTxzvQ2vuIbgVtAI='),
(436, 1, '2017-01-14 23:47:06', 0, 'kxICmOvpxbjI4icjZ3TtmsMhOnV2AhNfLn6K1diH+UR8T0LaK/dVccok6pnTlhoVpcCK5su8fsmjpCYXi+iOng=='),
(437, 1, '2017-01-14 23:50:24', 0, 'iocTvzgjb8fF6InPNh68IBpVb0MTbG+YVrsBrSwvdz/3dSCPNiEbx98NVxTlS/jF2vjG//N2EMl7rIcx2w0tDw=='),
(438, 1, '2017-01-14 23:52:52', 0, 'u1YFJWHWvhMlpk88yCYFPcMhOnV2AhNfLn6K1diH+UR8T0LaK/dVcR8iil2497u/ZMRig2B5UBqjpCYXi+iOng=='),
(439, 1, '2017-01-14 23:53:30', 0, '1nGSx0s/kCd/4Wzm8268vhpVb0MTbG+YVrsBrSwvdz/3dSCPNiEbx0GWwpXbgTOxa5sr9eEzTtx7rIcx2w0tDw=='),
(440, 1, '2017-01-14 23:54:48', 0, 'xP8VmGuNyw1H1WD61bnMghpVb0MTbG+YVrsBrSwvdz/3dSCPNiEbx3C5RuQcYUEoAxa65VqdYJx7rIcx2w0tDw=='),
(441, 1, '2017-01-14 23:56:03', 0, 'gh/Ve9K76t/adP7whul7OxpVb0MTbG+YVrsBrSwvdz/3dSCPNiEbxx0O9lSTlBvlo6RMWM88+g17rIcx2w0tDw=='),
(442, 1, '2017-01-14 23:56:17', 0, 'mfO3iw/Bq58OxK+Y428j/xpVb0MTbG+YVrsBrSwvdz/3dSCPNiEbxy04VQGyhRJVjgieV96+Sgt7rIcx2w0tDw=='),
(443, 1, '2017-01-14 23:57:48', 0, '8ZxIlRnScehZT4hWlbWONMMhOnV2AhNfLn6K1diH+UR8T0LaK/dVcaoR3IMksuzc18O6FDmJys2jpCYXi+iOng=='),
(444, 1, '2017-01-15 00:00:01', 0, 'd/8rtnoR8cX5/r2t/HxgfsMhOnV2AhNfLn6K1diH+UR8T0LaK/dVcezXI2dTTSHQe/8vwX4yfEejpCYXi+iOng=='),
(445, 1, '2017-01-15 00:00:25', 0, '093BoKbqduuaKKuu5QyS/vCEIJh2hp1DlHMRBNf6wbPA8lqDRulR+IxNTEzEknA3Q2vuIbgVtAI='),
(446, 1, '2017-01-15 00:00:43', 0, '2zyS46bAgP9FX7cp/bX/dvCEIJh2hp1DlHMRBNf6wbPA8lqDRulR+L4E/NKDWPc2Q2vuIbgVtAI='),
(447, 1, '2017-01-15 00:06:58', 0, 'nqgI8zWGarsCmjuCZjiYZxpVb0MTbG+YVrsBrSwvdz/3dSCPNiEbx2EYDGfxenYXfXcyrElWFOp7rIcx2w0tDw=='),
(448, 1, '2017-01-15 00:13:52', 0, 'x/2JqNhEbPrlFrOGRZG9HsMhOnV2AhNfLn6K1diH+UR8T0LaK/dVcaw/doQXJ3aa0FY5CNZAmiujpCYXi+iOng=='),
(449, 1, '2017-01-15 00:17:22', 0, 'YE9fctreAMRDyn9/uNVeQsMhOnV2AhNfLn6K1diH+UR8T0LaK/dVcammskknZNlg8+fn4bwij8SjpCYXi+iOng=='),
(450, 1, '2017-01-15 00:20:28', 0, 'JBSGuzeFv//1T4UjqZ1poMMhOnV2AhNfLn6K1diH+UR8T0LaK/dVcf1iO4c7uyans9JVCsfHDjujpCYXi+iOng=='),
(451, 1, '2017-01-15 00:21:10', 0, 'KwJFMKBewBMwYhQb83khnMMhOnV2AhNfLn6K1diH+UR8T0LaK/dVcbO6GRJeCmyyceueryWXW72jpCYXi+iOng=='),
(452, 1, '2017-01-15 00:25:07', 0, 'Krk2+OCIt1yGlPogFDVf5hpVb0MTbG+YVrsBrSwvdz/3dSCPNiEbx4LQk0/MpD3pfXcyrElWFOp7rIcx2w0tDw=='),
(453, 1, '2017-01-15 00:27:58', 0, 'Rg/8/wuhhJl0GXxWDQ4ZTMMhOnV2AhNfLn6K1diH+UR8T0LaK/dVcbTkRt17aEupO/XZtRdvnUKjpCYXi+iOng=='),
(454, 1, '2017-01-15 00:29:32', 0, 'wQ+UTCVSC7kn3RRqWh51OhpVb0MTbG+YVrsBrSwvdz/3dSCPNiEbx8JL5udFNC7zo6RMWM88+g17rIcx2w0tDw=='),
(455, 1, '2017-01-15 00:29:32', 0, 'VWxyr/9k9nG1vIXb7No+nMMhOnV2AhNfLn6K1diH+UR8T0LaK/dVcR8z1VDvzqYKZMRig2B5UBqjpCYXi+iOng=='),
(456, 1, '2017-01-15 00:37:06', 0, 'pMFxQuzWOhvfpAsHNTuewPCEIJh2hp1DlHMRBNf6wbPA8lqDRulR+CUgs9UHRNE7Q2vuIbgVtAI='),
(457, 1, '2017-01-15 00:37:59', 0, 'yUImDEKGSl4CzKey9b0D3sMhOnV2AhNfLn6K1diH+UR8T0LaK/dVcXAwr1TNnZ/04x3H6BAjFZCjpCYXi+iOng=='),
(458, 1, '2017-01-15 00:39:42', 0, '0b2rmVGwfxmcdc1KGNdUmfCEIJh2hp1DlHMRBNf6wbPA8lqDRulR+MfzHinccBH+Q2vuIbgVtAI='),
(459, 1, '2017-01-15 00:42:10', 0, 'vXMAYv0nFqmRNlAWk3DsaRpVb0MTbG+YVrsBrSwvdz/3dSCPNiEbx5K+oASqBGN+2vjG//N2EMl7rIcx2w0tDw=='),
(460, 1, '2017-01-15 00:44:43', 0, 'WurNxgIMAR5xxLcFnbxuYRpVb0MTbG+YVrsBrSwvdz/3dSCPNiEbxwFj1W6Qj5UWa5sr9eEzTtx7rIcx2w0tDw=='),
(461, 1, '2017-01-15 00:50:45', 0, 't0stpdn7Ev4Nnhff7i8F7hpVb0MTbG+YVrsBrSwvdz/3dSCPNiEbx4ob8p+WxKSkjgieV96+Sgt7rIcx2w0tDw=='),
(462, 1, '2017-01-15 00:52:01', 0, 'UpKzvc4YTdJaf40LUB8hohpVb0MTbG+YVrsBrSwvdz/3dSCPNiEbx82ltvyxNXKf2vjG//N2EMl7rIcx2w0tDw=='),
(463, 1, '2017-01-15 00:57:21', 0, 'opWVKLs1ReEe6mKqzymR2wfQTXCRgijLj0hslw33O9xjDD+I2ZGoXAN2oU8FspFN1RXzzLIInfI='),
(464, 1, '2017-01-15 00:58:19', 0, 'MPIBPcjnmgJRwamTgL41ohpVb0MTbG+YVrsBrSwvdz/3dSCPNiEbx8vKSbppT0kAe+BWIvokDvB7rIcx2w0tDw=='),
(465, 1, '2017-01-15 01:00:09', 0, 'Ttx2wmWxQH0KdxPAUrY4NxpVb0MTbG+YVrsBrSwvdz/3dSCPNiEbx4BR8ixpWOt19gOraSU1B9V7rIcx2w0tDw=='),
(466, 1, '2017-01-15 01:07:12', 0, '7C7SLTHx2lNFX7cp/bX/dvCEIJh2hp1DlHMRBNf6wbPA8lqDRulR+D/CDkt/5vcYQ2vuIbgVtAI='),
(467, 1, '2017-01-15 01:07:48', 0, 'lIZSsPqFpHkiq1iZtkQPYxpVb0MTbG+YVrsBrSwvdz/3dSCPNiEbx0JC78dKdC14o6RMWM88+g17rIcx2w0tDw=='),
(468, 1, '2017-01-15 01:10:48', 0, '6n3g3zXTbSwfdfIYZnJFiRpVb0MTbG+YVrsBrSwvdz/3dSCPNiEbx859b72GoulYo6RMWM88+g17rIcx2w0tDw=='),
(469, 1, '2017-01-15 01:12:49', 0, 'BVRMNvraBBP9eXpaBRgdMcMhOnV2AhNfLn6K1diH+UR8T0LaK/dVcT0OWfPiduAmlxclH05QLLOjpCYXi+iOng=='),
(470, 1, '2017-01-15 01:14:11', 0, 'zd+Oqr/c1DIsM19UVellBRpVb0MTbG+YVrsBrSwvdz/3dSCPNiEbx4emeeUZULN/mZE95gFhV357rIcx2w0tDw=='),
(471, 1, '2017-01-15 01:15:54', 0, 'mBhBcJdmMe2GlPogFDVf5hpVb0MTbG+YVrsBrSwvdz/3dSCPNiEbx4ZPswcSQla+a5sr9eEzTtx7rIcx2w0tDw=='),
(472, 1, '2017-01-15 01:18:43', 0, '5WW3fiUIPXmcdc1KGNdUmfCEIJh2hp1DlHMRBNf6wbPA8lqDRulR+I01d5Z8oZ3ZQ2vuIbgVtAI='),
(473, 1, '2017-01-15 01:21:42', 0, 'jLGeL/I4S4XV6zK9X6wmwBpVb0MTbG+YVrsBrSwvdz/3dSCPNiEbx7Q2cLGdHa1DjgieV96+Sgt7rIcx2w0tDw=='),
(474, 1, '2017-01-15 01:22:12', 0, 'ylw1Wu7P3ntzJp5ErYbSLcMhOnV2AhNfLn6K1diH+UR8T0LaK/dVcSGLjSITs8hAQshSautZD5GjpCYXi+iOng=='),
(475, 1, '2017-01-15 01:22:44', 0, 'XhWCDeMb4sUCmjuCZjiYZxpVb0MTbG+YVrsBrSwvdz/3dSCPNiEbx4NscO3qgoZIa5sr9eEzTtx7rIcx2w0tDw=='),
(476, 1, '2017-01-15 01:24:04', 0, 'fulvYHxxMh2QkX5IRiN5UcMhOnV2AhNfLn6K1diH+UR8T0LaK/dVcf5IC87sSYB+fxqnfWWUHIujpCYXi+iOng=='),
(477, 1, '2017-01-15 01:25:29', 0, '/QPlV6BJ7/pDAVvLCyfiUcMhOnV2AhNfLn6K1diH+UR8T0LaK/dVcVm3/lHbOwSOWQpV1GHOwB2jpCYXi+iOng=='),
(478, 1, '2017-01-15 01:28:41', 0, 'C+DRh4PGMKif5szJ3HvdNhpVb0MTbG+YVrsBrSwvdz/3dSCPNiEbxw4rcrOhnQdD9gOraSU1B9V7rIcx2w0tDw=='),
(479, 1, '2017-01-15 01:30:00', 0, 'qGtu2Kvp5bhFX7cp/bX/dvCEIJh2hp1DlHMRBNf6wbPA8lqDRulR+EK+xNN27bT2Q2vuIbgVtAI='),
(480, 1, '2017-01-15 01:31:25', 0, 'uiMqocffVVGcdc1KGNdUmfCEIJh2hp1DlHMRBNf6wbPA8lqDRulR+Art7dNNTJoEQ2vuIbgVtAI='),
(481, 1, '2017-01-15 01:32:48', 0, 'mXEtIaef1y1Z/X6zH9wFIMMhOnV2AhNfLn6K1diH+UR8T0LaK/dVcemPhzkTwxzHGq6iNRHejTOjpCYXi+iOng=='),
(482, 1, '2017-01-15 01:38:47', 0, 'NOqwD4om6o0X/bqFPo9XkMMhOnV2AhNfLn6K1diH+UR8T0LaK/dVcdYPiI9QK31hSyJ8yVrVMVGjpCYXi+iOng=='),
(483, 1, '2017-01-15 01:40:43', 0, 'ZQxmW4GvFtmdS1wohD6/FsMhOnV2AhNfLn6K1diH+UR8T0LaK/dVcQhW7N8Bkdr/HSLdlsxvEQSjpCYXi+iOng=='),
(484, 1, '2017-01-15 01:43:10', 0, 'jEzCFjg+67EsM19UVellBRpVb0MTbG+YVrsBrSwvdz/3dSCPNiEbx0UzbOWiSiiLLqPpQXr6sXZ7rIcx2w0tDw=='),
(485, 1, '2017-01-15 01:43:59', 0, '3cULhkCj0yh5XhPvH0cdbBpVb0MTbG+YVrsBrSwvdz/3dSCPNiEbx34icl+GTOf9e+BWIvokDvB7rIcx2w0tDw=='),
(486, 1, '2017-01-15 01:46:32', 0, 'A019DQZuwJ4VQmDJilcn0hpVb0MTbG+YVrsBrSwvdz/3dSCPNiEbx+CSyTfEIGvJe+BWIvokDvB7rIcx2w0tDw=='),
(487, 1, '2017-01-15 01:47:14', 0, '3+/eBWpUL80tmKiEH6uPVhpVb0MTbG+YVrsBrSwvdz/3dSCPNiEbx+JvYP8ektzC2vjG//N2EMl7rIcx2w0tDw=='),
(488, 1, '2017-01-15 01:47:18', 0, 'ol/Aeu9kC7Xl1fLsJ7sk08MhOnV2AhNfLn6K1diH+UR8T0LaK/dVcY8kQQlfECNjd8NiwNXvtVCjpCYXi+iOng=='),
(489, 1, '2017-01-15 01:50:48', 0, 'rEw8snkPjLoJJPpJkJu6xxpVb0MTbG+YVrsBrSwvdz/3dSCPNiEbx+OdefxFHRaya5sr9eEzTtx7rIcx2w0tDw=='),
(490, 1, '2017-01-15 01:51:56', 0, 'OTKuXKArlPo4azgRnmar+vCEIJh2hp1DlHMRBNf6wbPA8lqDRulR+GIb5++cTnHsQ2vuIbgVtAI='),
(491, 1, '2017-01-15 01:52:17', 0, '/O4IGzaaaRiAZSoh2obdLhpVb0MTbG+YVrsBrSwvdz/3dSCPNiEbx7XlZXw24ZqCfXcyrElWFOp7rIcx2w0tDw=='),
(492, 1, '2017-01-15 01:56:48', 0, 'CvU+rAwSgEGRtfbAHpR+N8MhOnV2AhNfLn6K1diH+UR8T0LaK/dVcT37a0DJkG/BcLmUKOH6sw6jpCYXi+iOng=='),
(493, 1, '2017-01-15 01:58:00', 0, 'BuEF89Y3kLon3RRqWh51OhpVb0MTbG+YVrsBrSwvdz/3dSCPNiEbxxHoO94pzHV4LqPpQXr6sXZ7rIcx2w0tDw=='),
(494, 1, '2017-01-15 01:59:00', 0, '3kPnnTZhh5ZFX7cp/bX/dvCEIJh2hp1DlHMRBNf6wbPA8lqDRulR+Et+4J6KoJijQ2vuIbgVtAI='),
(495, 1, '2017-01-15 02:01:31', 0, '81xI6osimeOdnik56urPysMhOnV2AhNfLn6K1diH+UR8T0LaK/dVcWdR62OHSWKLAO+hDYEg9zGjpCYXi+iOng=='),
(496, 1, '2017-01-15 02:05:23', 0, 'qy8pztT0Y/Gcdc1KGNdUmfCEIJh2hp1DlHMRBNf6wbPA8lqDRulR+MQJzpx6HA/hQ2vuIbgVtAI='),
(497, 1, '2017-01-15 02:06:26', 0, 'qnJhR51HcyPiSUQnZ665rBpVb0MTbG+YVrsBrSwvdz/3dSCPNiEbxwHGlr5FJ1IrLqPpQXr6sXZ7rIcx2w0tDw=='),
(498, 1, '2017-01-15 02:09:18', 0, 'EwGDCj3EAbHaOl8uekOssRpVb0MTbG+YVrsBrSwvdz/3dSCPNiEbx9v0oUWOeuDQmZE95gFhV357rIcx2w0tDw=='),
(499, 1, '2017-01-15 02:13:15', 0, 'X2ZpPGjWpTCQjQ8QwMw5BBpVb0MTbG+YVrsBrSwvdz/3dSCPNiEbx2/7Br0oICvQLqPpQXr6sXZ7rIcx2w0tDw=='),
(500, 1, '2017-01-15 02:32:49', 0, 'CBcKqypeSsveiFsR41KEQRpVb0MTbG+YVrsBrSwvdz/3dSCPNiEbxzyTwV2zhjsEe+BWIvokDvB7rIcx2w0tDw=='),
(501, 1, '2017-01-15 02:35:09', 0, 'rCb2+Cnjn9HjBIUQk90o6MMhOnV2AhNfLn6K1diH+UR8T0LaK/dVcaUBzEYxu8JiAFMR4DND6bejpCYXi+iOng=='),
(502, 1, '2017-01-15 02:35:24', 0, '5y8ZBFB66Ll5XhPvH0cdbBpVb0MTbG+YVrsBrSwvdz/3dSCPNiEbx/Pqpc1zLwAhmZE95gFhV357rIcx2w0tDw=='),
(503, 1, '2017-01-15 02:39:28', 0, 'u7fM/Ud3aV+DCgMDDjne48MhOnV2AhNfLn6K1diH+UR8T0LaK/dVcc5VUiCOM1N+lxclH05QLLOjpCYXi+iOng=='),
(504, 1, '2017-01-15 02:41:35', 0, 'z8QTrY942/Hu2NTYRX5IXhpVb0MTbG+YVrsBrSwvdz/3dSCPNiEbx2AB2QBWUaUfjgieV96+Sgt7rIcx2w0tDw=='),
(505, 1, '2017-01-15 02:45:29', 0, '/2KA+6X210Ubo0l5MrXSQBpVb0MTbG+YVrsBrSwvdz/3dSCPNiEbx0Fv2dparQHbmZE95gFhV357rIcx2w0tDw=='),
(506, 1, '2017-01-15 02:47:57', 0, 'Inu/JEFfpvGuFYu3nK7fFcMhOnV2AhNfLn6K1diH+UR8T0LaK/dVceNaT9Za4xFZSdxMIjKaBgmjpCYXi+iOng=='),
(507, 1, '2017-01-15 02:50:59', 0, 'RMzEaFsHQmh2Elwr5YKgwBpVb0MTbG+YVrsBrSwvdz/3dSCPNiEbx1KNw8FCEdLpLqPpQXr6sXZ7rIcx2w0tDw=='),
(508, 1, '2017-01-15 02:51:57', 0, 'Y9EP3ICswxn2vn+MQSawUMMhOnV2AhNfLn6K1diH+UR8T0LaK/dVcdIQwhK46HNFWQpV1GHOwB2jpCYXi+iOng=='),
(509, 1, '2017-01-15 02:54:33', 0, 'cJnisjvIQd0ZMHXqvuTBUhpVb0MTbG+YVrsBrSwvdz/3dSCPNiEbx9biupPd9u49LqPpQXr6sXZ7rIcx2w0tDw=='),
(510, 1, '2017-01-15 02:59:29', 0, 'zYxVsuZvWq+xh/zw0ObzrcMhOnV2AhNfLn6K1diH+UR8T0LaK/dVcU5L+x3KM2Fvi4pOFEaZBmqjpCYXi+iOng=='),
(511, 1, '2017-01-15 03:02:32', 0, 'OYj4I+CrQMzrEO5kFOzA5hpVb0MTbG+YVrsBrSwvdz/3dSCPNiEbxy96C8qrnyH+o6RMWM88+g17rIcx2w0tDw=='),
(512, 1, '2017-01-15 03:04:29', 0, 'dymD7VWmnRqCsx9i8t/6+BpVb0MTbG+YVrsBrSwvdz/3dSCPNiEbx6WzjLYtTxT5LqPpQXr6sXZ7rIcx2w0tDw=='),
(513, 1, '2017-01-15 03:08:07', 0, '8t8/tAjDw6Um5Z2/hTU77MMhOnV2AhNfLn6K1diH+UR8T0LaK/dVcWlQk3n83Dx10FY5CNZAmiujpCYXi+iOng=='),
(514, 1, '2017-01-15 03:08:40', 0, '9zGVaFZr3MNcB4xEGOAABBpVb0MTbG+YVrsBrSwvdz/3dSCPNiEbxyZ5pQxvsDDfe+BWIvokDvB7rIcx2w0tDw=='),
(515, 1, '2017-01-15 03:15:30', 0, '25e5ncM51s8e6mKqzymR2wfQTXCRgijLj0hslw33O9y0zuUhQZmtsrdnrCel8uXr1RXzzLIInfI='),
(516, 1, '2017-01-15 03:22:29', 0, '0LrE4GgRvM2fjMdu0BFxEsMhOnV2AhNfLn6K1diH+UR8T0LaK/dVcRIE4oH9chtKDlzZKOxeX8WjpCYXi+iOng=='),
(517, 1, '2017-01-15 03:25:17', 0, 'enzjxJrtSJ1FX7cp/bX/dvCEIJh2hp1DlHMRBNf6wbPA8lqDRulR+MzyFDBAHeyvQ2vuIbgVtAI='),
(518, 1, '2017-01-15 03:28:50', 0, 'KJM9P/FKkHMFvJqf4Oqo2vCEIJh2hp1DlHMRBNf6wbPA8lqDRulR+BL34qTMCQeMQ2vuIbgVtAI='),
(519, 1, '2017-01-15 03:38:34', 0, 'dHtu7vFTpd84/7XG/sLNBBpVb0MTbG+YVrsBrSwvdz/3dSCPNiEbx7zcBzNnQjEoe+BWIvokDvB7rIcx2w0tDw=='),
(520, 1, '2017-01-15 03:39:39', 0, '+EHziPC+9EGjmWuxPdPutRpVb0MTbG+YVrsBrSwvdz/3dSCPNiEbxy0vhzrXCSnba5sr9eEzTtx7rIcx2w0tDw=='),
(521, 1, '2017-01-15 03:42:43', 0, '6WuokbhDM3kwYhQb83khnMMhOnV2AhNfLn6K1diH+UR8T0LaK/dVca5KgcDJeAT6dnuP0Zra5dKjpCYXi+iOng=='),
(522, 1, '2017-01-15 03:43:20', 0, 'Bf4xf3qOgWLV/BFiUptyoRpVb0MTbG+YVrsBrSwvdz/3dSCPNiEbx9jyFOhf6pymLqPpQXr6sXZ7rIcx2w0tDw=='),
(523, 1, '2017-01-15 12:06:27', 0, '3teV8c7IU/de6BIKY7oH6MMhOnV2AhNfLn6K1diH+UR8T0LaK/dVcTdowV0DjrJVLCz9UEApM2qjpCYXi+iOng=='),
(524, 1, '2017-01-15 12:11:50', 0, 'iSCKzg0Ys/GDVpkQamLExcMhOnV2AhNfLn6K1diH+UR8T0LaK/dVcbb0/m9dbUHFd8NiwNXvtVCjpCYXi+iOng=='),
(525, 1, '2017-01-15 12:13:24', 0, '/5c0LR18dhSaKKuu5QyS/vCEIJh2hp1DlHMRBNf6wbPA8lqDRulR+L308khpGx6GQ2vuIbgVtAI='),
(526, 1, '2017-01-15 12:14:11', 0, 'eaiYT3n8Cr6lW3Zi3qmXpMMhOnV2AhNfLn6K1diH+UR8T0LaK/dVcTJsyJF6Q4N2e/8vwX4yfEejpCYXi+iOng=='),
(527, 1, '2017-01-15 14:00:00', 0, 'qjVfI8nZqAIkbQDN72KdRBpVb0MTbG+YVrsBrSwvdz/3dSCPNiEbx4MadbdxMqn9Axa65VqdYJx7rIcx2w0tDw=='),
(528, 1, '2017-01-15 14:00:35', 0, 'pPlYbXOt+PJ/4Wzm8268vhpVb0MTbG+YVrsBrSwvdz/3dSCPNiEbx6nEEBn4Zu1o9gOraSU1B9V7rIcx2w0tDw=='),
(529, 1, '2017-01-15 14:19:22', 0, 'uFjzTv64mZOcdc1KGNdUmfCEIJh2hp1DlHMRBNf6wbPA8lqDRulR+Ns3P8qDMNoUQ2vuIbgVtAI='),
(530, 1, '2017-01-15 15:00:56', 0, 'eh1W0XRyR9y7RcaZDmPqXsMhOnV2AhNfLn6K1diH+UR8T0LaK/dVcQbaDHl6ln/rUo2TzWbGYPqjpCYXi+iOng=='),
(531, 1, '2017-01-15 17:07:44', 0, 'udYnqZlNRVAoAXhTEdhBFRpVb0MTbG+YVrsBrSwvdz/3dSCPNiEbx19EP37nBrGra5sr9eEzTtx7rIcx2w0tDw=='),
(532, 1, '2017-01-15 17:23:35', 0, '6bqbHIZu4XZvJ4/BvNQ4TPCEIJh2hp1DlHMRBNf6wbPA8lqDRulR+FIMBeu5ymklQ2vuIbgVtAI='),
(533, 1, '2017-01-15 17:30:39', 0, 'WSUa+6zTKriJiooRBUXkAfCEIJh2hp1DlHMRBNf6wbPA8lqDRulR+Em6wXwlWWJVQ2vuIbgVtAI='),
(534, 1, '2017-01-15 17:39:06', 0, 'E7KqBEwQrEJoCuY4aMlTIxpVb0MTbG+YVrsBrSwvdz/3dSCPNiEbx3IifZpeTTchLqPpQXr6sXZ7rIcx2w0tDw=='),
(535, 1, '2017-01-15 17:40:06', 0, 't1BJi4fgOVrC4Tmjol6gxsMhOnV2AhNfLn6K1diH+UR8T0LaK/dVcWvuF9v7DHfWqOu0Sp54fgSjpCYXi+iOng=='),
(536, 1, '2017-01-15 17:41:51', 0, 'SO5/YAzbyQ5RwamTgL41ohpVb0MTbG+YVrsBrSwvdz/3dSCPNiEbx2w/WWnXI1zajgieV96+Sgt7rIcx2w0tDw=='),
(537, 1, '2017-01-15 17:44:09', 0, 'cXvLyxm2xotkefh37n0QAPCEIJh2hp1DlHMRBNf6wbPA8lqDRulR+Ozu/itYA8seQ2vuIbgVtAI='),
(538, 1, '2017-01-15 17:44:52', 0, 'BxVqvTBJkZL8N+uByAEWIMMhOnV2AhNfLn6K1diH+UR8T0LaK/dVce1URPgsj63KCxdWkHuO4TijpCYXi+iOng=='),
(539, 1, '2017-01-15 17:47:58', 0, 'CERsZEzwEe0FvJqf4Oqo2vCEIJh2hp1DlHMRBNf6wbPA8lqDRulR+MfyQwssQ0wGQ2vuIbgVtAI='),
(540, 1, '2017-01-15 17:55:32', 0, '00Gv9GkSV4fF6InPNh68IBpVb0MTbG+YVrsBrSwvdz/3dSCPNiEbx3lsFK3V2Mc1jgieV96+Sgt7rIcx2w0tDw=='),
(541, 1, '2017-01-15 17:59:14', 0, 'ac0g2Skgn9dNDN8pKLByXsMhOnV2AhNfLn6K1diH+UR8T0LaK/dVccq95qf+iFhJQkkl8p5al+KjpCYXi+iOng=='),
(542, 1, '2017-01-15 18:02:34', 0, 'exlb0L+YqPYiQcglcbK75sMhOnV2AhNfLn6K1diH+UR8T0LaK/dVcT5yBJrXzRjKceueryWXW72jpCYXi+iOng=='),
(543, 1, '2017-01-15 18:06:11', 0, '1SLWy9L9MrE78OlUHqoB5sMhOnV2AhNfLn6K1diH+UR8T0LaK/dVcQIqgoMQKxHxAO+hDYEg9zGjpCYXi+iOng=='),
(544, 1, '2017-01-15 18:07:40', 0, 'kaQBh/hz1VhcKqyFYsOIScMhOnV2AhNfLn6K1diH+UR8T0LaK/dVcSDK1OeJRpJw4QgowSABMS2jpCYXi+iOng=='),
(545, 1, '2017-01-15 18:13:03', 0, '+zQiaBoE8Ek4azgRnmar+vCEIJh2hp1DlHMRBNf6wbPA8lqDRulR+F5w/S3dG24RQ2vuIbgVtAI='),
(546, 1, '2017-01-15 22:40:49', 0, 'dZYCk26caUgh8PjDMhPppxpVb0MTbG+YVrsBrSwvdz/3dSCPNiEbx3A8pRS/v80IfXcyrElWFOp7rIcx2w0tDw=='),
(547, 1, '2017-01-15 22:44:14', 0, 'H1jhCyNbNenI4icjZ3TtmsMhOnV2AhNfLn6K1diH+UR8T0LaK/dVcZmSPBbBb8vCs9JVCsfHDjujpCYXi+iOng=='),
(548, 1, '2017-01-15 22:46:35', 0, 'ABQHEcFmHq9FX7cp/bX/dvCEIJh2hp1DlHMRBNf6wbPA8lqDRulR+Bjx34X/se0+Q2vuIbgVtAI='),
(549, 1, '2017-01-15 22:47:19', 0, '0gB3X5thVzB2Elwr5YKgwBpVb0MTbG+YVrsBrSwvdz/3dSCPNiEbx/hi0VtvYjfV2vjG//N2EMl7rIcx2w0tDw=='),
(550, 1, '2017-01-15 22:51:27', 0, 'JEh+UlVpy3qEc5L6Ui2dnhpVb0MTbG+YVrsBrSwvdz/3dSCPNiEbx/7cLGv4kAv0o6RMWM88+g17rIcx2w0tDw=='),
(551, 1, '2017-01-15 22:54:04', 0, 'Z1GWg3szPdOaKKuu5QyS/vCEIJh2hp1DlHMRBNf6wbPA8lqDRulR+BTsZ3mk619SQ2vuIbgVtAI='),
(552, 1, '2017-01-15 22:56:38', 0, 'L4PcrJPaPHQNnhff7i8F7hpVb0MTbG+YVrsBrSwvdz/3dSCPNiEbx8/AcHGjL+Ax2vjG//N2EMl7rIcx2w0tDw=='),
(553, 1, '2017-01-15 22:58:05', 0, '1PpvGIorHGLBqnScqOQ+GBpVb0MTbG+YVrsBrSwvdz/3dSCPNiEbx7orArTA1Mume+BWIvokDvB7rIcx2w0tDw=='),
(554, 1, '2017-01-15 23:02:52', 0, 'oEIhPSLslb6LVpiNAS9pOxpVb0MTbG+YVrsBrSwvdz/3dSCPNiEbx3kn47meGI8we+BWIvokDvB7rIcx2w0tDw=='),
(555, 1, '2017-01-15 23:19:52', 0, 'P5AUSLYv2Rce6mKqzymR2wfQTXCRgijLj0hslw33O9ywh+9GkqOnLaRh4LPNHePj1RXzzLIInfI='),
(556, 1, '2017-01-15 23:25:19', 0, '7DJ/W1dqXwg39iqXd5m+z8MhOnV2AhNfLn6K1diH+UR8T0LaK/dVccxrHTwd536jWUno33TDo3ejpCYXi+iOng=='),
(557, 1, '2017-01-15 23:26:18', 0, '5FuepDh8b9q0XzidP23ZKBpVb0MTbG+YVrsBrSwvdz/3dSCPNiEbxxMsTx51UsUs2vjG//N2EMl7rIcx2w0tDw=='),
(558, 1, '2017-01-15 23:38:56', 0, 'FsCQSu3r1HHPJSvU+Lui6RpVb0MTbG+YVrsBrSwvdz/3dSCPNiEbx0lF7vbYFgmY2vjG//N2EMl7rIcx2w0tDw=='),
(559, 1, '2017-01-15 23:40:18', 0, '1I7gBgplCGfiSUQnZ665rBpVb0MTbG+YVrsBrSwvdz/3dSCPNiEbx1vUDHWK9Wy3mZE95gFhV357rIcx2w0tDw=='),
(560, 1, '2017-01-15 23:42:57', 0, 'BwTkYn3+ODkbo0l5MrXSQBpVb0MTbG+YVrsBrSwvdz/3dSCPNiEbx3kHfHt25nvrjgieV96+Sgt7rIcx2w0tDw=='),
(561, 1, '2017-01-15 23:44:04', 0, '0KT202/CGqhvJ4/BvNQ4TPCEIJh2hp1DlHMRBNf6wbPA8lqDRulR+F6X1r0MDycMQ2vuIbgVtAI='),
(562, 1, '2017-01-15 23:59:20', 0, 'EvimyAyoKPeEc5L6Ui2dnhpVb0MTbG+YVrsBrSwvdz/3dSCPNiEbx/Q4Yqtkw9KgLqPpQXr6sXZ7rIcx2w0tDw=='),
(563, 1, '2017-01-22 16:01:19', 0, '1FpQMmHtVPaJiooRBUXkAfCEIJh2hp1DlHMRBNf6wbP9juImFucbFesQakQEVzCjQ2vuIbgVtAI='),
(564, 1, '2017-01-22 16:47:57', 0, 'Pj0aROq3NOYdb7I/UTPuisMhOnV2AhNfLn6K1diH+UR8T0LaK/dVcYttib10/aPfLCz9UEApM2qjpCYXi+iOng=='),
(565, 1, '2017-01-22 16:49:37', 0, 'y5cqrIjkpKn57vV5k2ZKOPCEIJh2hp1DlHMRBNf6wbP9juImFucbFTmDX54ooDN9Q2vuIbgVtAI='),
(566, 1, '2017-01-22 16:50:39', 0, '027zbeAOja8vCQ7quj+1lxpVb0MTbG+YVrsBrSwvdz/T1CWYKhJ9CKUamssVFotWAxa65VqdYJx7rIcx2w0tDw=='),
(567, 1, '2017-01-23 13:54:21', 0, 'VFoEgagLq9pFX7cp/bX/dvCEIJh2hp1DlHMRBNf6wbP1D5t6foyN0xD84b/2bRfoQ2vuIbgVtAI='),
(568, 1, '2017-01-23 15:30:17', 0, 'i2TFW5h8pW8kpBnY/lu9rhpVb0MTbG+YVrsBrSwvdz/T1CWYKhJ9CFJEKVYVLnTP9gOraSU1B9V7rIcx2w0tDw=='),
(569, 1, '2017-01-23 15:43:21', 0, 'P3wMMU5+cCr8NQjRLXMKzhpVb0MTbG+YVrsBrSwvdz/T1CWYKhJ9CNL6cNxE/RCVLqPpQXr6sXZ7rIcx2w0tDw=='),
(570, 1, '2017-01-23 15:49:28', 0, 'tdjq0tN5BFMuYU7SWkrNyMMhOnV2AhNfLn6K1diH+UR8T0LaK/dVcfPIuKdbReP4syrQvcyHSs6jpCYXi+iOng=='),
(571, 1, '2017-01-23 17:34:36', 0, 'm9poV0h80BbBIeq6r/X8ThpVb0MTbG+YVrsBrSwvdz/T1CWYKhJ9CI3um7x/QXfk2vjG//N2EMl7rIcx2w0tDw==');

-- --------------------------------------------------------

--
-- 表的结构 `jianghu_unread_praise`
--

CREATE TABLE IF NOT EXISTS `jianghu_unread_praise` (
  `id` int(10) unsigned NOT NULL AUTO_INCREMENT,
  `user_id` int(10) unsigned NOT NULL,
  `praise_id` int(10) unsigned NOT NULL COMMENT '点赞id',
  `time` datetime NOT NULL COMMENT '消息时间',
  PRIMARY KEY (`id`)
) ENGINE=InnoDB DEFAULT CHARSET=utf8 COMMENT='未读消息-点赞表' AUTO_INCREMENT=1 ;

-- --------------------------------------------------------

--
-- 表的结构 `jianghu_user`
--

CREATE TABLE IF NOT EXISTS `jianghu_user` (
  `id` int(10) unsigned NOT NULL AUTO_INCREMENT,
  `username` varchar(20) NOT NULL,
  `password` varchar(50) NOT NULL,
  `sex` tinyint(3) unsigned NOT NULL DEFAULT '0' COMMENT '性别：0为男，1为女',
  `phonenum` varchar(30) NOT NULL,
  `addr` text NOT NULL COMMENT '地址',
  `praisenum` int(10) unsigned NOT NULL DEFAULT '0' COMMENT '口碑',
  `temp_praisenum` tinyint(3) unsigned NOT NULL COMMENT '临时存放来自江湖的点赞，当满10的时候praisenum就加一，这个就清零',
  `birthday` date NOT NULL,
  `description` text NOT NULL COMMENT '个人简介',
  `faceurl` varchar(100) NOT NULL COMMENT '头像url',
  `facepath` varchar(100) NOT NULL COMMENT '头像路径',
  `jointime` date NOT NULL COMMENT '注册时间',
  `email` varchar(20) NOT NULL,
  `isban` tinyint(4) NOT NULL DEFAULT '0' COMMENT '若用户被禁用则为1，否则为0',
  `allpraise` int(10) unsigned NOT NULL COMMENT '总点赞',
  `allforward` mediumint(8) unsigned NOT NULL,
  `alloppose` int(10) unsigned NOT NULL COMMENT '总踩量',
  `unreadnum` tinyint(3) unsigned NOT NULL COMMENT '新的未读推荐数',
  `qq_id` varchar(80) NOT NULL COMMENT 'qq平台id',
  `wechat_id` varchar(80) NOT NULL,
  PRIMARY KEY (`id`)
) ENGINE=InnoDB  DEFAULT CHARSET=utf8 AUTO_INCREMENT=93 ;

--
-- 转存表中的数据 `jianghu_user`
--

INSERT INTO `jianghu_user` (`id`, `username`, `password`, `sex`, `phonenum`, `addr`, `praisenum`, `temp_praisenum`, `birthday`, `description`, `faceurl`, `facepath`, `jointime`, `email`, `isban`, `allpraise`, `allforward`, `alloppose`, `unreadnum`, `qq_id`, `wechat_id`) VALUES
(1, 'new', '123', 1, '13202063303', '广州市', 668, 5, '0000-00-00', '这是1的个人简介', 'http://121.42.203.85/jianghu/Uploads/2017-01-15/587b1e512bafc.png', './Uploads/2017-01-15/587b1e512bafc.png', '0000-00-00', '', 0, 7, 1, 3, 0, '0', '0'),
(2, 'chen', '202cb962ac59075b964b07152d234b70', 1, '13202063303', '广州市', 62, 0, '0000-00-00', '', 'http://localhost/jianghu/Uploads/2016-09-26/57e8bd94a0caf.jpg', './Uploads/2016-09-26/57e8bd94a0caf.jpg', '0000-00-00', '', 1, 0, 1, 0, 8, '0', '0'),
(3, 'wang', '202cb962ac59075b964b07152d234b70', 1, '13202063303', '广州市', 66, 0, '0000-00-00', '', 'http://localhost/jianghu/Uploads/2016-09-26/57e8bd9ad534b.jpg', './Uploads/2016-09-26/57e8bd9ad534b.jpg', '0000-00-00', '', 1, 0, 1, 0, 34, '0', '0'),
(4, 'huang', '202cb962ac59075b964b07152d234b70', 1, '13202063303', '广州市', 36, 0, '0000-00-00', '', 'http://localhost/jianghu/Uploads/2016-09-26/57e8bda1309a3.jpg', './Uploads/2016-09-26/57e8bda1309a3.jpg', '0000-00-00', '', 0, 3, 3, 10, 11, '0', '0'),
(5, 'li', '202cb962ac59075b964b07152d234b70', 1, '13202063303', '广州市', 4, 0, '0000-00-00', '', 'http://localhost/jianghu/Uploads/2016-09-26/57e8bda72d51d.jpg', './Uploads/2016-09-26/57e8bda72d51d.jpg', '0000-00-00', '', 0, 0, 0, 0, 6, '0', '0'),
(6, 'hong', '202cb962ac59075b964b07152d234b70', 1, '', '', 2, 0, '0000-00-00', '', '', '', '0000-00-00', '', 1, 0, 0, 0, 6, '0', '0'),
(7, 'ming', 'd41d8cd98f00b204e9800998ecf8427e', 1, '', '', 1, 0, '0000-00-00', '', '', '', '0000-00-00', '', 0, 0, 0, 0, 6, '0', '0'),
(8, 'jiao', '202cb962ac59075b964b07152d234b70', 1, '', '', 1, 0, '0000-00-00', '', '', '', '0000-00-00', '', 0, 0, 0, 0, 0, '0', '0'),
(10, '1', '202cb962ac59075b964b07152d234b70', 0, '13202063304', '不说', 6, 0, '0000-00-00', '', '', '', '2016-10-11', '', 0, 0, 0, 0, 1, '0', '0'),
(11, '2', '202cb962ac59075b964b07152d234b70', 0, '13202063304', '不说', 0, 0, '0000-00-00', '', '', '', '2016-10-11', '', 0, 0, 0, 0, 0, '0', '0'),
(12, '3', '202cb962ac59075b964b07152d234b70', 0, '13202063304', '不说', 0, 0, '0000-00-00', '', '', '', '2016-10-11', '', 0, 0, 0, 0, 0, '0', '0'),
(13, '4', '202cb962ac59075b964b07152d234b70', 1, '13202063303', '', 0, 0, '0000-00-00', '', '', '', '2016-10-11', '', 0, 0, 0, 0, 0, '0', '0'),
(14, '5', '202cb962ac59075b964b07152d234b70', 1, '13202063303', '', 0, 0, '0000-00-00', '', '', '', '2016-10-11', '', 0, 0, 0, 0, 0, '0', '0'),
(15, '6', '202cb962ac59075b964b07152d234b70', 1, '13202063303', '', 1, 0, '0000-00-00', '', '', '', '2016-10-11', '', 0, 0, 0, 0, 1, '0', '0'),
(16, '7', '202cb962ac59075b964b07152d234b70', 1, '13202063303', '', 0, 0, '0000-00-00', '', '', '', '2016-10-11', '', 0, 0, 0, 0, 0, '0', '0'),
(17, 'A', '202cb962ac59075b964b07152d234b70', 1, '', '', 38, 0, '0000-00-00', '', '', '', '2016-10-14', '', 0, 4, 0, 4, 0, '0', '0'),
(18, 'B', '202cb962ac59075b964b07152d234b70', 1, '', '', 14, 0, '0000-00-00', '', '', '', '2016-10-14', '', 0, 2, 0, 0, 7, '0', '0'),
(19, 'C', '202cb962ac59075b964b07152d234b70', 1, '', '', 30, 0, '0000-00-00', '', '', '', '2016-10-14', '', 0, 0, 0, 0, 1, '0', '0'),
(20, 'D', '202cb962ac59075b964b07152d234b70', 1, '', '', 3, 0, '0000-00-00', '', '', '', '2016-10-14', '', 0, 1, 0, 0, 5, '0', '0'),
(21, 'F', '202cb962ac59075b964b07152d234b70', 1, '', '', 4, 0, '0000-00-00', '', '', '', '2016-10-14', '', 0, 0, 0, 0, 0, '0', '0'),
(22, 'H', '202cb962ac59075b964b07152d234b70', 1, '13202063303', '', 0, 0, '0000-00-00', '', '', '', '2016-10-16', '', 0, 0, 0, 0, 0, '0', '0'),
(23, 'J', '202cb962ac59075b964b07152d234b70', 1, '1320206', '', 1, 0, '0000-00-00', '', '', '', '2016-10-16', '', 0, 0, 0, 0, 0, '0', '0'),
(24, 'K', '202cb962ac59075b964b07152d234b70', 1, '1320206', '', 0, 0, '0000-00-00', '', '', '', '2016-10-16', '', 0, 0, 0, 0, 0, '0', '0'),
(25, 'L', '202cb962ac59075b964b07152d234b70', 1, '1320206', '', 4, 0, '0000-00-00', '', '', '', '2016-10-16', '', 0, 0, 0, 0, 0, '0', '0'),
(26, 'M', '202cb962ac59075b964b07152d234b70', 1, '1320206', '', 25, 0, '0000-00-00', '', '', '', '2016-10-16', '', 0, 0, 0, 0, 1, '0', '0'),
(27, 'test1', '202cb962ac59075b964b07152d234b70', 1, '100000', '', 7, 0, '0000-00-00', '', '', '', '2016-11-07', '', 0, 0, 0, 0, 0, '0', '0'),
(28, 'test2', '202cb962ac59075b964b07152d234b70', 1, '100000', '', 1, 0, '0000-00-00', '', '', '', '2016-11-07', '', 0, 0, 0, 0, 0, '0', '0'),
(29, 'test3', '202cb962ac59075b964b07152d234b70', 1, '100003', '', 1, 0, '0000-00-00', '', '', '', '2016-11-07', '', 0, 0, 0, 0, 0, '0', '0'),
(30, 'test4', '202cb962ac59075b964b07152d234b70', 1, '100004', '', 1, 0, '0000-00-00', '', '', '', '2016-11-07', '', 0, 0, 0, 0, 0, '0', '0'),
(31, 'test5', '202cb962ac59075b964b07152d234b70', 1, '100005', '', 3, 0, '0000-00-00', '', '', '', '2016-11-07', '', 0, 0, 0, 0, 0, '0', '0'),
(32, 'test6', '202cb962ac59075b964b07152d234b70', 1, '100006', '', 1, 0, '0000-00-00', '', '', '', '2016-11-08', '', 0, 0, 0, 0, 0, '0', '0'),
(33, 'test7', '202cb962ac59075b964b07152d234b70', 1, '100007', '', 1, 0, '0000-00-00', '', '', '', '2016-11-08', '', 0, 0, 0, 0, 0, '0', '0'),
(34, 'test8', '202cb962ac59075b964b07152d234b70', 1, '100008', '', 0, 0, '0000-00-00', '', '', '', '2016-11-08', '', 0, 0, 0, 0, 0, '0', '0'),
(35, 'test9', '202cb962ac59075b964b07152d234b70', 1, '100009', '', 1, 0, '0000-00-00', '', '', '', '2016-11-08', '', 0, 0, 0, 0, 0, '0', '0'),
(36, 'test10', '202cb962ac59075b964b07152d234b70', 1, '1000010', '', 1, 0, '0000-00-00', '', '', '', '2016-11-08', '', 0, 0, 0, 0, 0, '0', '0'),
(37, 'test11', '202cb962ac59075b964b07152d234b70', 1, '1000011', '', 1, 0, '0000-00-00', '', '', '', '2016-11-08', '', 0, 0, 0, 0, 0, '0', '0'),
(38, 'test12', '202cb962ac59075b964b07152d234b70', 1, '1000012', '', 1, 0, '0000-00-00', '', '', '', '2016-11-08', '', 0, 0, 0, 0, 0, '0', '0'),
(39, 'test13', '202cb962ac59075b964b07152d234b70', 1, '1000013', '', 21, 0, '0000-00-00', '', '', '', '2016-11-08', '', 0, 0, 0, 0, 0, '0', '0'),
(40, 'test16', '202cb962ac59075b964b07152d234b70', 1, '1000013', '', 0, 0, '0000-00-00', '', '', '', '2016-11-26', '', 0, 0, 0, 0, 0, '0', '0'),
(41, 'test17', '202cb962ac59075b964b07152d234b70', 1, '1000017', '', 1, 0, '0000-00-00', '', '', '', '2016-11-26', '', 0, 0, 0, 0, 0, '0', '0'),
(42, 'test18', '202cb962ac59075b964b07152d234b70', 1, '1000018', '', 1, 0, '0000-00-00', '', '', '', '2016-11-26', '', 0, 0, 0, 0, 0, '0', '0'),
(43, 'test19', '202cb962ac59075b964b07152d234b70', 1, '1000019', '', 1, 0, '0000-00-00', '', '', '', '2016-11-26', '', 0, 0, 0, 0, 0, '0', '0'),
(44, 'test20', '202cb962ac59075b964b07152d234b70', 1, '1000020', '', 1, 0, '0000-00-00', '', '', '', '2016-11-26', '', 0, 0, 0, 0, 0, '0', '0'),
(45, 'test21', '202cb962ac59075b964b07152d234b70', 1, '1000021', '', 7, 0, '0000-00-00', '', '', '', '2016-11-26', '', 0, 0, 0, 0, 0, '0', '0'),
(46, 'test22', '202cb962ac59075b964b07152d234b70', 1, '1000022', '', 1, 0, '0000-00-00', '', '', '', '2016-11-26', '', 0, 0, 0, 0, 0, '0', '0'),
(47, 'test23', '202cb962ac59075b964b07152d234b70', 1, '1000023', '', 1, 0, '0000-00-00', '', '', '', '2016-11-26', '', 0, 0, 0, 0, 0, '0', '0'),
(48, 'test24', '202cb962ac59075b964b07152d234b70', 1, '1000024', '', 1, 0, '0000-00-00', '', '', '', '2016-11-26', '', 0, 0, 0, 0, 0, '0', '0'),
(49, 'test25', '202cb962ac59075b964b07152d234b70', 1, '1000025', '', 1, 0, '0000-00-00', '', '', '', '2016-12-05', '', 0, 0, 0, 0, 0, '0', '0'),
(50, 'test26', '202cb962ac59075b964b07152d234b70', 1, '1000026', '', 1, 0, '0000-00-00', '', '', '', '2016-12-20', '', 0, 0, 0, 0, 0, '0', '0'),
(51, 'test27', '202cb962ac59075b964b07152d234b70', 1, '1000027', '', 0, 0, '0000-00-00', '', '', '', '2016-12-24', '', 0, 0, 0, 0, 0, '0', '0'),
(52, 'test28', '202cb962ac59075b964b07152d234b70', 1, '1000028', '', 0, 0, '0000-00-00', '', '', '', '2016-12-24', '', 0, 0, 0, 0, 0, '0', '0'),
(53, 'test29', '202cb962ac59075b964b07152d234b70', 1, '1000029', '', 0, 0, '0000-00-00', '', '', '', '2016-12-24', '', 0, 0, 0, 0, 0, '0', '0'),
(54, 'test30', '202cb962ac59075b964b07152d234b70', 1, '1000030', '', 0, 0, '0000-00-00', '', '', '', '2016-12-24', '', 0, 0, 0, 0, 0, '0', '0'),
(55, 'test31', '202cb962ac59075b964b07152d234b70', 1, '1000031', '', 0, 0, '0000-00-00', '', '', '', '2016-12-24', '', 0, 0, 0, 0, 0, '0', '0'),
(56, 'test32', '202cb962ac59075b964b07152d234b70', 1, '1000032', '', 0, 0, '0000-00-00', '', '', '', '2016-12-24', '', 0, 0, 0, 0, 0, '0', '0'),
(57, 'test33', '202cb962ac59075b964b07152d234b70', 1, '1000033', '', 0, 0, '0000-00-00', '', '', '', '2016-12-24', '', 0, 0, 0, 0, 0, '0', '0'),
(58, 'test34', '123', 1, '1000034', '', 0, 0, '0000-00-00', '', '', '', '2016-12-24', '', 0, 0, 0, 0, 0, '0', '0'),
(59, 'test35', '123', 1, '1000035', '', 0, 0, '0000-00-00', '', '', '', '2016-12-24', '', 0, 0, 0, 0, 0, '0', '0'),
(60, 'test36', '123', 1, '1000036', '', 0, 0, '0000-00-00', '', '', '', '2016-12-24', '', 0, 0, 0, 0, 0, '0', '0'),
(61, 'test37', '123', 1, '1000037', '', 0, 0, '0000-00-00', '', '', '', '2016-12-24', '', 0, 0, 0, 0, 0, '0', '0'),
(62, 'test38', '123', 1, '1000038', '', 0, 0, '0000-00-00', '', '', '', '2016-12-24', '', 0, 0, 0, 0, 0, '0', '0'),
(63, 'test39', '123', 1, '1000039', '', 0, 0, '0000-00-00', '', '', '', '2016-12-24', '', 0, 0, 0, 0, 0, '0', '0'),
(64, 'test40', '123', 1, '1000040', '', 1, 0, '0000-00-00', '', '', '', '2016-12-24', '', 0, 0, 0, 0, 0, '0', '0'),
(65, '新融云用户名', '123', 1, '1000041', '', 3, 0, '0000-00-00', '', 'http://121.42.203.85/jianghu/Uploads/2016-11-26/58396d2698c28.jpg', './Uploads/2016-11-26/58396d2698c28.jpg', '2016-12-24', '', 0, 0, 0, 0, 0, '0', '0'),
(66, '123', '123', 0, '18826103743', '', 9, 0, '0000-00-00', '', '', '', '2017-01-04', '', 0, 0, 0, 0, 0, '0', '0'),
(67, 'test50', '123', 1, '1000050', '', 1, 0, '0000-00-00', '', '', '', '2017-01-04', '""', 0, 0, 0, 0, 0, '0', '0'),
(68, 'test51', '123', 1, '1000051', '', 1, 0, '0000-00-00', '', '', '', '2017-01-04', '""', 0, 0, 0, 0, 0, '0', '0'),
(69, 'test52', '123', 1, '1000052', '', 1, 0, '0000-00-00', '', '', '', '2017-01-04', '""', 0, 0, 0, 0, 0, '0', '0'),
(70, 'test53', '123', 1, '1000053', '', 1, 0, '0000-00-00', '', '', '', '2017-01-04', '""', 0, 0, 0, 0, 0, '0', '0'),
(71, 'test54', '123', 1, '1000054', '', 1, 0, '0000-00-00', '', '', '', '2017-01-04', '""', 0, 0, 0, 0, 0, '0', '0'),
(72, 'test55', '123', 1, '1000055', '', 1, 0, '0000-00-00', '', '""', '', '2017-01-05', '""', 0, 0, 0, 0, 0, '0', '0'),
(73, 'test56', '123', 1, '1000056', '', 1, 0, '0000-00-00', '', '', '', '2017-01-05', '', 0, 0, 0, 0, 0, '0', '0'),
(74, 'test57', '123', 1, '1000057', '', 1, 0, '0000-00-00', '', '', '', '2017-01-05', '', 0, 0, 0, 0, 0, '0', '0'),
(75, 'test58', '123', 1, '1000058', '', 0, 0, '0000-00-00', '', '', '', '2017-01-05', '', 0, 0, 0, 0, 0, '0', '0'),
(76, 'test59', '123', 1, '1000059', '', 0, 0, '0000-00-00', '', '', '', '2017-01-05', '', 0, 0, 0, 0, 0, '0', '0'),
(77, 'test60', '123', 1, '1000060', '', 0, 0, '0000-00-00', '', '', '', '2017-01-05', '', 0, 0, 0, 0, 0, '0', '0'),
(78, 'test61', '123', 1, '1000061', '', 0, 0, '0000-00-00', '', '', '', '2017-01-05', '', 0, 0, 0, 0, 0, '0', '0'),
(79, 'test62', '123', 1, '1000062', '', 0, 0, '0000-00-00', '', '', '', '2017-01-05', '', 0, 0, 0, 0, 0, '0', '0'),
(80, 'test63', '123', 1, '1000063', '', 0, 0, '0000-00-00', '', '', '', '2017-01-05', '', 0, 0, 0, 0, 0, '0', '0'),
(81, 'test64', '123', 1, '1000064', '', 0, 0, '0000-00-00', '', '', '', '2017-01-05', '', 0, 0, 0, 0, 0, '0', '0'),
(82, 'test65', '123', 1, '1000065', '', 1, 0, '0000-00-00', '', '', '', '2017-01-05', '', 0, 0, 0, 0, 0, '0', '0'),
(83, 'test66', '123', 1, '1000066', '', 2, 0, '0000-00-00', '', '', '', '2017-01-05', '', 0, 0, 0, 0, 0, '0', '0'),
(84, 'test67', '123', 1, '1000067', '', 1, 0, '0000-00-00', '', '', '', '2017-01-05', '', 0, 0, 0, 0, 0, '0', '0'),
(85, 'orS2IoTHr', '123', 1, '1000065', '', 0, 0, '0000-00-00', '', 'http://121.42.203.85/jianghu/Public/default/userface.png', '', '2017-01-05', '', 0, 0, 0, 0, 0, '0', '0'),
(86, 'G1I8IQ5hW', '123', 1, '1000066', '', 0, 0, '0000-00-00', '', 'http://121.42.203.85/jianghu/Public/default/userface.png', '', '2017-01-05', '', 0, 0, 0, 0, 0, '0', '0'),
(87, '4buwQBFds', '123', 1, '1000066', '', 0, 0, '0000-00-00', '', 'http://121.42.203.85/jianghu/Public/default/userface.png', '', '2017-01-05', '', 0, 0, 0, 0, 0, '0', '0'),
(88, 'uVABhh3Az', '123', 1, '1000070', '', 1, 0, '0000-00-00', '', 'http://121.42.203.85/jianghu/Public/default/userface.png', '', '2017-01-05', '', 0, 0, 0, 0, 0, '0', '0'),
(89, '4wBiBVMug', '123', 1, '1000071', '', 1, 0, '0000-00-00', '', 'http://121.42.203.85/jianghu/Public/images/default/userface.png', '', '2017-01-05', '', 0, 0, 0, 0, 0, '0', '0'),
(90, 'test80', '123', 1, '1000080', '', 1, 0, '0000-00-00', '', 'http://121.42.203.85/jianghu/Public/images/default/userface.png', '', '2017-01-13', '', 0, 0, 0, 0, 0, '', ''),
(91, 'test81', '123', 1, '1000081', '', 2, 0, '0000-00-00', '', 'http://121.42.203.85/jianghu/Public/images/default/userface.png', '', '2017-01-13', '', 0, 0, 0, 0, 0, '', '11181'),
(92, 'test82', '123', 1, '1000082', '', 3, 0, '0000-00-00', '', 'http://121.42.203.85/jianghu/Public/images/default/userface.png', '', '2017-01-13', '', 0, 0, 0, 0, 0, '22282', '');

-- --------------------------------------------------------

--
-- 表的结构 `jianghu_user_domain`
--

CREATE TABLE IF NOT EXISTS `jianghu_user_domain` (
  `id` int(10) unsigned NOT NULL AUTO_INCREMENT,
  `user_id` int(10) unsigned NOT NULL COMMENT '用户id',
  `domain` varchar(30) NOT NULL,
  PRIMARY KEY (`id`)
) ENGINE=InnoDB  DEFAULT CHARSET=utf8 COMMENT='领域表' AUTO_INCREMENT=112 ;

--
-- 转存表中的数据 `jianghu_user_domain`
--

INSERT INTO `jianghu_user_domain` (`id`, `user_id`, `domain`) VALUES
(3, 8, '小A'),
(4, 8, '小B'),
(5, 8, '小c'),
(6, 9, '0'),
(7, 9, '0'),
(8, 9, '0'),
(9, 10, '0'),
(10, 10, '0'),
(11, 10, '0'),
(12, 11, '0'),
(13, 11, '0'),
(14, 11, '0'),
(15, 12, '0'),
(16, 12, '0'),
(17, 12, '0'),
(18, 13, '0'),
(19, 13, '0'),
(20, 13, '0'),
(21, 14, '0'),
(22, 14, '0'),
(23, 14, '0'),
(24, 15, '0'),
(25, 15, '0'),
(26, 15, '0'),
(27, 16, '0'),
(28, 16, '0'),
(29, 16, '0'),
(30, 17, '0'),
(31, 17, '0'),
(32, 17, '0'),
(33, 18, '0'),
(34, 18, '0'),
(35, 18, '0'),
(36, 19, '0'),
(37, 19, '0'),
(38, 19, '0'),
(39, 20, '0'),
(40, 20, '0'),
(41, 20, '0'),
(42, 21, '0'),
(43, 21, '0'),
(44, 21, '0'),
(45, 25, '0'),
(46, 26, '0'),
(47, 26, '0'),
(48, 26, '0'),
(49, 29, '0'),
(50, 29, '0'),
(51, 29, '0'),
(52, 30, '0'),
(53, 30, '0'),
(54, 30, '0'),
(55, 31, '0'),
(56, 31, '0'),
(57, 31, '0'),
(58, 33, ''),
(59, 33, ''),
(60, 33, ''),
(61, 34, '美食'),
(62, 34, '运动'),
(63, 35, '美食'),
(64, 35, '运动'),
(65, 36, '美食'),
(66, 36, '运动'),
(67, 37, '美食'),
(68, 37, '运动'),
(69, 38, '美食'),
(70, 38, '运动'),
(71, 39, '美食'),
(72, 39, '运动'),
(73, 40, '美食'),
(74, 41, '美食'),
(75, 41, ''),
(76, 44, '美食'),
(77, 44, '运动'),
(78, 44, '娱乐'),
(79, 45, '美食'),
(80, 45, '运动'),
(81, 45, '娱乐'),
(82, 46, '美食'),
(83, 46, '运动'),
(84, 46, '娱乐'),
(85, 47, '美食'),
(86, 47, '运动'),
(87, 47, '娱乐'),
(88, 48, '美食'),
(89, 48, '运动'),
(90, 48, '娱乐'),
(91, 49, '运动'),
(92, 49, '运动'),
(93, 49, '运动'),
(94, 66, '运动'),
(95, 66, '娱乐'),
(96, 66, '休闲'),
(97, 75, '美食'),
(98, 76, '美食'),
(99, 77, '美食'),
(100, 80, '美食'),
(101, 81, '美食'),
(102, 84, '美食'),
(103, 84, '运动'),
(104, 85, '美食'),
(105, 86, '美食'),
(106, 87, '美食'),
(107, 88, '美食'),
(108, 89, '美食'),
(109, 90, '美食'),
(110, 91, '美食'),
(111, 92, '美食');

-- --------------------------------------------------------

--
-- 表的结构 `jianghu_user_report`
--

CREATE TABLE IF NOT EXISTS `jianghu_user_report` (
  `id` mediumint(8) unsigned NOT NULL AUTO_INCREMENT,
  `user_id` mediumint(9) NOT NULL COMMENT '举报者id',
  `reported_id` mediumint(9) NOT NULL COMMENT '被举报者id',
  `text` text NOT NULL COMMENT '举报内容',
  `time` datetime NOT NULL,
  `state` tinyint(1) NOT NULL COMMENT '0是未处理，1是已处理',
  PRIMARY KEY (`id`)
) ENGINE=InnoDB  DEFAULT CHARSET=utf8 COMMENT='用户举报表' AUTO_INCREMENT=6 ;

--
-- 转存表中的数据 `jianghu_user_report`
--

INSERT INTO `jianghu_user_report` (`id`, `user_id`, `reported_id`, `text`, `time`, `state`) VALUES
(3, 1, 2, '对2的举报', '2017-01-04 15:38:15', 1),
(4, 1, 2, '对2的举报', '2017-01-05 23:40:09', 1),
(5, 1, 3, '对2的举报', '2017-01-05 23:41:33', 2);

-- --------------------------------------------------------

--
-- 表的结构 `jianghu_weekend_reputation`
--

CREATE TABLE IF NOT EXISTS `jianghu_weekend_reputation` (
  `id` mediumint(8) unsigned NOT NULL AUTO_INCREMENT,
  `user_id` mediumint(8) unsigned NOT NULL,
  `reputationnum` smallint(5) unsigned NOT NULL COMMENT '口碑数',
  `date` date NOT NULL,
  `state` tinyint(4) NOT NULL COMMENT '0为正常，1为过期',
  PRIMARY KEY (`id`)
) ENGINE=InnoDB  DEFAULT CHARSET=utf8 COMMENT='周末用户口碑统计表，用于口碑排名' AUTO_INCREMENT=945 ;

--
-- 转存表中的数据 `jianghu_weekend_reputation`
--

INSERT INTO `jianghu_weekend_reputation` (`id`, `user_id`, `reputationnum`, `date`, `state`) VALUES
(854, 1, 659, '2017-01-22', 0),
(855, 2, 62, '2017-01-22', 0),
(856, 3, 66, '2017-01-22', 0),
(857, 4, 36, '2017-01-22', 0),
(858, 5, 4, '2017-01-22', 0),
(859, 6, 2, '2017-01-22', 0),
(860, 7, 1, '2017-01-22', 0),
(861, 8, 1, '2017-01-22', 0),
(862, 10, 6, '2017-01-22', 0),
(863, 11, 0, '2017-01-22', 0),
(864, 12, 0, '2017-01-22', 0),
(865, 13, 0, '2017-01-22', 0),
(866, 14, 0, '2017-01-22', 0),
(867, 15, 1, '2017-01-22', 0),
(868, 16, 0, '2017-01-22', 0),
(869, 17, 38, '2017-01-22', 0),
(870, 18, 14, '2017-01-22', 0),
(871, 19, 30, '2017-01-22', 0),
(872, 20, 3, '2017-01-22', 0),
(873, 21, 4, '2017-01-22', 0),
(874, 22, 0, '2017-01-22', 0),
(875, 23, 1, '2017-01-22', 0),
(876, 24, 0, '2017-01-22', 0),
(877, 25, 4, '2017-01-22', 0),
(878, 26, 25, '2017-01-22', 0),
(879, 27, 7, '2017-01-22', 0),
(880, 28, 1, '2017-01-22', 0),
(881, 29, 1, '2017-01-22', 0),
(882, 30, 1, '2017-01-22', 0),
(883, 31, 3, '2017-01-22', 0),
(884, 32, 1, '2017-01-22', 0),
(885, 33, 1, '2017-01-22', 0),
(886, 34, 0, '2017-01-22', 0),
(887, 35, 1, '2017-01-22', 0),
(888, 36, 1, '2017-01-22', 0),
(889, 37, 1, '2017-01-22', 0),
(890, 38, 1, '2017-01-22', 0),
(891, 39, 21, '2017-01-22', 0),
(892, 40, 0, '2017-01-22', 0),
(893, 41, 1, '2017-01-22', 0),
(894, 42, 1, '2017-01-22', 0),
(895, 43, 1, '2017-01-22', 0),
(896, 44, 1, '2017-01-22', 0),
(897, 45, 7, '2017-01-22', 0),
(898, 46, 1, '2017-01-22', 0),
(899, 47, 1, '2017-01-22', 0),
(900, 48, 1, '2017-01-22', 0),
(901, 49, 1, '2017-01-22', 0),
(902, 50, 1, '2017-01-22', 0),
(903, 51, 0, '2017-01-22', 0),
(904, 52, 0, '2017-01-22', 0),
(905, 53, 0, '2017-01-22', 0),
(906, 54, 0, '2017-01-22', 0),
(907, 55, 0, '2017-01-22', 0),
(908, 56, 0, '2017-01-22', 0),
(909, 57, 0, '2017-01-22', 0),
(910, 58, 0, '2017-01-22', 0),
(911, 59, 0, '2017-01-22', 0),
(912, 60, 0, '2017-01-22', 0),
(913, 61, 0, '2017-01-22', 0),
(914, 62, 0, '2017-01-22', 0),
(915, 63, 0, '2017-01-22', 0),
(916, 64, 1, '2017-01-22', 0),
(917, 65, 3, '2017-01-22', 0),
(918, 66, 9, '2017-01-22', 0),
(919, 67, 1, '2017-01-22', 0),
(920, 68, 1, '2017-01-22', 0),
(921, 69, 1, '2017-01-22', 0),
(922, 70, 1, '2017-01-22', 0),
(923, 71, 1, '2017-01-22', 0),
(924, 72, 1, '2017-01-22', 0),
(925, 73, 1, '2017-01-22', 0),
(926, 74, 1, '2017-01-22', 0),
(927, 75, 0, '2017-01-22', 0),
(928, 76, 0, '2017-01-22', 0),
(929, 77, 0, '2017-01-22', 0),
(930, 78, 0, '2017-01-22', 0),
(931, 79, 0, '2017-01-22', 0),
(932, 80, 0, '2017-01-22', 0),
(933, 81, 0, '2017-01-22', 0),
(934, 82, 1, '2017-01-22', 0),
(935, 83, 2, '2017-01-22', 0),
(936, 84, 1, '2017-01-22', 0),
(937, 85, 0, '2017-01-22', 0),
(938, 86, 0, '2017-01-22', 0),
(939, 87, 0, '2017-01-22', 0),
(940, 88, 1, '2017-01-22', 0),
(941, 89, 1, '2017-01-22', 0),
(942, 90, 1, '2017-01-22', 0),
(943, 91, 2, '2017-01-22', 0),
(944, 92, 3, '2017-01-22', 0);

/*!40101 SET CHARACTER_SET_CLIENT=@OLD_CHARACTER_SET_CLIENT */;
/*!40101 SET CHARACTER_SET_RESULTS=@OLD_CHARACTER_SET_RESULTS */;
/*!40101 SET COLLATION_CONNECTION=@OLD_COLLATION_CONNECTION */;
